mes,par,valor,error_redondeo_pct,valor_en_disputa,apto_metricas,estado
1960-01,oro_m2_eeuu,118.2763246,0.0309,,no,dato
1960-02,oro_m2_eeuu,118.1970509,0.0309,,no,dato
1960-03,oro_m2_eeuu,117.8416305,0.0309,,no,dato
1960-04,oro_m2_eeuu,117.5274908,0.0308,,no,dato
1960-05,oro_m2_eeuu,117.2150216,0.0308,,no,dato
1960-06,oro_m2_eeuu,116.67218,0.0307,,no,dato
1960-07,oro_m2_eeuu,115.981585,0.0306,,no,dato
1960-08,oro_m2_eeuu,114.9234278,0.0305,,no,dato
1960-09,oro_m2_eeuu,114.3644617,0.0304,,no,dato
1960-10,oro_m2_eeuu,113.9579968,0.0303,,no,dato
1960-11,oro_m2_eeuu,113.4448376,0.0303,,no,dato
1960-12,oro_m2_eeuu,112.900128,0.0302,,no,dato
1961-01,oro_m2_eeuu,112.2254059,0.0301,,no,dato
1961-02,oro_m2_eeuu,111.3744076,0.03,,no,dato
1961-03,oro_m2_eeuu,110.7445806,0.0299,,no,dato
1961-04,oro_m2_eeuu,110.1906846,0.0298,,no,dato
1961-05,oro_m2_eeuu,109.4040968,0.0297,,no,dato
1961-06,oro_m2_eeuu,108.6956522,0.0296,,no,dato
1961-07,oro_m2_eeuu,108.2616708,0.0295,,no,dato
1961-08,oro_m2_eeuu,107.6007326,0.0294,,no,dato
1961-09,oro_m2_eeuu,106.9802731,0.0294,,no,dato
1961-10,oro_m2_eeuu,106.4633041,0.0293,,no,dato
1961-11,oro_m2_eeuu,105.7288542,0.0292,,no,dato
1961-12,oro_m2_eeuu,105.0670641,0.0291,,no,dato
1962-01,oro_m2_eeuu,104.3851852,0.029,,no,dato
1962-02,oro_m2_eeuu,103.5871802,0.0289,,no,dato
1962-03,oro_m2_eeuu,102.681434,0.0288,,no,dato
1962-04,oro_m2_eeuu,101.9681621,0.0287,,no,dato
1962-05,oro_m2_eeuu,101.381295,0.0286,,no,dato
1962-06,oro_m2_eeuu,100.8588606,0.0285,,no,dato
1962-07,oro_m2_eeuu,100.4275941,0.0284,,no,dato
1962-08,oro_m2_eeuu,99.85827664,0.0284,,no,dato
1962-09,oro_m2_eeuu,99.26739927,0.0283,,no,dato
1962-10,oro_m2_eeuu,98.62821948,0.0282,,no,dato
1962-11,oro_m2_eeuu,97.91550862,0.0281,,no,dato
1962-12,oro_m2_eeuu,97.13261649,0.028,,no,dato
1963-01,oro_m2_eeuu,96.08433735,0.0279,,no,dato
1963-02,oro_m2_eeuu,95.37917912,0.0278,,no,dato
1963-03,oro_m2_eeuu,94.65875371,0.0277,,no,dato
1963-04,oro_m2_eeuu,93.99946424,0.0276,,no,dato
1963-05,oro_m2_eeuu,93.29965435,0.0275,,no,dato
1963-06,oro_m2_eeuu,92.73255814,0.0275,,no,dato
1963-07,oro_m2_eeuu,92.07557072,0.0274,,no,dato
1963-08,oro_m2_eeuu,91.47549531,0.0273,,no,dato
1963-09,oro_m2_eeuu,90.90673575,0.0272,,no,dato
1963-10,oro_m2_eeuu,90.36827195,0.0271,,no,dato
1963-11,oro_m2_eeuu,89.62962963,0.027,,no,dato
1963-12,oro_m2_eeuu,89.24211597,0.027,,no,dato
1964-01,oro_m2_eeuu,88.81578947,0.1551,,no,dato
1964-02,oro_m2_eeuu,88.27967807,0.155,,no,dato
1964-03,oro_m2_eeuu,87.79389695,0.155,,no,dato
1964-04,oro_m2_eeuu,87.37864078,0.1549,,no,dato
1964-05,oro_m2_eeuu,86.83819891,0.1548,,no,dato
1964-06,oro_m2_eeuu,86.21960206,0.1547,,no,dato
1964-07,oro_m2_eeuu,85.58888076,0.1546,,no,dato
1964-08,oro_m2_eeuu,84.90566038,0.1545,,no,dato
1964-09,oro_m2_eeuu,84.192852,0.1544,,no,dato
1964-10,oro_m2_eeuu,83.75089477,0.1544,,no,dato
1964-11,oro_m2_eeuu,83.15565032,0.1543,,no,dato
1964-12,oro_m2_eeuu,82.62711864,0.1542,,no,dato
1965-01,oro_m2_eeuu,82.15204678,0.0259,,no,dato
1965-02,oro_m2_eeuu,81.59851301,0.0259,,no,dato
1965-03,oro_m2_eeuu,81.0710988,0.0258,,no,dato
1965-04,oro_m2_eeuu,80.64293915,0.0257,,no,dato
1965-05,oro_m2_eeuu,80.34774651,0.0257,,no,dato
1965-06,oro_m2_eeuu,79.80004544,0.0256,,no,dato
1965-07,oro_m2_eeuu,79.29555204,0.0255,,no,dato
1965-08,oro_m2_eeuu,78.77972185,0.0255,,no,dato
1965-09,oro_m2_eeuu,78.13125695,0.0254,,no,dato
1965-10,oro_m2_eeuu,77.59611136,0.0253,,no,dato
1965-11,oro_m2_eeuu,77.06824665,0.0252,,no,dato
1965-12,oro_m2_eeuu,76.48083624,0.0251,,no,dato
1966-01,oro_m2_eeuu,76.03896104,0.0251,,no,dato
1966-02,oro_m2_eeuu,75.61343091,0.025,,no,dato
1966-03,oro_m2_eeuu,75.19263699,0.0249,,no,dato
1966-04,oro_m2_eeuu,74.85616876,0.0249,,no,dato
1966-05,oro_m2_eeuu,74.72878111,0.0249,,no,dato
1966-06,oro_m2_eeuu,74.55432937,0.0248,,no,dato
1966-07,oro_m2_eeuu,74.61767205,0.0249,,no,dato
1966-08,oro_m2_eeuu,74.3334744,0.0248,,no,dato
1966-09,oro_m2_eeuu,73.89566681,0.0248,,no,dato
1966-10,oro_m2_eeuu,73.84906454,0.0247,,no,dato
1966-11,oro_m2_eeuu,73.60150849,0.0247,,no,dato
1966-12,oro_m2_eeuu,73.15701791,0.0246,,no,dato
1967-01,oro_m2_eeuu,72.57059801,0.0247,,no,dato
1967-02,oro_m2_eeuu,72.04700062,0.0246,,no,dato
1967-03,oro_m2_eeuu,71.37022667,0.0245,,no,dato
1967-04,oro_m2_eeuu,71.02214997,0.0245,,no,dato
1967-05,oro_m2_eeuu,70.29364441,0.0244,,no,dato
1967-06,oro_m2_eeuu,69.62151394,0.0243,,no,dato
1967-07,oro_m2_eeuu,69.03021924,0.0242,,no,dato
1967-08,oro_m2_eeuu,68.42208301,0.0241,,no,dato
1967-09,oro_m2_eeuu,67.90363318,0.024,,no,dato
1967-10,oro_m2_eeuu,67.44500193,0.024,,no,dato
1967-11,oro_m2_eeuu,67.05679202,0.0239,,no,dato
1967-12,oro_m2_eeuu,66.59679878,0.0238,,no,dato
1968-01,oro_m2_eeuu,67.31133864,0.1503,,no,dato
1968-02,oro_m2_eeuu,67.87330317,1.3983,,no,dato
1968-03,oro_m2_eeuu,69.39234809,1.3607,,no,dato
1968-04,oro_m2_eeuu,70.67388464,0.0225,,sí,dato
1968-05,oro_m2_eeuu,75.524216,0.1321,,sí,dato
1968-06,oro_m2_eeuu,75.82012532,0.0214,,sí,dato
1968-07,oro_m2_eeuu,72.32404692,0.0218,,sí,dato
1968-08,oro_m2_eeuu,71.33236258,0.0219,,sí,dato
1968-09,oro_m2_eeuu,72.59259259,0.0215,,sí,dato
1968-10,oro_m2_eeuu,70.31922525,0.0217,,sí,dato
1968-11,oro_m2_eeuu,70.73257468,0.0215,,sí,dato
1968-12,oro_m2_eeuu,72.46427941,0.021,,sí,dato
1969-01,oro_m2_eeuu,74.30177411,0.127,,sí,dato
1969-02,oro_m2_eeuu,74.48854695,0.1261,,sí,dato
1969-03,oro_m2_eeuu,75.13927577,0.0203,,sí,dato
1969-04,oro_m2_eeuu,75.23015459,0.0202,,sí,dato
1969-05,oro_m2_eeuu,75.3859497,0.0202,,sí,dato
1969-06,oro_m2_eeuu,71.633535,0.0207,,sí,dato
1969-07,oro_m2_eeuu,72.06212252,0.0206,,sí,dato
1969-08,oro_m2_eeuu,70.83261507,0.0208,,sí,dato
1969-09,oro_m2_eeuu,70.2113039,0.0208,,sí,dato
1969-10,oro_m2_eeuu,69.31779225,0.0209,,sí,dato
1969-11,oro_m2_eeuu,63.88793987,0.1422,,sí,dato
1969-12,oro_m2_eeuu,59.82309917,0.0227,,sí,dato
1970-01,oro_m2_eeuu,59.2605156,0.0228,,sí,dato
1970-02,oro_m2_eeuu,59.67934505,0.0228,,sí,dato
1970-03,oro_m2_eeuu,59.74799932,0.0228,,sí,dato
1970-04,oro_m2_eeuu,60.53704963,0.0225,,sí,dato
1970-05,oro_m2_eeuu,60.77768385,0.0224,,sí,dato
1970-06,oro_m2_eeuu,59.5094086,0.0225,,sí,dato
1970-07,oro_m2_eeuu,58.95509932,0.0225,,sí,dato
1970-08,oro_m2_eeuu,58.48900645,0.0224,,sí,dato
1970-09,oro_m2_eeuu,59.21138743,0.022,,sí,dato
1970-10,oro_m2_eeuu,60.86956522,0.0214,,sí,dato
1970-11,oro_m2_eeuu,60.28014812,0.0214,,sí,dato
1970-12,oro_m2_eeuu,59.75103734,0.0213,,sí,dato
1971-01,oro_m2_eeuu,59.84202212,0.0211,,sí,dato
1971-02,oro_m2_eeuu,60.43681747,0.0207,,sí,dato
1971-03,oro_m2_eeuu,59.80920142,0.0206,,sí,dato
1971-04,oro_m2_eeuu,59.24969623,0.0204,,sí,dato
1971-05,oro_m2_eeuu,60.77696115,0.0198,,sí,dato
1971-06,oro_m2_eeuu,59.58395245,0.1321,,sí,dato
1971-07,oro_m2_eeuu,60.25603296,0.0196,,sí,dato
1971-08,oro_m2_eeuu,62.30488694,0.019,,sí,dato
1971-09,oro_m2_eeuu,60.69314079,0.0191,,sí,dato
1971-10,oro_m2_eeuu,60.85337915,0.1248,,sí,dato
1971-11,oro_m2_eeuu,60.82883906,0.0188,,sí,dato
1971-12,oro_m2_eeuu,61.21357173,0.0185,,sí,dato
1972-01,oro_m2_eeuu,63.74529748,0.0179,,sí,dato
1972-02,oro_m2_eeuu,66.50130908,0.0173,,sí,dato
1972-03,oro_m2_eeuu,65.88957055,0.0172,,sí,dato
1972-04,oro_m2_eeuu,66.40032503,0.017,,sí,dato
1972-05,oro_m2_eeuu,73.48311583,0.0159,,sí,dato
1972-06,oro_m2_eeuu,82.81979458,0.0147,,sí,dato
1972-07,oro_m2_eeuu,86.4516129,0.0142,,sí,dato
1972-08,oro_m2_eeuu,87.19916743,0.014,,sí,dato
1972-09,oro_m2_eeuu,84.10638571,0.0141,,sí,dato
1972-10,oro_m2_eeuu,82.42470454,0.0141,,sí,dato
1972-11,oro_m2_eeuu,79.2417181,0.0142,,sí,dato
1972-12,oro_m2_eeuu,79.65848186,0.0141,,sí,dato
1973-01,oro_m2_eeuu,80.38997902,0.0138,,sí,dato
1973-02,oro_m2_eeuu,91.14359415,0.0735,,sí,dato
1973-03,oro_m2_eeuu,103.4833804,0.0121,,sí,dato
1973-04,oro_m2_eeuu,110.4062462,0.0613,,sí,dato
1973-05,oro_m2_eeuu,123.3188195,0.011,,sí,dato
1973-06,oro_m2_eeuu,144.1670667,0.0102,,sí,dato
1973-07,oro_m2_eeuu,143.6580992,0.0101,,sí,dato
1973-08,oro_m2_eeuu,127.2770625,0.0106,,sí,dato
1973-09,oro_m2_eeuu,122.6855713,0.0108,,sí,dato
1973-10,oro_m2_eeuu,118.7752196,0.0109,,sí,dato
1973-11,oro_m2_eeuu,111.8152904,0.0112,,sí,dato
1973-12,oro_m2_eeuu,124.7457627,0.0105,,sí,dato
1974-01,oro_m2_eeuu,150.2733512,0.0097,,sí,dato
1974-02,oro_m2_eeuu,173.7213608,0.0091,,sí,dato
1974-03,oro_m2_eeuu,193.5639582,0.0087,,sí,dato
1974-04,oro_m2_eeuu,197.3192806,0.0086,,sí,dato
1974-05,oro_m2_eeuu,186.679625,0.0088,,sí,dato
1974-06,oro_m2_eeuu,175.5525177,0.0381,,sí,dato
1974-07,oro_m2_eeuu,162.2191967,0.0092,,sí,dato
1974-08,oro_m2_eeuu,174.9123402,0.0089,,sí,dato
1974-09,oro_m2_eeuu,170.9088861,0.0089,,sí,dato
1974-10,oro_m2_eeuu,177.7454383,0.0087,,sí,dato
1974-11,oro_m2_eeuu,202.1589139,0.0083,,sí,dato
1974-12,oro_m2_eeuu,203.7246425,0.0083,,sí,dato
1975-01,oro_m2_eeuu,194.4940969,0.0084,,sí,dato
1975-02,oro_m2_eeuu,196.4774095,0.0333,,sí,dato
1975-03,oro_m2_eeuu,192.6054054,0.0082,,sí,dato
1975-04,oro_m2_eeuu,181.6276334,0.0083,,sí,dato
1975-05,oro_m2_eeuu,176.5903576,0.0083,,sí,dato
1975-06,oro_m2_eeuu,170.5503634,0.0082,,sí,dato
1975-07,oro_m2_eeuu,169.3877551,0.0082,,sí,dato
1975-08,oro_m2_eeuu,165.8020547,0.3118,,sí,dato
1975-09,oro_m2_eeuu,145.4059506,0.0085,,sí,dato
1975-10,oro_m2_eeuu,143.1048306,0.0085,,sí,dato
1975-11,oro_m2_eeuu,141.4299901,0.0085,,sí,dato
1975-12,oro_m2_eeuu,137.065827,0.0408,,sí,dato
1976-01,oro_m2_eeuu,127.6419597,0.0087,,sí,dato
1976-02,oro_m2_eeuu,125.9828896,0.0086,,sí,dato
1976-03,oro_m2_eeuu,126.4501381,0.0085,,sí,dato
1976-04,oro_m2_eeuu,120.607089,0.0086,,sí,dato
1976-05,oro_m2_eeuu,118.3844791,0.0086,,sí,dato
1976-06,oro_m2_eeuu,116.6573868,0.0086,,sí,dato
1976-07,oro_m2_eeuu,108.3770597,0.0088,,sí,dato
1976-08,oro_m2_eeuu,100.05461,0.0091,,sí,dato
1976-09,oro_m2_eeuu,102.7637739,0.0089,,sí,dato
1976-10,oro_m2_eeuu,103.2444444,0.0087,,sí,dato
1976-11,oro_m2_eeuu,114.6095054,0.0082,,sí,dato
1976-12,oro_m2_eeuu,116.2485895,0.0081,,sí,dato
1977-01,oro_m2_eeuu,113.5084106,0.0081,,sí,dato
1977-02,oro_m2_eeuu,115.7027601,0.0079,,sí,dato
1977-03,oro_m2_eeuu,124.7307304,0.0076,,sí,dato
1977-04,oro_m2_eeuu,124.3497833,0.0075,,sí,dato
1977-05,oro_m2_eeuu,121.2655087,0.0075,,sí,dato
1977-06,oro_m2_eeuu,115.6019051,0.0077,,sí,dato
1977-07,oro_m2_eeuu,116.8813172,0.0076,,sí,dato
1977-08,oro_m2_eeuu,117.1611026,0.0075,,sí,dato
1977-09,oro_m2_eeuu,119.9791382,0.0074,,sí,dato
1977-10,oro_m2_eeuu,126.754386,0.0071,,sí,dato
1977-11,oro_m2_eeuu,128.4062104,0.0348,,sí,dato
1977-12,oro_m2_eeuu,126.2988035,0.0071,,sí,dato
1978-01,oro_m2_eeuu,135.3285926,0.0068,,sí,dato
1978-02,oro_m2_eeuu,138.5872102,0.0067,,sí,dato
1978-03,oro_m2_eeuu,142.1020045,0.0066,,sí,dato
1978-04,oro_m2_eeuu,134.7996616,0.0067,,sí,dato
1978-05,oro_m2_eeuu,134.5364365,0.0067,,sí,dato
1978-06,oro_m2_eeuu,139.3629124,0.0065,,sí,dato
1978-07,oro_m2_eeuu,142.5237879,0.0064,,sí,dato
1978-08,oro_m2_eeuu,154.7056618,0.028,,sí,dato
1978-09,oro_m2_eeuu,157.6685748,0.0061,,sí,dato
1978-10,oro_m2_eeuu,168.1750961,0.0059,,sí,dato
1978-11,oro_m2_eeuu,151.7068864,0.0279,,sí,dato
1978-12,oro_m2_eeuu,152.1484518,0.0061,,sí,dato
1979-01,oro_m2_eeuu,165.704287,0.0058,,sí,dato
1979-02,oro_m2_eeuu,178.3189374,0.0057,,sí,dato
1979-03,oro_m2_eeuu,174.4253081,0.0057,,sí,dato
1979-04,oro_m2_eeuu,170.5370516,0.0057,,sí,dato
1979-05,oro_m2_eeuu,182.6620338,0.0055,,sí,dato
1979-06,oro_m2_eeuu,196.113844,0.0053,,sí,dato
1979-07,oro_m2_eeuu,205.4223585,0.0052,,sí,dato
1979-08,oro_m2_eeuu,207.9496751,0.0051,,sí,dato
1979-09,oro_m2_eeuu,244.0860954,0.0048,,sí,dato
1979-10,oro_m2_eeuu,268.1867981,0.0047,,sí,dato
1979-11,oro_m2_eeuu,267.4056893,0.0047,,sí,dato
1979-12,oro_m2_eeuu,308.7590746,0.0045,,sí,dato
1980-01,oro_m2_eeuu,455.4596345,0.0041,,sí,dato
1980-02,oro_m2_eeuu,445.2087794,0.0041,,sí,dato
1980-03,oro_m2_eeuu,369.1271588,0.0042,,sí,dato
1980-04,oro_m2_eeuu,344.4348289,0.0043,,sí,dato
1980-05,oro_m2_eeuu,339.7249405,0.013,,sí,dato
1980-06,oro_m2_eeuu,392.8328538,0.0041,,sí,dato
1980-07,oro_m2_eeuu,416.2212876,0.004,,sí,dato
1980-08,oro_m2_eeuu,401.6330451,0.004,,sí,dato
1980-09,oro_m2_eeuu,427.9733164,0.0039,,sí,dato
1980-10,oro_m2_eeuu,417.2083044,0.0039,,sí,dato
1980-11,oro_m2_eeuu,391.5334963,0.0039,,sí,dato
1980-12,oro_m2_eeuu,336.4335271,0.0041,,sí,dato
1981-01,oro_m2_eeuu,346.8512757,0.004,,sí,dato
1981-02,oro_m2_eeuu,308.7606574,0.0041,,sí,dato
1981-03,oro_m2_eeuu,304.9862511,0.0041,,sí,dato
1981-04,oro_m2_eeuu,298.8187078,0.0131,,sí,dato
1981-05,oro_m2_eeuu,288.2292856,0.0134,,sí,dato
1981-06,oro_m2_eeuu,276.0356801,0.0041,,sí,dato
1981-07,oro_m2_eeuu,243.2189785,0.0042,,sí,dato
1981-08,oro_m2_eeuu,242.0822759,0.0042,,sí,dato
1981-09,oro_m2_eeuu,260.1113716,0.0041,,sí,dato
1981-10,oro_m2_eeuu,254.2603241,0.004,,sí,dato
1981-11,oro_m2_eeuu,238.1163594,0.0041,,sí,dato
1981-12,oro_m2_eeuu,233.6029621,0.0041,,sí,dato
1982-01,oro_m2_eeuu,216.9792137,0.0041,,sí,dato
1982-02,oro_m2_eeuu,210.8487376,0.0042,,sí,dato
1982-03,oro_m2_eeuu,184.8690103,0.0043,,sí,dato
1982-04,oro_m2_eeuu,194.1796009,0.017,,sí,dato
1982-05,oro_m2_eeuu,183.7913752,0.0043,,sí,dato
1982-06,oro_m2_eeuu,172.4783704,0.0043,,sí,dato
1982-07,oro_m2_eeuu,185.0677004,0.0042,,sí,dato
1982-08,oro_m2_eeuu,197.4039347,0.0041,,sí,dato
1982-09,oro_m2_eeuu,235.3279879,0.0038,,sí,dato
1982-10,oro_m2_eeuu,225.8211191,0.0039,,sí,dato
1982-11,oro_m2_eeuu,220.2877774,0.0039,,sí,dato
1982-12,oro_m2_eeuu,233.2231492,0.0139,,sí,dato
1983-01,oro_m2_eeuu,245.6313157,0.0036,,sí,dato
1983-02,oro_m2_eeuu,245.9508189,0.0035,,sí,dato
1983-03,oro_m2_eeuu,208.2671695,0.0144,,sí,dato
1983-04,oro_m2_eeuu,213.3569915,0.0036,,sí,dato
1983-05,oro_m2_eeuu,214.3325504,0.0036,,sí,dato
1983-06,oro_m2_eeuu,201.0127568,0.0036,,sí,dato
1983-07,oro_m2_eeuu,195.1232505,0.0037,,sí,dato
1983-08,oro_m2_eeuu,200.6847003,0.0144,,sí,dato
1983-09,oro_m2_eeuu,197.6956313,0.0145,,sí,dato
1983-10,oro_m2_eeuu,187.5357347,0.0151,,sí,dato
1983-11,oro_m2_eeuu,180.7377243,0.0155,,sí,dato
1983-12,oro_m2_eeuu,182.8859376,0.0036,,sí,dato
1984-01,oro_m2_eeuu,173.4752105,0.0037,,sí,dato
1984-02,oro_m2_eeuu,178.8342137,0.0036,,sí,dato
1984-03,oro_m2_eeuu,181.2439663,0.0036,,sí,dato
1984-04,oro_m2_eeuu,173.9747274,0.0036,,sí,dato
1984-05,oro_m2_eeuu,171.1719884,0.0155,,sí,dato
1984-06,oro_m2_eeuu,170.4730096,0.0155,,sí,dato
1984-07,oro_m2_eeuu,156.372549,0.0037,,sí,dato
1984-08,oro_m2_eeuu,155.9053,0.0166,,sí,dato
1984-09,oro_m2_eeuu,151.5907673,0.0169,,sí,dato
1984-10,oro_m2_eeuu,150.9918526,0.1488,,sí,dato
1984-11,oro_m2_eeuu,149.9408128,0.1484,,sí,dato
1984-12,oro_m2_eeuu,138.5509257,0.0037,,sí,dato
1985-01,oro_m2_eeuu,129.8357703,0.0038,,sí,dato
1985-02,oro_m2_eeuu,127.0657207,0.0188,,sí,dato
1985-03,oro_m2_eeuu,132.4853146,0.0181,oro,no,dato
1985-04,oro_m2_eeuu,137.5536661,0.0174,,sí,dato
1985-05,oro_m2_eeuu,132.1954485,0.1603,,sí,dato
1985-06,oro_m2_eeuu,131.1482203,0.0179,,sí,dato
1985-07,oro_m2_eeuu,130.5564702,0.0178,,sí,dato
1985-08,oro_m2_eeuu,135.1937477,0.0172,,sí,dato
1985-09,oro_m2_eeuu,131.6464457,0.0036,,sí,dato
1985-10,oro_m2_eeuu,132.051386,0.0036,,sí,dato
1985-11,oro_m2_eeuu,129.7783878,0.0176,oro,no,dato
1985-12,oro_m2_eeuu,129.1733547,0.0175,,sí,dato
1986-01,oro_m2_eeuu,138.903102,0.0034,oro,no,dato
1986-02,oro_m2_eeuu,134.881592,0.0035,,sí,dato
1986-03,oro_m2_eeuu,136.4730962,0.0164,,sí,dato
1986-04,oro_m2_eeuu,133.0831476,0.0034,,sí,dato
1986-05,oro_m2_eeuu,132.4206211,0.0165,,sí,dato
1986-06,oro_m2_eeuu,131.5193614,0.0165,,sí,dato
1986-07,oro_m2_eeuu,132.6201173,0.0033,,sí,dato
1986-08,oro_m2_eeuu,142.3238239,0.0032,,sí,dato
1986-09,oro_m2_eeuu,156.5763334,0.0031,,sí,dato
1986-10,oro_m2_eeuu,157.6085743,0.003,,sí,dato
1986-11,oro_m2_eeuu,147.1899297,0.0031,,sí,dato
1986-12,oro_m2_eeuu,143.2991202,0.0031,,sí,dato
1987-01,oro_m2_eeuu,148.8207633,0.003,,sí,dato
1987-02,oro_m2_eeuu,146.0211139,0.0031,,sí,dato
1987-03,oro_m2_eeuu,148.5055384,0.003,,sí,dato
1987-04,oro_m2_eeuu,158.3748826,0.0029,,sí,dato
1987-05,oro_m2_eeuu,165.9263799,0.0029,,sí,dato
1987-06,oro_m2_eeuu,161.9969012,0.0029,,sí,dato
1987-07,oro_m2_eeuu,162.115869,0.0029,,sí,dato
1987-08,oro_m2_eeuu,165.3875121,0.0029,,sí,dato
1987-09,oro_m2_eeuu,164.4449207,0.0029,,sí,dato
1987-10,oro_m2_eeuu,165.3284542,0.0029,,sí,dato
1987-11,oro_m2_eeuu,165.8696655,0.0028,,sí,dato
1987-12,oro_m2_eeuu,172.0168394,0.0028,,sí,dato
1988-01,oro_m2_eeuu,167.4031403,0.0028,,sí,dato
1988-02,oro_m2_eeuu,154.0528297,0.0029,,sí,dato
1988-03,oro_m2_eeuu,153.4876479,0.0029,,sí,dato
1988-04,oro_m2_eeuu,155.1504948,0.0028,,sí,dato
1988-05,oro_m2_eeuu,154.1276567,0.0028,,sí,dato
1988-06,oro_m2_eeuu,153.5658387,0.0028,,sí,dato
1988-07,oro_m2_eeuu,148.4900923,0.0028,,sí,dato
1988-08,oro_m2_eeuu,146.092612,0.0029,,sí,dato
1988-09,oro_m2_eeuu,139.8146896,0.0029,,sí,dato
1988-10,oro_m2_eeuu,137.1754232,0.0029,,sí,dato
1988-11,oro_m2_eeuu,140.9824514,0.0029,,sí,dato
1988-12,oro_m2_eeuu,140.2067719,0.0029,,sí,dato
1989-01,oro_m2_eeuu,135.0661942,0.0029,,sí,dato
1989-02,oro_m2_eeuu,129.5500134,0.003,,sí,dato
1989-03,oro_m2_eeuu,130.0977025,0.0029,,sí,dato
1989-04,oro_m2_eeuu,127.8988521,0.0147,,sí,dato
1989-05,oro_m2_eeuu,123.1864812,0.003,,sí,dato
1989-06,oro_m2_eeuu,121.3762134,0.0153,,sí,dato
1989-07,oro_m2_eeuu,122.8632269,0.003,,sí,dato
1989-08,oro_m2_eeuu,118.7601639,0.003,,sí,dato
1989-09,oro_m2_eeuu,116.9614278,0.003,,sí,dato
1989-10,oro_m2_eeuu,117.8049642,0.003,,sí,dato
1989-11,oro_m2_eeuu,125.8169517,0.0029,,sí,dato
1989-12,oro_m2_eeuu,129.8249508,0.0028,,sí,dato
1990-01,oro_m2_eeuu,129.5234185,0.0028,,sí,dato
1990-02,oro_m2_eeuu,131.1465609,0.0028,,sí,dato
1990-03,oro_m2_eeuu,123.2472093,0.0028,,sí,dato
1990-04,oro_m2_eeuu,116.9061602,0.0029,,sí,dato
1990-05,oro_m2_eeuu,115.281292,0.0029,,sí,dato
1990-06,oro_m2_eeuu,109.603061,0.003,,sí,dato
1990-07,oro_m2_eeuu,112.422861,0.0029,,sí,dato
1990-08,oro_m2_eeuu,121.751334,0.0028,,sí,dato
1990-09,oro_m2_eeuu,119.6177835,0.0028,,sí,dato
1990-10,oro_m2_eeuu,116.8200785,0.0028,,sí,dato
1990-11,oro_m2_eeuu,116.9946059,0.0028,,sí,dato
1990-12,oro_m2_eeuu,115.1871658,0.0029,,sí,dato
1991-01,oro_m2_eeuu,116.7001278,0.0028,,sí,dato
1991-02,oro_m2_eeuu,110.1313718,0.0029,,sí,dato
1991-03,oro_m2_eeuu,109.4068052,0.0029,,sí,dato
1991-04,oro_m2_eeuu,107.5602509,0.0029,,sí,dato
1991-05,oro_m2_eeuu,106.7561909,0.0029,,sí,dato
1991-06,oro_m2_eeuu,109.3772369,0.0029,,sí,dato
1991-07,oro_m2_eeuu,109.5554496,0.0028,,sí,dato
1991-08,oro_m2_eeuu,106.2026826,0.0029,,sí,dato
1991-09,oro_m2_eeuu,103.9463487,0.0029,,sí,dato
1991-10,oro_m2_eeuu,106.7529762,0.0029,,sí,dato
1991-11,oro_m2_eeuu,107.0087349,0.0029,,sí,dato
1991-12,oro_m2_eeuu,107.2428106,0.0029,,sí,dato
1992-01,oro_m2_eeuu,104.8389482,0.0029,,sí,dato
1992-02,oro_m2_eeuu,104.1126114,0.0029,,sí,dato
1992-03,oro_m2_eeuu,101.1842144,0.0029,,sí,dato
1992-04,oro_m2_eeuu,99.61755707,0.0029,,sí,dato
1992-05,oro_m2_eeuu,99.21449796,0.003,,sí,dato
1992-06,oro_m2_eeuu,100.415439,0.0029,,sí,dato
1992-07,oro_m2_eeuu,103.9276349,0.0029,,sí,dato
1992-08,oro_m2_eeuu,100.9385942,0.0029,,sí,dato
1992-09,oro_m2_eeuu,101.287239,0.0029,,sí,dato
1992-10,oro_m2_eeuu,100.5812086,0.0029,,sí,dato
1992-11,oro_m2_eeuu,97.76182556,0.003,,sí,dato
1992-12,oro_m2_eeuu,97.74910227,0.003,,sí,dato
1993-01,oro_m2_eeuu,96.23270643,0.003,,sí,dato
1993-02,oro_m2_eeuu,96.46435058,0.003,,sí,dato
1993-03,oro_m2_eeuu,96.77211293,0.003,,sí,dato
1993-04,oro_m2_eeuu,100.3166505,0.0029,,sí,dato
1993-05,oro_m2_eeuu,106.816,0.0028,,sí,dato
1993-06,oro_m2_eeuu,108.0227728,0.0028,,sí,dato
1993-07,oro_m2_eeuu,113.9457858,0.0027,,sí,dato
1993-08,oro_m2_eeuu,109.9489204,0.0028,,sí,dato
1993-09,oro_m2_eeuu,102.9021607,0.0029,,sí,dato
1993-10,oro_m2_eeuu,105.3487228,0.0028,,sí,dato
1993-11,oro_m2_eeuu,107.7102602,0.0028,,sí,dato
1993-12,oro_m2_eeuu,110.3021583,0.0145,,sí,dato
1994-01,oro_m2_eeuu,111.3387821,0.0027,,sí,dato
1994-02,oro_m2_eeuu,109.8989957,0.0027,,sí,dato
1994-03,oro_m2_eeuu,110.407565,0.0027,,sí,dato
1994-04,oro_m2_eeuu,108.3953455,0.0028,,sí,dato
1994-05,oro_m2_eeuu,109.248439,0.0027,,sí,dato
1994-06,oro_m2_eeuu,110.8224611,0.0027,,sí,dato
1994-07,oro_m2_eeuu,110.5157536,0.0027,,sí,dato
1994-08,oro_m2_eeuu,109.1232499,0.0027,,sí,dato
1994-09,oro_m2_eeuu,112.3067657,0.0027,,sí,dato
1994-10,oro_m2_eeuu,111.8485996,0.0027,,sí,dato
1994-11,oro_m2_eeuu,110.2098744,0.0027,,sí,dato
1994-12,oro_m2_eeuu,108.7819428,0.0028,,sí,dato
1995-01,oro_m2_eeuu,108.3987171,0.0028,,sí,dato
1995-02,oro_m2_eeuu,107.9445145,0.0028,,sí,dato
1995-03,oro_m2_eeuu,109.4931087,0.0027,,sí,dato
1995-04,oro_m2_eeuu,111.7803442,0.0027,,sí,dato
1995-05,oro_m2_eeuu,109.2791694,0.0027,,sí,dato
1995-06,oro_m2_eeuu,109.1902857,0.0027,,sí,dato
1995-07,oro_m2_eeuu,108.2634898,0.0027,,sí,dato
1995-08,oro_m2_eeuu,106.9046226,0.0027,,sí,dato
1995-09,oro_m2_eeuu,106.319909,0.0027,,sí,dato
1995-10,oro_m2_eeuu,106.0125619,0.0027,,sí,dato
1995-11,oro_m2_eeuu,106.4274666,0.0027,,sí,dato
1995-12,oro_m2_eeuu,106.7386633,0.0027,,sí,dato
1996-01,oro_m2_eeuu,109.5163678,0.0026,,sí,dato
1996-02,oro_m2_eeuu,110.5659965,0.0026,,sí,dato
1996-03,oro_m2_eeuu,107.5080046,0.0026,,sí,dato
1996-04,oro_m2_eeuu,106.2790824,0.0026,,sí,dato
1996-05,oro_m2_eeuu,105.6215808,0.0026,,sí,dato
1996-06,oro_m2_eeuu,103.4754116,0.0026,,sí,dato
1996-07,oro_m2_eeuu,102.6006689,0.0026,,sí,dato
1996-08,oro_m2_eeuu,103.4561043,0.0026,,sí,dato
1996-09,oro_m2_eeuu,102.0563635,0.0026,,sí,dato
1996-10,oro_m2_eeuu,100.9884984,0.0026,,sí,dato
1996-11,oro_m2_eeuu,99.55210117,0.0026,,sí,dato
1996-12,oro_m2_eeuu,96.62974311,0.1368,,sí,dato
1997-01,oro_m2_eeuu,92.62128326,0.0027,,sí,dato
1997-02,oro_m2_eeuu,90.13784135,0.0027,,sí,dato
1997-03,oro_m2_eeuu,91.1542946,0.0027,,sí,dato
1997-04,oro_m2_eeuu,88.87713504,0.0027,,sí,dato
1997-05,oro_m2_eeuu,88.37938568,0.0027,,sí,dato
1997-06,oro_m2_eeuu,87.21558189,0.0027,,sí,dato
1997-07,oro_m2_eeuu,82.57535224,0.0167,,sí,dato
1997-08,oro_m2_eeuu,81.86825682,0.0028,,sí,dato
1997-09,oro_m2_eeuu,81.23914739,0.0028,oro,no,dato
1997-10,oro_m2_eeuu,81.36599294,0.0028,,sí,dato
1997-11,oro_m2_eeuu,76.2241594,0.0029,,sí,dato
1997-12,oro_m2_eeuu,71.59434664,0.003,,sí,dato
1998-01,oro_m2_eeuu,71.29118169,0.0185,,sí,dato
1998-02,oro_m2_eeuu,72.78398943,0.0029,,sí,dato
1998-03,oro_m2_eeuu,71.96284408,0.0029,,sí,dato
1998-04,oro_m2_eeuu,74.48597453,0.0028,,sí,dato
1998-05,oro_m2_eeuu,71.79721069,0.0179,,sí,dato
1998-06,oro_m2_eeuu,69.83944954,0.0029,,sí,dato
1998-07,oro_m2_eeuu,69.64141342,0.0029,,sí,dato
1998-08,oro_m2_eeuu,67.17660133,0.0029,,sí,dato
1998-09,oro_m2_eeuu,67.70376965,0.0029,,sí,dato
1998-10,oro_m2_eeuu,68.68994011,0.0029,,sí,dato
1998-11,oro_m2_eeuu,67.6635686,0.0029,,sí,dato
1998-12,oro_m2_eeuu,66.66209576,0.0029,,sí,dato
1999-01,oro_m2_eeuu,65.22025581,0.0029,,sí,dato
1999-02,oro_m2_eeuu,64.9524154,0.0029,,sí,dato
1999-03,oro_m2_eeuu,64.54933297,0.0029,,sí,dato
1999-04,oro_m2_eeuu,63.36913384,0.0029,,sí,dato
1999-05,oro_m2_eeuu,61.5967379,0.0029,,sí,dato
1999-06,oro_m2_eeuu,57.93884836,0.003,,sí,dato
1999-07,oro_m2_eeuu,56.43511989,0.0031,,sí,dato
1999-08,oro_m2_eeuu,56.37078356,0.003,,sí,dato
1999-09,oro_m2_eeuu,57.93631688,0.003,,sí,dato
1999-10,oro_m2_eeuu,67.65224586,0.0027,,sí,dato
1999-11,oro_m2_eeuu,63.57032893,0.0028,,sí,dato
1999-12,oro_m2_eeuu,61.01830096,0.0028,,sí,dato
2000-01,oro_m2_eeuu,60.93311331,0.0028,,sí,dato
2000-02,oro_m2_eeuu,64.09045248,0.0027,,sí,dato
2000-03,oro_m2_eeuu,60.81629186,0.0028,,sí,dato
2000-04,oro_m2_eeuu,58.67950655,0.0028,,sí,dato
2000-05,oro_m2_eeuu,57.84340515,0.0029,oro,no,dato
2000-06,oro_m2_eeuu,59.8287198,0.0028,,sí,dato
2000-07,oro_m2_eeuu,58.7453582,0.0028,,sí,dato
2000-08,oro_m2_eeuu,56.93925815,0.0029,,sí,dato
2000-09,oro_m2_eeuu,56.36030396,0.0029,,sí,dato
2000-10,oro_m2_eeuu,55.42554502,0.1862,,sí,dato
2000-11,oro_m2_eeuu,54.48121902,0.0029,,sí,dato
2000-12,oro_m2_eeuu,55.09102348,0.0029,,sí,dato
2001-01,oro_m2_eeuu,53.34552323,0.0029,,sí,dato
2001-02,oro_m2_eeuu,52.2183892,0.0029,,sí,dato
2001-03,oro_m2_eeuu,51.85718229,0.0029,,sí,dato
2001-04,oro_m2_eeuu,50.69775589,0.0029,,sí,dato
2001-05,oro_m2_eeuu,52.99760658,0.0028,,sí,dato
2001-06,oro_m2_eeuu,52.14480057,0.0028,,sí,dato
2001-07,oro_m2_eeuu,51.32962394,0.0028,,sí,dato
2001-08,oro_m2_eeuu,51.93921135,0.0028,,sí,dato
2001-09,oro_m2_eeuu,52.91734349,0.0027,,sí,dato
2001-10,oro_m2_eeuu,52.96781437,0.0027,,sí,dato
2001-11,oro_m2_eeuu,51.25939675,0.0027,,sí,dato
2001-12,oro_m2_eeuu,50.70678848,0.0027,,sí,dato
2002-01,oro_m2_eeuu,51.56238552,0.0027,,sí,dato
2002-02,oro_m2_eeuu,53.84082793,0.0178,,sí,dato
2002-03,oro_m2_eeuu,53.46739881,0.0026,,sí,dato
2002-04,oro_m2_eeuu,55.01972261,0.0026,,sí,dato
2002-05,oro_m2_eeuu,56.86877272,0.0025,,sí,dato
2002-06,oro_m2_eeuu,57.81505949,0.0025,,sí,dato
2002-07,oro_m2_eeuu,55.96862941,0.0025,,sí,dato
2002-08,oro_m2_eeuu,55.02527268,0.0025,,sí,dato
2002-09,oro_m2_eeuu,56.35628388,0.0024,,sí,dato
2002-10,oro_m2_eeuu,55.46580695,0.0025,,sí,dato
2002-11,oro_m2_eeuu,55.41333796,0.0024,,sí,dato
2002-12,oro_m2_eeuu,57.43554248,0.0024,,sí,dato
2003-01,oro_m2_eeuu,61.40988797,0.001,,sí,dato
2003-02,oro_m2_eeuu,61.39597729,0.0022,,sí,dato
2003-03,oro_m2_eeuu,58.0519237,0.0023,,sí,dato
2003-04,oro_m2_eeuu,55.57757117,0.0024,,sí,dato
2003-05,oro_m2_eeuu,59.6083459,0.001,,sí,dato
2003-06,oro_m2_eeuu,59.35342028,0.001,,sí,dato
2003-07,oro_m2_eeuu,58.01599894,0.0023,,sí,dato
2003-08,oro_m2_eeuu,58.91075815,0.001,,sí,dato
2003-09,oro_m2_eeuu,62.32648026,0.001,,sí,dato
2003-10,oro_m2_eeuu,62.42298442,0.0021,,sí,dato
2003-11,oro_m2_eeuu,64.17743396,0.0021,,sí,dato
2003-12,oro_m2_eeuu,67.00469252,0.0009,,sí,dato
2004-01,oro_m2_eeuu,68.04268824,0.0009,,sí,dato
2004-02,oro_m2_eeuu,66.14896989,0.0009,,sí,dato
2004-03,oro_m2_eeuu,66.05704725,0.0009,,sí,dato
2004-04,oro_m2_eeuu,65.05767524,0.002,,sí,dato
2004-05,oro_m2_eeuu,61.13856497,0.0009,,sí,dato
2004-06,oro_m2_eeuu,62.48674215,0.0009,,sí,dato
2004-07,oro_m2_eeuu,63.26637319,0.0009,,sí,dato
2004-08,oro_m2_eeuu,63.39490637,0.002,,sí,dato
2004-09,oro_m2_eeuu,63.79972608,0.0009,,sí,dato
2004-10,oro_m2_eeuu,65.90448126,0.0009,,sí,dato
2004-11,oro_m2_eeuu,68.58483056,0.0009,,sí,dato
2004-12,oro_m2_eeuu,68.81356724,0.0009,,sí,dato
2005-01,oro_m2_eeuu,65.94659326,0.002,,sí,dato
2005-02,oro_m2_eeuu,65.76106373,0.002,,sí,dato
2005-03,oro_m2_eeuu,67.29904136,0.0019,,sí,dato
2005-04,oro_m2_eeuu,66.43034017,0.0009,,sí,dato
2005-05,oro_m2_eeuu,65.09783045,0.0009,,sí,dato
2005-06,oro_m2_eeuu,66.1206473,0.0009,,sí,dato
2005-07,oro_m2_eeuu,64.85447128,0.0009,,sí,dato
2005-08,oro_m2_eeuu,66.5881065,0.0019,,sí,dato
2005-09,oro_m2_eeuu,68.9915585,0.0009,,sí,dato
2005-10,oro_m2_eeuu,70.72516556,0.0009,,sí,dato
2005-11,oro_m2_eeuu,71.56502417,0.0009,,sí,dato
2005-12,oro_m2_eeuu,76.27732751,0.0008,,sí,dato
2006-01,oro_m2_eeuu,81.72284644,0.0008,,sí,dato
2006-02,oro_m2_eeuu,82.18373784,0.0008,,sí,dato
2006-03,oro_m2_eeuu,82.32617594,0.0008,,sí,dato
2006-04,oro_m2_eeuu,89.71878994,0.0008,,sí,dato
2006-05,oro_m2_eeuu,99.09371011,0.0008,,sí,dato
2006-06,oro_m2_eeuu,86.97767727,0.0008,,sí,dato
2006-07,oro_m2_eeuu,91.89396905,0.0015,,sí,dato
2006-08,oro_m2_eeuu,91.33070571,0.0008,,sí,dato
2006-09,oro_m2_eeuu,86.03526637,0.0008,,sí,dato
2006-10,oro_m2_eeuu,83.65775981,0.0016,,sí,dato
2006-11,oro_m2_eeuu,89.21418726,0.0008,,sí,dato
2006-12,oro_m2_eeuu,88.96232678,0.0008,,sí,dato
2007-01,oro_m2_eeuu,88.70172579,0.0008,,sí,dato
2007-02,oro_m2_eeuu,93.20727997,0.0008,,sí,dato
2007-03,oro_m2_eeuu,91.40578112,0.0008,,sí,dato
2007-04,oro_m2_eeuu,93.8366552,0.0008,,sí,dato
2007-05,oro_m2_eeuu,91.95270838,0.0014,,sí,dato
2007-06,oro_m2_eeuu,89.93224152,0.0014,,sí,dato
2007-07,oro_m2_eeuu,90.87656041,0.0014,,sí,dato
2007-08,oro_m2_eeuu,89.95687441,0.0008,,sí,dato
2007-09,oro_m2_eeuu,96.12519895,0.0007,,sí,dato
2007-10,oro_m2_eeuu,101.5754476,0.0007,,sí,dato
2007-11,oro_m2_eeuu,108.1631339,0.0007,,sí,dato
2007-12,oro_m2_eeuu,107.341334,0.0007,,sí,dato
2008-01,oro_m2_eeuu,118.3979717,0.0007,,sí,dato
2008-02,oro_m2_eeuu,121.3502099,0.0007,,sí,dato
2008-03,oro_m2_eeuu,126.3465929,0.0007,,sí,dato
2008-04,oro_m2_eeuu,117.9688513,0.0007,,sí,dato
2008-05,oro_m2_eeuu,114.9881604,0.0007,,sí,dato
2008-06,oro_m2_eeuu,114.8126444,0.0007,,sí,dato
2008-07,oro_m2_eeuu,120.562419,0.0007,,sí,dato
2008-08,oro_m2_eeuu,107.4460865,0.0007,,sí,dato
2008-09,oro_m2_eeuu,105.4069295,0.0007,,sí,dato
2008-10,oro_m2_eeuu,101.127089,0.0012,,sí,dato
2008-11,oro_m2_eeuu,94.77851964,0.0007,,sí,dato
2008-12,oro_m2_eeuu,99.48701695,0.0007,,sí,dato
2009-01,oro_m2_eeuu,103.6539437,0.0012,,sí,dato
2009-02,oro_m2_eeuu,113.4135928,0.0536,,sí,dato
2009-03,oro_m2_eeuu,110.2885269,0.0007,,sí,dato
2009-04,oro_m2_eeuu,106.0999738,0.0062,,sí,dato
2009-05,oro_m2_eeuu,109.8611128,0.0006,,sí,dato
2009-06,oro_m2_eeuu,111.7430195,0.0011,,sí,dato
2009-07,oro_m2_eeuu,110.3336365,0.0006,,sí,dato
2009-08,oro_m2_eeuu,112.1370863,0.0006,,sí,dato
2009-09,oro_m2_eeuu,117.7627707,0.0006,,sí,dato
2009-10,oro_m2_eeuu,122.880719,0.0006,,sí,dato
2009-11,oro_m2_eeuu,132.3138332,0.0006,,sí,dato
2009-12,oro_m2_eeuu,133.33067,0.0006,,sí,dato
2010-01,oro_m2_eeuu,131.9426184,0.0006,,sí,dato
2010-02,oro_m2_eeuu,128.5183143,0.0006,,sí,dato
2010-03,oro_m2_eeuu,130.6886959,0.0006,,sí,dato
2010-04,oro_m2_eeuu,134.2819401,0.0006,,sí,dato
2010-05,oro_m2_eeuu,139.9714352,0.0006,,sí,dato
2010-06,oro_m2_eeuu,142.8478739,0.001,,sí,dato
2010-07,oro_m2_eeuu,138.0380223,0.0006,,sí,dato
2010-08,oro_m2_eeuu,139.9010414,0.001,,sí,dato
2010-09,oro_m2_eeuu,145.7609294,0.0006,,sí,dato
2010-10,oro_m2_eeuu,153.0278912,0.0006,,sí,dato
2010-11,oro_m2_eeuu,155.8406425,0.0006,,sí,dato
2010-12,oro_m2_eeuu,157.623328,0.0006,,sí,dato
2011-01,oro_m2_eeuu,153.8198881,0.0009,,sí,dato
2011-02,oro_m2_eeuu,154.2868046,0.0009,,sí,dato
2011-03,oro_m2_eeuu,158.7095911,0.0009,,sí,dato
2011-04,oro_m2_eeuu,163.9313231,0.0009,,sí,dato
2011-05,oro_m2_eeuu,166.0460623,0.0009,,sí,dato
2011-06,oro_m2_eeuu,166.5207639,0.0009,,sí,dato
2011-07,oro_m2_eeuu,168.2643443,0.0009,,sí,dato
2011-08,oro_m2_eeuu,184.5276685,0.0008,,sí,dato
2011-09,oro_m2_eeuu,185.5002983,0.0008,,sí,dato
2011-10,oro_m2_eeuu,173.8363481,0.0008,,sí,dato
2011-11,oro_m2_eeuu,180.4035479,0.0293,,sí,dato
2011-12,oro_m2_eeuu,169.3571539,0.0008,oro,no,dato
2012-01,oro_m2_eeuu,169.5887546,0.0008,,sí,dato
2012-02,oro_m2_eeuu,177.9284746,0.0008,,sí,dato
2012-03,oro_m2_eeuu,170.1593007,0.0008,,sí,dato
2012-04,oro_m2_eeuu,166.5017668,0.0035,,sí,dato
2012-05,oro_m2_eeuu,159.6720224,0.0008,,sí,dato
2012-06,oro_m2_eeuu,159.4979898,0.0008,,sí,dato
2012-07,oro_m2_eeuu,158.2264788,0.0008,,sí,dato
2012-08,oro_m2_eeuu,160.656497,0.0008,,sí,dato
2012-09,oro_m2_eeuu,170.5848422,0.0008,,sí,dato
2012-10,oro_m2_eeuu,169.6631178,0.0008,,sí,dato
2012-11,oro_m2_eeuu,166.0916879,0.0008,,sí,dato
2012-12,oro_m2_eeuu,160.6769413,0.0005,,sí,dato
2013-01,btc_m2_eeuu,1.487104848,0.0005,,sí,dato
2013-01,oro_m2_eeuu,159.1887326,0.0005,,sí,dato
2013-02,btc_m2_eeuu,2.479659516,0.0005,,sí,dato
2013-02,oro_m2_eeuu,154.6678704,0.0008,,sí,dato
2013-03,btc_m2_eeuu,5.450975411,0.0005,,sí,dato
2013-03,oro_m2_eeuu,150.5937582,0.0005,,sí,dato
2013-04,btc_m2_eeuu,12.11317924,0.0005,,sí,dato
2013-04,oro_m2_eeuu,140.2461398,0.0005,,sí,dato
2013-05,btc_m2_eeuu,11.04793631,0.0005,,sí,dato
2013-05,oro_m2_eeuu,132.8161327,0.0005,,sí,dato
2013-06,btc_m2_eeuu,9.796799806,0.0005,,sí,dato
2013-06,oro_m2_eeuu,125.4810566,0.0008,,sí,dato
2013-07,btc_m2_eeuu,7.970796526,0.0005,,sí,dato
2013-07,oro_m2_eeuu,119.66077,0.0005,,sí,dato
2013-08,btc_m2_eeuu,9.603014773,0.0005,,sí,dato
2013-08,oro_m2_eeuu,125.1195729,0.0005,,sí,dato
2013-09,btc_m2_eeuu,11.47146369,0.0005,,sí,dato
2013-09,oro_m2_eeuu,124.1141932,0.0042,,sí,dato
2013-10,btc_m2_eeuu,14.02859603,0.0005,,sí,dato
2013-10,oro_m2_eeuu,119.8067193,0.0008,,sí,dato
2013-11,btc_m2_eeuu,49.66793341,0.0005,,sí,dato
2013-11,oro_m2_eeuu,115.9893816,0.0008,,sí,dato
2013-12,btc_m2_eeuu,71.45265166,0.0005,,sí,dato
2013-12,oro_m2_eeuu,110.4201534,0.0005,,sí,dato
2014-01,btc_m2_eeuu,73.57892053,0.0004,,sí,dato
2014-01,oro_m2_eeuu,111.8193664,0.0009,,sí,dato
2014-02,btc_m2_eeuu,58.95090602,0.0004,,sí,dato
2014-02,oro_m2_eeuu,116.1179067,0.0008,,sí,dato
2014-03,btc_m2_eeuu,52.88505959,0.0004,,sí,dato
2014-03,oro_m2_eeuu,118.9868909,0.0008,,sí,dato
2014-04,btc_m2_eeuu,41.08511388,0.0004,,sí,dato
2014-04,oro_m2_eeuu,115.1516495,0.0008,,sí,dato
2014-05,btc_m2_eeuu,43.05296683,0.0004,,sí,dato
2014-05,oro_m2_eeuu,113.614444,0.0008,,sí,dato
2014-06,btc_m2_eeuu,53.97092498,0.0004,,sí,dato
2014-06,oro_m2_eeuu,112.2175042,0.0043,,sí,dato
2014-07,btc_m2_eeuu,53.96483033,0.0004,,sí,dato
2014-07,oro_m2_eeuu,114.4370225,0.0008,,sí,dato
2014-08,btc_m2_eeuu,46.7204911,0.0004,,sí,dato
2014-08,oro_m2_eeuu,112.8378261,0.0008,,sí,dato
2014-09,btc_m2_eeuu,38.53113055,0.0004,,sí,dato
2014-09,oro_m2_eeuu,107.3328878,0.0008,,sí,dato
2014-10,btc_m2_eeuu,31.30222306,0.0004,,sí,dato
2014-10,oro_m2_eeuu,105.4188764,0.0008,,sí,dato
2014-11,btc_m2_eeuu,31.43947964,0.0004,,sí,dato
2014-11,oro_m2_eeuu,100.9829108,0.0009,,sí,dato
2014-12,btc_m2_eeuu,29.17644114,0.0004,,sí,dato
2014-12,oro_m2_eeuu,102.4314917,0.0008,,sí,dato
2015-01,btc_m2_eeuu,21.15510334,0.0004,,sí,dato
2015-01,oro_m2_eeuu,105.9400993,0.0008,,sí,dato
2015-02,btc_m2_eeuu,19.70013223,0.0004,,sí,dato
2015-02,oro_m2_eeuu,102.9369081,0.0008,,sí,dato
2015-03,btc_m2_eeuu,22.63039418,0.0004,,sí,dato
2015-03,oro_m2_eeuu,98.88582192,0.0008,,sí,dato
2015-04,btc_m2_eeuu,19.71941764,0.0004,,sí,dato
2015-04,oro_m2_eeuu,100.300333,0.0008,,sí,dato
2015-05,btc_m2_eeuu,19.78212027,0.0004,,sí,dato
2015-05,oro_m2_eeuu,100.0367221,0.0008,,sí,dato
2015-06,btc_m2_eeuu,19.79958585,0.0004,,sí,dato
2015-06,oro_m2_eeuu,98.28714988,0.0046,,sí,dato
2015-07,btc_m2_eeuu,23.21065987,0.0004,,sí,dato
2015-07,oro_m2_eeuu,93.53089899,0.0009,,sí,dato
2015-08,btc_m2_eeuu,20.76302794,0.0004,,sí,dato
2015-08,oro_m2_eeuu,92.31385373,0.0009,,sí,dato
2015-09,btc_m2_eeuu,19.22928423,0.0004,,sí,dato
2015-09,oro_m2_eeuu,92.40102853,0.0009,,sí,dato
2015-10,btc_m2_eeuu,21.74391534,0.0004,,sí,dato
2015-10,oro_m2_eeuu,94.79981028,0.0008,,sí,dato
2015-11,btc_m2_eeuu,28.31026609,0.0004,,sí,dato
2015-11,oro_m2_eeuu,88.1657429,0.0009,,sí,dato
2015-12,btc_m2_eeuu,34.24361543,0.0004,,sí,dato
2015-12,oro_m2_eeuu,86.79802479,0.0009,oro,no,dato
2016-01,btc_m2_eeuu,32.82481297,0.0004,,sí,dato
2016-01,oro_m2_eeuu,87.6770855,0.0009,,sí,dato
2016-02,btc_m2_eeuu,32.00291097,0.0004,,sí,dato
2016-02,oro_m2_eeuu,95.16518041,0.0046,,sí,dato
2016-03,btc_m2_eeuu,32.76345513,0.0004,,sí,dato
2016-03,oro_m2_eeuu,98.33520241,0.0008,,sí,dato
2016-04,btc_m2_eeuu,34.16978979,0.0004,,sí,dato
2016-04,oro_m2_eeuu,97.49409429,0.0008,,sí,dato
2016-05,btc_m2_eeuu,36.16629283,0.0004,,sí,dato
2016-05,oro_m2_eeuu,98.50633168,0.0008,,sí,dato
2016-06,btc_m2_eeuu,50.05017297,0.0004,,sí,dato
2016-06,oro_m2_eeuu,99.33615061,0.0043,,sí,dato
2016-07,btc_m2_eeuu,51.33713812,0.0004,,sí,dato
2016-07,oro_m2_eeuu,103.5584514,0.0008,,sí,dato
2016-08,btc_m2_eeuu,44.59553291,0.0004,,sí,dato
2016-08,oro_m2_eeuu,103.195577,0.0008,,sí,dato
2016-09,btc_m2_eeuu,46.44866022,0.0004,,sí,dato
2016-09,oro_m2_eeuu,101.6349108,0.0008,,sí,dato
2016-10,btc_m2_eeuu,48.96706053,0.0004,,sí,dato
2016-10,oro_m2_eeuu,96.50272391,0.0008,,sí,dato
2016-11,btc_m2_eeuu,54.89234135,0.0004,,sí,dato
2016-11,oro_m2_eeuu,93.71358084,0.0008,,sí,dato
2016-12,btc_m2_eeuu,62.33591284,0.0004,,sí,dato
2016-12,oro_m2_eeuu,87.40993611,0.0008,oro,no,dato
2017-01,btc_m2_eeuu,68.5334641,0.0004,,sí,dato
2017-01,oro_m2_eeuu,89.5043885,0.0046,,sí,dato
2017-02,btc_m2_eeuu,79.62271926,0.0004,,sí,dato
2017-02,oro_m2_eeuu,92.13748208,0.0044,,sí,dato
2017-03,btc_m2_eeuu,83.85666459,0.0004,,sí,dato
2017-03,oro_m2_eeuu,91.45611455,0.0008,,sí,dato
2017-04,btc_m2_eeuu,90.24203383,0.0004,,sí,dato
2017-04,oro_m2_eeuu,93.70206282,0.0008,,sí,dato
2017-05,btc_m2_eeuu,139.138699,0.0004,,sí,dato
2017-05,oro_m2_eeuu,91.84073588,0.0008,,sí,dato
2017-06,btc_m2_eeuu,192.6937498,0.0004,,sí,dato
2017-06,oro_m2_eeuu,92.82315681,0.0008,,sí,dato
2017-07,btc_m2_eeuu,183.9792693,0.0004,,sí,dato
2017-07,oro_m2_eeuu,90.68739231,0.0008,,sí,dato
2017-08,btc_m2_eeuu,282.9202477,0.0004,,sí,dato
2017-08,oro_m2_eeuu,93.68674699,0.0008,,sí,dato
2017-09,btc_m2_eeuu,298.5069173,0.0004,,sí,dato
2017-09,oro_m2_eeuu,95.61740522,0.0007,,sí,dato
2017-10,btc_m2_eeuu,387.5214735,0.0004,,sí,dato
2017-10,oro_m2_eeuu,92.70803898,0.0008,,sí,dato
2017-11,btc_m2_eeuu,561.8438842,0.0004,,sí,dato
2017-11,oro_m2_eeuu,92.56197154,0.0043,,sí,dato
2017-12,btc_m2_eeuu,1094.100724,0.0004,,sí,dato
2017-12,oro_m2_eeuu,91.05081621,0.0008,,sí,dato
2018-01,btc_m2_eeuu,927.2543244,0.0004,,sí,dato
2018-01,oro_m2_eeuu,95.76044424,0.0041,,sí,dato
2018-02,btc_m2_eeuu,673.6010302,0.0004,,sí,dato
2018-02,oro_m2_eeuu,95.3941992,0.0007,,sí,dato
2018-03,btc_m2_eeuu,641.6244928,0.0004,,sí,dato
2018-03,oro_m2_eeuu,94.52067502,0.0007,,sí,dato
2018-04,btc_m2_eeuu,571.2980785,0.0004,,sí,dato
2018-04,oro_m2_eeuu,95.10359962,0.0007,,sí,dato
2018-05,btc_m2_eeuu,597.7750217,0.0004,,sí,dato
2018-05,oro_m2_eeuu,92.50230644,0.0007,,sí,dato
2018-06,btc_m2_eeuu,478.9661515,0.0004,,sí,dato
2018-06,oro_m2_eeuu,90.67797809,0.0007,,sí,dato
2018-07,btc_m2_eeuu,502.37694,0.0004,,sí,dato
2018-07,oro_m2_eeuu,87.34721242,0.0008,,sí,dato
2018-08,btc_m2_eeuu,469.558403,0.0004,,sí,dato
2018-08,oro_m2_eeuu,84.50071372,0.0008,,sí,dato
2018-09,btc_m2_eeuu,462.6682327,0.0004,,sí,dato
2018-09,oro_m2_eeuu,84.13355893,0.0008,,sí,dato
2018-10,btc_m2_eeuu,449.943485,0.0004,,sí,dato
2018-10,oro_m2_eeuu,85.24506228,0.0008,,sí,dato
2018-11,btc_m2_eeuu,374.1331902,0.0003,,sí,dato
2018-11,oro_m2_eeuu,85.42943927,0.0008,,sí,dato
2018-12,btc_m2_eeuu,254.7068397,0.0003,,sí,dato
2018-12,oro_m2_eeuu,86.88160089,0.0043,,sí,dato
2019-01,btc_m2_eeuu,253.055467,0.0003,,sí,dato
2019-01,oro_m2_eeuu,89.3314062,0.0007,,sí,dato
2019-02,btc_m2_eeuu,252.2438842,0.0003,,sí,dato
2019-02,oro_m2_eeuu,90.99789062,0.0007,,sí,dato
2019-03,btc_m2_eeuu,269.4747355,0.0003,,sí,dato
2019-03,oro_m2_eeuu,89.35059583,0.0042,,sí,dato
2019-04,btc_m2_eeuu,352.5967559,0.0003,,sí,dato
2019-04,oro_m2_eeuu,88.11223791,0.0007,,sí,dato
2019-05,btc_m2_eeuu,496.009031,0.0003,,sí,dato
2019-05,oro_m2_eeuu,87.30752489,0.0042,,sí,dato
2019-06,btc_m2_eeuu,634.7149811,0.0003,,sí,dato
2019-06,oro_m2_eeuu,91.83447307,0.0007,,sí,dato
2019-07,btc_m2_eeuu,716.2426798,0.0003,,sí,dato
2019-07,oro_m2_eeuu,94.93505883,0.0007,,sí,dato
2019-08,btc_m2_eeuu,709.7943223,0.0003,,sí,dato
2019-08,oro_m2_eeuu,100.1983385,0.0007,,sí,dato
2019-09,btc_m2_eeuu,650.7801625,0.0003,,sí,dato
2019-09,oro_m2_eeuu,100.3894412,0.0007,,sí,dato
2019-10,btc_m2_eeuu,552.3100719,0.0003,,sí,dato
2019-10,oro_m2_eeuu,98.43601833,0.0007,,sí,dato
2019-11,btc_m2_eeuu,545.031362,0.0003,,sí,dato
2019-11,oro_m2_eeuu,96.12189814,0.0007,,sí,dato
2019-12,btc_m2_eeuu,472.0168356,0.0003,,sí,dato
2019-12,oro_m2_eeuu,96.35084519,0.0007,,sí,dato
2020-01,btc_m2_eeuu,542.349169,0.0003,,sí,dato
2020-01,oro_m2_eeuu,101.1779579,0.0006,,sí,dato
2020-02,btc_m2_eeuu,622.6242394,0.0003,,sí,dato
2020-02,oro_m2_eeuu,103.0865951,0.0035,,sí,dato
2020-03,btc_m2_eeuu,429.391637,0.0003,,sí,dato
2020-03,oro_m2_eeuu,99.28216834,0.0006,,sí,dato
2020-04,btc_m2_eeuu,423.3677745,0.0003,,sí,dato
2020-04,oro_m2_eeuu,98.63865448,0.0006,,sí,dato
2020-05,btc_m2_eeuu,516.658477,0.0003,,sí,dato
2020-05,oro_m2_eeuu,95.69036187,0.0006,,sí,dato
2020-06,btc_m2_eeuu,521.3840793,0.0003,,sí,dato
2020-06,oro_m2_eeuu,95.28162816,0.0006,,sí,dato
2020-07,btc_m2_eeuu,523.5429923,0.0003,,sí,dato
2020-07,oro_m2_eeuu,100.7293496,0.0005,,sí,dato
2020-08,btc_m2_eeuu,632.5976305,0.0003,,sí,dato
2020-08,oro_m2_eeuu,106.913481,0.0005,,sí,dato
2020-09,btc_m2_eeuu,572.275928,0.0003,,sí,dato
2020-09,oro_m2_eeuu,103.3012631,0.0005,,sí,dato
2020-10,btc_m2_eeuu,634.0719625,0.0003,,sí,dato
2020-10,oro_m2_eeuu,101.29425,0.0005,,sí,dato
2020-11,btc_m2_eeuu,877.2906291,0.0003,,sí,dato
2020-11,oro_m2_eeuu,98.21390982,0.0029,,sí,dato
2020-12,btc_m2_eeuu,1150.447905,0.0003,,sí,dato
2020-12,oro_m2_eeuu,97.20074898,0.0005,,sí,dato
2021-01,btc_m2_eeuu,1793.668153,0.0003,,sí,dato
2021-01,oro_m2_eeuu,96.35876606,0.0005,,sí,dato
2021-02,btc_m2_eeuu,2358.086592,0.0003,,sí,dato
2021-02,oro_m2_eeuu,92.05912002,0.0005,,sí,dato
2021-03,btc_m2_eeuu,2764.018788,0.0003,,sí,dato
2021-03,oro_m2_eeuu,86.45399884,0.0005,,sí,dato
2021-04,btc_m2_eeuu,2830.632152,0.0002,,sí,dato
2021-04,oro_m2_eeuu,87.24255357,0.0005,,sí,dato
2021-05,btc_m2_eeuu,2273.364308,0.0002,,sí,dato
2021-05,oro_m2_eeuu,90.44409141,0.0005,,sí,dato
2021-06,btc_m2_eeuu,1749.247233,0.0002,,sí,dato
2021-06,oro_m2_eeuu,89.61055454,0.0005,,sí,dato
2021-07,btc_m2_eeuu,1668.069607,0.0002,,sí,dato
2021-07,oro_m2_eeuu,87.63160446,0.0005,,sí,dato
2021-08,btc_m2_eeuu,2194.730457,0.0002,,sí,dato
2021-08,oro_m2_eeuu,85.64958741,0.0005,,sí,dato
2021-09,btc_m2_eeuu,2188.543528,0.0002,,sí,dato
2021-09,oro_m2_eeuu,84.58928588,0.0005,,sí,dato
2021-10,btc_m2_eeuu,2736.482707,0.0002,,sí,dato
2021-10,oro_m2_eeuu,83.95545308,0.0005,,sí,dato
2021-11,btc_m2_eeuu,2843.57973,0.0002,,sí,dato
2021-11,oro_m2_eeuu,85.3647222,0.0005,,sí,dato
2021-12,btc_m2_eeuu,2295.373373,0.0002,,sí,dato
2021-12,oro_m2_eeuu,83.26497014,0.0005,,sí,dato
2022-01,btc_m2_eeuu,1899.218828,0.0002,,sí,dato
2022-01,oro_m2_eeuu,83.89090607,0.0005,,sí,dato
2022-02,btc_m2_eeuu,1875.962463,0.0002,,sí,dato
2022-02,oro_m2_eeuu,85.44297971,0.0029,,sí,dato
2022-03,btc_m2_eeuu,1926.460908,0.0002,,sí,dato
2022-03,oro_m2_eeuu,89.39880026,0.0005,,sí,dato
2022-04,btc_m2_eeuu,1903.738309,0.0002,,sí,dato
2022-04,oro_m2_eeuu,88.97576303,0.0005,,sí,dato
2022-05,btc_m2_eeuu,1459.931246,0.0002,,sí,dato
2022-05,oro_m2_eeuu,85.11373055,0.0029,,sí,dato
2022-06,btc_m2_eeuu,1124.986576,0.0002,,sí,dato
2022-06,oro_m2_eeuu,84.84177946,0.0005,,sí,dato
2022-07,btc_m2_eeuu,995.1952262,0.0002,,sí,dato
2022-07,oro_m2_eeuu,80.03713763,0.0005,,sí,dato
2022-08,btc_m2_eeuu,1033.292708,0.0002,,sí,dato
2022-08,oro_m2_eeuu,81.5344309,0.0005,,sí,dato
2022-09,btc_m2_eeuu,918.8335839,0.0002,,sí,dato
2022-09,oro_m2_eeuu,78.02593158,0.0005,,sí,dato
2022-10,btc_m2_eeuu,915.3714981,0.0002,,sí,dato
2022-10,oro_m2_eeuu,77.54540118,0.0005,,sí,dato
2022-11,btc_m2_eeuu,821.1124365,0.0002,,sí,dato
2022-11,oro_m2_eeuu,80.5749784,0.0005,,sí,dato
2022-12,btc_m2_eeuu,795.4259374,0.0002,,sí,dato
2022-12,oro_m2_eeuu,84.41896944,0.0005,,sí,dato
2023-01,btc_m2_eeuu,951.3897607,0.0002,,sí,dato
2023-01,oro_m2_eeuu,89.2032528,0.0005,,sí,dato
2023-02,btc_m2_eeuu,1097.136353,0.0002,,sí,dato
2023-02,oro_m2_eeuu,87.31273717,0.0005,,sí,dato
2023-03,btc_m2_eeuu,1199.638163,0.0002,,sí,dato
2023-03,oro_m2_eeuu,91.33333015,0.0005,,sí,dato
2023-04,btc_m2_eeuu,1390.081575,0.0002,,sí,dato
2023-04,oro_m2_eeuu,96.33638755,0.0005,,sí,dato
2023-05,btc_m2_eeuu,1321.030154,0.0002,,sí,dato
2023-05,oro_m2_eeuu,95.64029689,0.0005,,sí,dato
2023-06,btc_m2_eeuu,1334.728911,0.0002,,sí,dato
2023-06,oro_m2_eeuu,93.41359399,0.0028,,sí,dato
2023-07,btc_m2_eeuu,1445.270129,0.0002,,sí,dato
2023-07,oro_m2_eeuu,93.8342263,0.0005,,sí,dato
2023-08,btc_m2_eeuu,1339.869511,0.0002,,sí,dato
2023-08,oro_m2_eeuu,92.32508902,0.0028,,sí,dato
2023-09,btc_m2_eeuu,1267.555339,0.0002,,sí,dato
2023-09,oro_m2_eeuu,92.31892298,0.0005,,sí,dato
2023-10,btc_m2_eeuu,1434.551646,0.0002,,sí,dato
2023-10,oro_m2_eeuu,92.40550889,0.0005,,sí,dato
2023-11,btc_m2_eeuu,1764.104092,0.0002,,sí,dato
2023-11,oro_m2_eeuu,95.62114151,0.0005,,sí,dato
2023-12,btc_m2_eeuu,2047.556815,0.0002,,sí,dato
2023-12,oro_m2_eeuu,97.50672525,0.0005,,sí,dato
2024-01,btc_m2_eeuu,2059.551768,0.0002,,sí,dato
2024-01,oro_m2_eeuu,97.62376713,0.0005,,sí,dato
2024-02,btc_m2_eeuu,2383.788472,0.0002,,sí,dato
2024-02,oro_m2_eeuu,96.70533465,0.0005,,sí,dato
2024-03,btc_m2_eeuu,3229.618224,0.0002,,sí,dato
2024-03,oro_m2_eeuu,102.9295189,0.0005,,sí,dato
2024-04,btc_m2_eeuu,3145.499424,0.0002,,sí,dato
2024-04,oro_m2_eeuu,111.2577188,0.0005,,sí,dato
2024-05,btc_m2_eeuu,3104.216422,0.0002,,sí,dato
2024-05,oro_m2_eeuu,111.8435324,0.0005,,sí,dato
2024-06,btc_m2_eeuu,3127.719605,0.0002,,sí,dato
2024-06,oro_m2_eeuu,110.4111396,0.0005,,sí,dato
2024-07,btc_m2_eeuu,2978.242578,0.0002,,sí,dato
2024-07,oro_m2_eeuu,113.6646934,0.0023,,sí,dato
2024-08,btc_m2_eeuu,2829.511461,0.0002,,sí,dato
2024-08,oro_m2_eeuu,116.5604945,0.0004,,sí,dato
2024-09,btc_m2_eeuu,2836.014639,0.0002,,sí,dato
2024-09,oro_m2_eeuu,120.8215044,0.0004,,sí,dato
2024-10,btc_m2_eeuu,3073.712919,0.0002,,sí,dato
2024-10,oro_m2_eeuu,126.0781943,0.0004,,sí,dato
2024-11,btc_m2_eeuu,4034.971096,0.0002,,sí,dato
2024-11,oro_m2_eeuu,123.5687285,0.0004,,sí,dato
2024-12,btc_m2_eeuu,4572.262907,0.0002,,sí,dato
2024-12,oro_m2_eeuu,123.2343305,0.0004,,sí,dato
2025-01,btc_m2_eeuu,4643.065634,0.0002,,sí,dato
2025-01,oro_m2_eeuu,125.8165307,0.0187,,sí,dato
2025-02,btc_m2_eeuu,4408.308226,0.0002,,sí,dato
2025-02,oro_m2_eeuu,133.9831167,0.0175,,sí,dato
2025-03,btc_m2_eeuu,3922.888623,0.0002,,sí,dato
2025-03,oro_m2_eeuu,137.5662352,0.017,,sí,dato
2025-04,btc_m2_eeuu,3970.288127,0.0002,,sí,dato
2025-04,oro_m2_eeuu,147.8126665,0.0158,,sí,dato
2025-05,btc_m2_eeuu,4745.784911,0.0002,,sí,dato
2025-05,oro_m2_eeuu,151.5380494,0.0153,oro,no,dato
2025-06,btc_m2_eeuu,4821.976402,0.0002,,sí,dato
2025-06,oro_m2_eeuu,152.8077803,0.0151,,sí,dato
2025-07,btc_m2_eeuu,5237.249587,0.0002,,sí,dato
2025-07,oro_m2_eeuu,151.641726,0.0152,,sí,dato
2025-08,btc_m2_eeuu,5198.389375,0.0002,,sí,dato
2025-08,oro_m2_eeuu,152.4492364,0.0151,,sí,dato
2025-09,btc_m2_eeuu,5103.283152,0.0002,,sí,dato
2025-09,oro_m2_eeuu,165.4032945,0.0139,,sí,dato
2025-10,btc_m2_eeuu,5129.013519,0.0002,,sí,dato
2025-10,oro_m2_eeuu,182.3836619,0.0125,,sí,dato
2025-11,btc_m2_eeuu,4321.493665,0.0002,,sí,dato
2025-11,oro_m2_eeuu,183.4397077,0.0125,,sí,dato
2025-12,btc_m2_eeuu,3977.39771,0.0002,,sí,dato
2025-12,oro_m2_eeuu,192.7507124,0.0118,,sí,dato
2026-01,btc_m2_eeuu,4036.771488,0.0002,,sí,dato
2026-01,oro_m2_eeuu,212.0606423,0.0107,oro,no,dato
2026-02,btc_m2_eeuu,3046.876675,0.0002,,sí,dato
2026-02,oro_m2_eeuu,222.1366716,0.0102,,sí,dato
2026-03,btc_m2_eeuu,3071.186188,0.0002,,sí,dato
2026-03,oro_m2_eeuu,214.4847904,0.0105,,sí,dato
2026-04,btc_m2_eeuu,3239.734223,0.0002,,sí,dato
2026-04,oro_m2_eeuu,207.4562984,0.0108,,sí,dato
2026-05,btc_m2_eeuu,3388.660046,0.0002,,sí,dato
2026-05,oro_m2_eeuu,199.3160596,0.0111,,sí,dato
2026-06,btc_m2_eeuu,2724.312684,0.0002,,sí,dato
2026-06,oro_m2_eeuu,182.9123206,0.012,,sí,dato
2026-07,btc_m2_eeuu,2750.792862,0.0002,,sí,dato
2026-07,oro_m2_eeuu,175.4249954,0.0125,,sí,dato
2026-08,btc_m2_eeuu,2976.179427,0.0002,,sí,dato
2026-08,oro_m2_eeuu,188.9661909,0.0115,,sí,dato
