mes,par,promedio_mensual,fin_de_mes,fecha_fin_de_mes,contraste
1999-01,usd_por_eur,1.1591,1.1371,1999-01-29,dentro del umbral
1999-02,usd_por_eur,1.1203,1.0995,1999-02-26,dentro del umbral
1999-03,usd_por_eur,1.0886,1.0808,1999-03-31,dentro del umbral
1999-04,usd_por_eur,1.0701,1.0564,1999-04-30,dentro del umbral
1999-05,usd_por_eur,1.063,1.0422,1999-05-28,dentro del umbral
1999-06,usd_por_eur,1.0377,1.031,1999-06-30,dentro del umbral
1999-07,usd_por_eur,1.037,1.0694,1999-07-30,dentro del umbral
1999-08,usd_por_eur,1.0605,1.0581,1999-08-31,dentro del umbral
1999-09,usd_por_eur,1.0497,1.0643,1999-09-30,dentro del umbral
1999-10,usd_por_eur,1.0706,1.0518,1999-10-29,dentro del umbral
1999-11,usd_por_eur,1.0328,1.0077,1999-11-30,dentro del umbral
1999-12,usd_por_eur,1.011,1.007,1999-12-31,dentro del umbral
2000-01,usd_por_eur,1.0131,0.9757,2000-01-31,dentro del umbral
2000-02,usd_por_eur,0.9834,0.9643,2000-02-29,dentro del umbral
2000-03,usd_por_eur,0.9643,0.9574,2000-03-31,dentro del umbral
2000-04,usd_por_eur,0.9449,0.9089,2000-04-28,dentro del umbral
2000-05,usd_por_eur,0.9059,0.9328,2000-05-31,dentro del umbral
2000-06,usd_por_eur,0.9505,0.9545,2000-06-30,dentro del umbral
2000-07,usd_por_eur,0.9386,0.9266,2000-07-31,dentro del umbral
2000-08,usd_por_eur,0.9045,0.8878,2000-08-31,dentro del umbral
2000-09,usd_por_eur,0.8695,0.8837,2000-09-29,dentro del umbral
2000-10,usd_por_eur,0.8525,0.8486,2000-10-31,dentro del umbral
2000-11,usd_por_eur,0.8552,0.8694,2000-11-30,dentro del umbral
2000-12,usd_por_eur,0.8983,0.9388,2000-12-29,dentro del umbral
2001-01,usd_por_eur,0.9376,0.9308,2001-01-31,dentro del umbral
2001-02,usd_por_eur,0.9205,0.9212,2001-02-28,dentro del umbral
2001-03,usd_por_eur,0.9083,0.8794,2001-03-30,dentro del umbral
2001-04,usd_por_eur,0.8925,0.8874,2001-04-30,dentro del umbral
2001-05,usd_por_eur,0.8753,0.8455,2001-05-31,dentro del umbral
2001-06,usd_por_eur,0.853,0.8474,2001-06-29,dentro del umbral
2001-07,usd_por_eur,0.8615,0.8752,2001-07-31,dentro del umbral
2001-08,usd_por_eur,0.9014,0.909,2001-08-31,dentro del umbral
2001-09,usd_por_eur,0.9114,0.9099,2001-09-28,dentro del umbral
2001-10,usd_por_eur,0.905,0.8993,2001-10-31,dentro del umbral
2001-11,usd_por_eur,0.8883,0.8958,2001-11-30,dentro del umbral
2001-12,usd_por_eur,0.8912,0.8901,2001-12-31,dentro del umbral
2002-01,usd_por_eur,0.8832,0.8594,2002-01-31,dentro del umbral
2002-02,usd_por_eur,0.8707,0.8658,2002-02-28,dentro del umbral
2002-03,usd_por_eur,0.8766,0.8717,2002-03-29,dentro del umbral
2002-04,usd_por_eur,0.886,0.9002,2002-04-30,dentro del umbral
2002-05,usd_por_eur,0.917,0.9339,2002-05-31,dentro del umbral
2002-06,usd_por_eur,0.9561,0.9856,2002-06-28,dentro del umbral
2002-07,usd_por_eur,0.9935,0.9796,2002-07-31,dentro del umbral
2002-08,usd_por_eur,0.9781,0.9806,2002-08-30,dentro del umbral
2002-09,usd_por_eur,0.9806,0.9879,2002-09-30,dentro del umbral
2002-10,usd_por_eur,0.9812,0.9881,2002-10-31,dentro del umbral
2002-11,usd_por_eur,1.0013,0.9932,2002-11-29,dentro del umbral
2002-12,usd_por_eur,1.0194,1.0485,2002-12-31,dentro del umbral
2003-01,usd_por_eur,1.0622,1.0739,2003-01-31,dentro del umbral
2003-02,usd_por_eur,1.0785,1.0779,2003-02-28,dentro del umbral
2003-03,usd_por_eur,1.0797,1.09,2003-03-31,dentro del umbral
2003-04,usd_por_eur,1.0862,1.118,2003-04-30,dentro del umbral
2003-05,usd_por_eur,1.1556,1.1766,2003-05-30,dentro del umbral
2003-06,usd_por_eur,1.1674,1.1502,2003-06-30,dentro del umbral
2003-07,usd_por_eur,1.1365,1.1231,2003-07-31,dentro del umbral
2003-08,usd_por_eur,1.1155,1.0986,2003-08-29,dentro del umbral
2003-09,usd_por_eur,1.1267,1.165,2003-09-30,dentro del umbral
2003-10,usd_por_eur,1.1714,1.1609,2003-10-31,dentro del umbral
2003-11,usd_por_eur,1.171,1.1995,2003-11-28,dentro del umbral
2003-12,usd_por_eur,1.2298,1.2597,2003-12-31,dentro del umbral
2004-01,usd_por_eur,1.2638,1.2452,2004-01-30,dentro del umbral
2004-02,usd_por_eur,1.264,1.2441,2004-02-27,dentro del umbral
2004-03,usd_por_eur,1.2261,1.2292,2004-03-31,dentro del umbral
2004-04,usd_por_eur,1.1989,1.1975,2004-04-30,dentro del umbral
2004-05,usd_por_eur,1.2,1.2217,2004-05-28,dentro del umbral
2004-06,usd_por_eur,1.2146,1.2179,2004-06-30,dentro del umbral
2004-07,usd_por_eur,1.2266,1.2032,2004-07-30,dentro del umbral
2004-08,usd_por_eur,1.2191,1.2183,2004-08-31,dentro del umbral
2004-09,usd_por_eur,1.2224,1.2417,2004-09-30,dentro del umbral
2004-10,usd_por_eur,1.2507,1.2746,2004-10-29,dentro del umbral
2004-11,usd_por_eur,1.2997,1.3259,2004-11-30,dentro del umbral
2004-12,usd_por_eur,1.3406,1.3538,2004-12-31,dentro del umbral
2005-01,usd_por_eur,1.3123,1.3049,2005-01-31,dentro del umbral
2005-02,usd_por_eur,1.3013,1.3274,2005-02-28,dentro del umbral
2005-03,usd_por_eur,1.3185,1.2969,2005-03-31,dentro del umbral
2005-04,usd_por_eur,1.2943,1.2919,2005-04-29,dentro del umbral
2005-05,usd_por_eur,1.2697,1.2349,2005-05-31,dentro del umbral
2005-06,usd_por_eur,1.2155,1.2098,2005-06-30,dentro del umbral
2005-07,usd_por_eur,1.2041,1.2129,2005-07-29,dentro del umbral
2005-08,usd_por_eur,1.2295,1.233,2005-08-31,dentro del umbral
2005-09,usd_por_eur,1.2234,1.2058,2005-09-30,dentro del umbral
2005-10,usd_por_eur,1.2022,1.1995,2005-10-31,dentro del umbral
2005-11,usd_por_eur,1.1789,1.179,2005-11-30,dentro del umbral
2005-12,usd_por_eur,1.1861,1.1842,2005-12-30,dentro del umbral
2006-01,usd_por_eur,1.2126,1.2158,2006-01-31,dentro del umbral
2006-02,usd_por_eur,1.194,1.1925,2006-02-28,dentro del umbral
2006-03,usd_por_eur,1.2028,1.2139,2006-03-31,dentro del umbral
2006-04,usd_por_eur,1.2273,1.2624,2006-04-28,dentro del umbral
2006-05,usd_por_eur,1.2767,1.2833,2006-05-31,dentro del umbral
2006-06,usd_por_eur,1.2661,1.2779,2006-06-30,dentro del umbral
2006-07,usd_por_eur,1.2681,1.2764,2006-07-31,dentro del umbral
2006-08,usd_por_eur,1.281,1.2793,2006-08-31,dentro del umbral
2006-09,usd_por_eur,1.2722,1.2687,2006-09-29,dentro del umbral
2006-10,usd_por_eur,1.2617,1.2773,2006-10-31,dentro del umbral
2006-11,usd_por_eur,1.2888,1.3261,2006-11-30,dentro del umbral
2006-12,usd_por_eur,1.3205,1.3197,2006-12-29,dentro del umbral
2007-01,usd_por_eur,1.2993,1.2998,2007-01-31,dentro del umbral
2007-02,usd_por_eur,1.308,1.323,2007-02-28,dentro del umbral
2007-03,usd_por_eur,1.3246,1.3374,2007-03-30,dentro del umbral
2007-04,usd_por_eur,1.3513,1.366,2007-04-30,dentro del umbral
2007-05,usd_por_eur,1.3518,1.3453,2007-05-31,dentro del umbral
2007-06,usd_por_eur,1.3421,1.352,2007-06-29,dentro del umbral
2007-07,usd_por_eur,1.3726,1.3711,2007-07-31,dentro del umbral
2007-08,usd_por_eur,1.3626,1.3641,2007-08-31,dentro del umbral
2007-09,usd_por_eur,1.391,1.4219,2007-09-28,dentro del umbral
2007-10,usd_por_eur,1.4233,1.4468,2007-10-31,dentro del umbral
2007-11,usd_por_eur,1.4683,1.4688,2007-11-30,dentro del umbral
2007-12,usd_por_eur,1.4559,1.4603,2007-12-31,dentro del umbral
2008-01,usd_por_eur,1.4728,1.4841,2008-01-31,dentro del umbral
2008-02,usd_por_eur,1.4759,1.5187,2008-02-29,dentro del umbral
2008-03,usd_por_eur,1.552,1.5805,2008-03-31,dentro del umbral
2008-04,usd_por_eur,1.5754,1.5568,2008-04-30,dentro del umbral
2008-05,usd_por_eur,1.5554,1.556,2008-05-30,dentro del umbral
2008-06,usd_por_eur,1.5562,1.5748,2008-06-30,dentro del umbral
2008-07,usd_por_eur,1.5759,1.5589,2008-07-31,dentro del umbral
2008-08,usd_por_eur,1.4955,1.4669,2008-08-29,dentro del umbral
2008-09,usd_por_eur,1.4342,1.4081,2008-09-30,dentro del umbral
2008-10,usd_por_eur,1.3266,1.2682,2008-10-31,dentro del umbral
2008-11,usd_por_eur,1.2744,1.2694,2008-11-28,dentro del umbral
2008-12,usd_por_eur,1.3511,1.3919,2008-12-31,valor en disputa
2009-01,usd_por_eur,1.3244,1.2804,2009-01-30,dentro del umbral
2009-02,usd_por_eur,1.2797,1.2662,2009-02-27,dentro del umbral
2009-03,usd_por_eur,1.305,1.3261,2009-03-31,dentro del umbral
2009-04,usd_por_eur,1.3199,1.3244,2009-04-30,dentro del umbral
2009-05,usd_por_eur,1.3646,1.4126,2009-05-29,dentro del umbral
2009-06,usd_por_eur,1.4014,1.402,2009-06-30,dentro del umbral
2009-07,usd_por_eur,1.4092,1.4279,2009-07-31,dentro del umbral
2009-08,usd_por_eur,1.4266,1.4354,2009-08-31,dentro del umbral
2009-09,usd_por_eur,1.4575,1.463,2009-09-30,dentro del umbral
2009-10,usd_por_eur,1.4821,1.4755,2009-10-30,dentro del umbral
2009-11,usd_por_eur,1.4908,1.4994,2009-11-30,dentro del umbral
2009-12,usd_por_eur,1.4579,1.4332,2009-12-31,dentro del umbral
2010-01,usd_por_eur,1.4266,1.387,2010-01-29,dentro del umbral
2010-02,usd_por_eur,1.368,1.366,2010-02-26,dentro del umbral
2010-03,usd_por_eur,1.357,1.3526,2010-03-31,dentro del umbral
2010-04,usd_por_eur,1.3417,1.3302,2010-04-30,dentro del umbral
2010-05,usd_por_eur,1.2563,1.2369,2010-05-28,dentro del umbral
2010-06,usd_por_eur,1.2223,1.2291,2010-06-30,dentro del umbral
2010-07,usd_por_eur,1.2811,1.3069,2010-07-30,dentro del umbral
2010-08,usd_por_eur,1.2903,1.2704,2010-08-31,dentro del umbral
2010-09,usd_por_eur,1.3103,1.3601,2010-09-30,dentro del umbral
2010-10,usd_por_eur,1.3901,1.3894,2010-10-29,dentro del umbral
2010-11,usd_por_eur,1.3654,1.3036,2010-11-30,dentro del umbral
2010-12,usd_por_eur,1.3221,1.3269,2010-12-30,dentro del umbral
2011-01,usd_por_eur,1.3371,1.3715,2011-01-31,dentro del umbral
2011-02,usd_por_eur,1.3656,1.3793,2011-02-28,dentro del umbral
2011-03,usd_por_eur,1.402,1.4183,2011-03-31,dentro del umbral
2011-04,usd_por_eur,1.446,1.4821,2011-04-29,dentro del umbral
2011-05,usd_por_eur,1.4335,1.4376,2011-05-31,dentro del umbral
2011-06,usd_por_eur,1.4403,1.4523,2011-06-30,dentro del umbral
2011-07,usd_por_eur,1.4275,1.4388,2011-07-29,dentro del umbral
2011-08,usd_por_eur,1.4333,1.4406,2011-08-31,dentro del umbral
2011-09,usd_por_eur,1.3747,1.3449,2011-09-30,dentro del umbral
2011-10,usd_por_eur,1.3732,1.3947,2011-10-31,dentro del umbral
2011-11,usd_por_eur,1.3558,1.3453,2011-11-30,dentro del umbral
2011-12,usd_por_eur,1.3155,1.2973,2011-12-30,dentro del umbral
2012-01,usd_por_eur,1.291,1.3053,2012-01-31,dentro del umbral
2012-02,usd_por_eur,1.3238,1.3359,2012-02-29,dentro del umbral
2012-03,usd_por_eur,1.3208,1.3334,2012-03-30,dentro del umbral
2012-04,usd_por_eur,1.316,1.3229,2012-04-30,dentro del umbral
2012-05,usd_por_eur,1.2806,1.2364,2012-05-31,dentro del umbral
2012-06,usd_por_eur,1.2541,1.2668,2012-06-29,dentro del umbral
2012-07,usd_por_eur,1.2278,1.2315,2012-07-31,dentro del umbral
2012-08,usd_por_eur,1.2406,1.2578,2012-08-31,dentro del umbral
2012-09,usd_por_eur,1.2885,1.2856,2012-09-28,dentro del umbral
2012-10,usd_por_eur,1.2974,1.2958,2012-10-31,dentro del umbral
2012-11,usd_por_eur,1.2837,1.301,2012-11-30,dentro del umbral
2012-12,usd_por_eur,1.3119,1.3186,2012-12-31,dentro del umbral
2013-01,usd_por_eur,1.3304,1.3584,2013-01-31,dentro del umbral
2013-02,usd_por_eur,1.3347,1.3079,2013-02-28,dentro del umbral
2013-03,usd_por_eur,1.2953,1.2816,2013-03-29,dentro del umbral
2013-04,usd_por_eur,1.3025,1.3168,2013-04-30,dentro del umbral
2013-05,usd_por_eur,1.2983,1.2988,2013-05-31,dentro del umbral
2013-06,usd_por_eur,1.3197,1.301,2013-06-28,dentro del umbral
2013-07,usd_por_eur,1.3088,1.3282,2013-07-31,dentro del umbral
2013-08,usd_por_eur,1.3314,1.3196,2013-08-30,dentro del umbral
2013-09,usd_por_eur,1.3364,1.3535,2013-09-30,dentro del umbral
2013-10,usd_por_eur,1.3646,1.3594,2013-10-31,dentro del umbral
2013-11,usd_por_eur,1.3491,1.3606,2013-11-29,dentro del umbral
2013-12,usd_por_eur,1.3708,1.3779,2013-12-31,dentro del umbral
2014-01,usd_por_eur,1.3618,1.35,2014-01-31,dentro del umbral
2014-02,usd_por_eur,1.3665,1.3806,2014-02-28,dentro del umbral
2014-03,usd_por_eur,1.3828,1.3777,2014-03-31,dentro del umbral
2014-04,usd_por_eur,1.381,1.387,2014-04-30,dentro del umbral
2014-05,usd_por_eur,1.3739,1.364,2014-05-30,dentro del umbral
2014-06,usd_por_eur,1.3595,1.369,2014-06-30,dentro del umbral
2014-07,usd_por_eur,1.3533,1.339,2014-07-31,dentro del umbral
2014-08,usd_por_eur,1.3315,1.315,2014-08-29,dentro del umbral
2014-09,usd_por_eur,1.2889,1.2628,2014-09-30,dentro del umbral
2014-10,usd_por_eur,1.2677,1.253,2014-10-31,dentro del umbral
2014-11,usd_por_eur,1.2473,1.2438,2014-11-28,dentro del umbral
2014-12,usd_por_eur,1.2329,1.2101,2014-12-31,dentro del umbral
2015-01,usd_por_eur,1.1615,1.129,2015-01-30,dentro del umbral
2015-02,usd_por_eur,1.135,1.1197,2015-02-27,dentro del umbral
2015-03,usd_por_eur,1.0819,1.0741,2015-03-31,dentro del umbral
2015-04,usd_por_eur,1.0822,1.1162,2015-04-30,dentro del umbral
2015-05,usd_por_eur,1.1167,1.0994,2015-05-29,dentro del umbral
2015-06,usd_por_eur,1.1226,1.1154,2015-06-30,dentro del umbral
2015-07,usd_por_eur,1.0997,1.1028,2015-07-31,dentro del umbral
2015-08,usd_por_eur,1.1136,1.1194,2015-08-31,dentro del umbral
2015-09,usd_por_eur,1.1229,1.1162,2015-09-30,dentro del umbral
2015-10,usd_por_eur,1.1228,1.1042,2015-10-30,dentro del umbral
2015-11,usd_por_eur,1.0727,1.0562,2015-11-30,dentro del umbral
2015-12,usd_por_eur,1.0889,1.0859,2015-12-31,dentro del umbral
2016-01,usd_por_eur,1.0855,1.0832,2016-01-29,dentro del umbral
2016-02,usd_por_eur,1.1092,1.0868,2016-02-29,dentro del umbral
2016-03,usd_por_eur,1.1134,1.139,2016-03-31,dentro del umbral
2016-04,usd_por_eur,1.1346,1.1441,2016-04-29,dentro del umbral
2016-05,usd_por_eur,1.1312,1.1135,2016-05-31,dentro del umbral
2016-06,usd_por_eur,1.1232,1.1032,2016-06-30,dentro del umbral
2016-07,usd_por_eur,1.1055,1.1168,2016-07-29,dentro del umbral
2016-08,usd_por_eur,1.1207,1.1146,2016-08-31,dentro del umbral
2016-09,usd_por_eur,1.1218,1.1238,2016-09-30,dentro del umbral
2016-10,usd_por_eur,1.1014,1.0962,2016-10-31,dentro del umbral
2016-11,usd_por_eur,1.0792,1.0578,2016-11-30,dentro del umbral
2016-12,usd_por_eur,1.0545,1.0552,2016-12-30,dentro del umbral
2017-01,usd_por_eur,1.0635,1.0794,2017-01-31,dentro del umbral
2017-02,usd_por_eur,1.065,1.0618,2017-02-28,dentro del umbral
2017-03,usd_por_eur,1.0691,1.0698,2017-03-31,dentro del umbral
2017-04,usd_por_eur,1.0714,1.0895,2017-04-28,dentro del umbral
2017-05,usd_por_eur,1.105,1.1236,2017-05-31,dentro del umbral
2017-06,usd_por_eur,1.1233,1.1411,2017-06-30,dentro del umbral
2017-07,usd_por_eur,1.153,1.1826,2017-07-31,dentro del umbral
2017-08,usd_por_eur,1.1813,1.1894,2017-08-31,dentro del umbral
2017-09,usd_por_eur,1.1913,1.1813,2017-09-29,dentro del umbral
2017-10,usd_por_eur,1.1755,1.1648,2017-10-31,dentro del umbral
2017-11,usd_por_eur,1.1743,1.1898,2017-11-30,dentro del umbral
2017-12,usd_por_eur,1.1836,1.2022,2017-12-29,dentro del umbral
2018-01,usd_por_eur,1.2197,1.2428,2018-01-31,dentro del umbral
2018-02,usd_por_eur,1.234,1.2211,2018-02-28,dentro del umbral
2018-03,usd_por_eur,1.2334,1.232,2018-03-30,dentro del umbral
2018-04,usd_por_eur,1.227,1.2074,2018-04-30,dentro del umbral
2018-05,usd_por_eur,1.1823,1.167,2018-05-31,dentro del umbral
2018-06,usd_por_eur,1.1679,1.1677,2018-06-29,dentro del umbral
2018-07,usd_por_eur,1.1685,1.1706,2018-07-31,dentro del umbral
2018-08,usd_por_eur,1.1547,1.1596,2018-08-31,dentro del umbral
2018-09,usd_por_eur,1.1667,1.1622,2018-09-28,dentro del umbral
2018-10,usd_por_eur,1.1488,1.1332,2018-10-31,dentro del umbral
2018-11,usd_por_eur,1.1364,1.1323,2018-11-30,dentro del umbral
2018-12,usd_por_eur,1.138,1.1456,2018-12-31,dentro del umbral
2019-01,usd_por_eur,1.1418,1.1454,2019-01-31,dentro del umbral
2019-02,usd_por_eur,1.1349,1.1379,2019-02-28,dentro del umbral
2019-03,usd_por_eur,1.1296,1.1228,2019-03-29,dentro del umbral
2019-04,usd_por_eur,1.1234,1.1201,2019-04-30,dentro del umbral
2019-05,usd_por_eur,1.1187,1.1149,2019-05-31,dentro del umbral
2019-06,usd_por_eur,1.1295,1.1374,2019-06-28,dentro del umbral
2019-07,usd_por_eur,1.1211,1.113,2019-07-31,dentro del umbral
2019-08,usd_por_eur,1.1129,1.0989,2019-08-30,dentro del umbral
2019-09,usd_por_eur,1.1011,1.0905,2019-09-30,dentro del umbral
2019-10,usd_por_eur,1.1058,1.1155,2019-10-31,dentro del umbral
2019-11,usd_por_eur,1.1051,1.1019,2019-11-29,dentro del umbral
2019-12,usd_por_eur,1.1114,1.1227,2019-12-31,dentro del umbral
2020-01,usd_por_eur,1.1098,1.1082,2020-01-31,dentro del umbral
2020-02,usd_por_eur,1.0911,1.1001,2020-02-28,dentro del umbral
2020-03,usd_por_eur,1.1046,1.1016,2020-03-31,dentro del umbral
2020-04,usd_por_eur,1.0871,1.0934,2020-04-30,dentro del umbral
2020-05,usd_por_eur,1.0907,1.1107,2020-05-29,dentro del umbral
2020-06,usd_por_eur,1.1259,1.1237,2020-06-30,dentro del umbral
2020-07,usd_por_eur,1.1488,1.1822,2020-07-31,dentro del umbral
2020-08,usd_por_eur,1.1831,1.195,2020-08-31,dentro del umbral
2020-09,usd_por_eur,1.1785,1.1723,2020-09-30,dentro del umbral
2020-10,usd_por_eur,1.1768,1.1647,2020-10-30,dentro del umbral
2020-11,usd_por_eur,1.1826,1.1948,2020-11-30,dentro del umbral
2020-12,usd_por_eur,1.2168,1.223,2020-12-31,dentro del umbral
2021-01,usd_por_eur,1.2178,1.2135,2021-01-29,dentro del umbral
2021-02,usd_por_eur,1.2094,1.2093,2021-02-26,dentro del umbral
2021-03,usd_por_eur,1.1902,1.1743,2021-03-31,dentro del umbral
2021-04,usd_por_eur,1.1965,1.203,2021-04-30,dentro del umbral
2021-05,usd_por_eur,1.2146,1.2194,2021-05-28,dentro del umbral
2021-06,usd_por_eur,1.2048,1.1848,2021-06-30,dentro del umbral
2021-07,usd_por_eur,1.1821,1.1864,2021-07-30,dentro del umbral
2021-08,usd_por_eur,1.1767,1.18,2021-08-31,dentro del umbral
2021-09,usd_por_eur,1.1765,1.1577,2021-09-30,dentro del umbral
2021-10,usd_por_eur,1.16,1.1552,2021-10-29,dentro del umbral
2021-11,usd_por_eur,1.1416,1.1287,2021-11-30,dentro del umbral
2021-12,usd_por_eur,1.1301,1.1318,2021-12-30,dentro del umbral
2022-01,usd_por_eur,1.1317,1.1212,2022-01-31,dentro del umbral
2022-02,usd_por_eur,1.1349,1.1224,2022-02-28,dentro del umbral
2022-03,usd_por_eur,1.1019,1.1093,2022-03-31,dentro del umbral
2022-04,usd_por_eur,1.0803,1.0537,2022-04-29,dentro del umbral
2022-05,usd_por_eur,1.0567,1.0731,2022-05-31,dentro del umbral
2022-06,usd_por_eur,1.0567,1.0469,2022-06-30,dentro del umbral
2022-07,usd_por_eur,1.0168,1.0202,2022-07-29,dentro del umbral
2022-08,usd_por_eur,1.0129,1.0065,2022-08-31,dentro del umbral
2022-09,usd_por_eur,0.9899,0.9783,2022-09-30,dentro del umbral
2022-10,usd_por_eur,0.9853,0.9885,2022-10-31,dentro del umbral
2022-11,usd_por_eur,1.0192,1.0323,2022-11-30,dentro del umbral
2022-12,usd_por_eur,1.0591,1.0698,2022-12-30,dentro del umbral
2023-01,usd_por_eur,1.0777,1.0858,2023-01-31,dentro del umbral
2023-02,usd_por_eur,1.0702,1.0602,2023-02-28,dentro del umbral
2023-03,usd_por_eur,1.0711,1.0872,2023-03-31,dentro del umbral
2023-04,usd_por_eur,1.0962,1.104,2023-04-28,dentro del umbral
2023-05,usd_por_eur,1.0867,1.0654,2023-05-31,dentro del umbral
2023-06,usd_por_eur,1.084,1.092,2023-06-30,dentro del umbral
2023-07,usd_por_eur,1.1067,1.102,2023-07-31,dentro del umbral
2023-08,usd_por_eur,1.091,1.0839,2023-08-31,dentro del umbral
2023-09,usd_por_eur,1.0672,1.0584,2023-09-29,dentro del umbral
2023-10,usd_por_eur,1.0565,1.0568,2023-10-31,dentro del umbral
2023-11,usd_por_eur,1.0819,1.0908,2023-11-30,dentro del umbral
2023-12,usd_por_eur,1.0909,1.1062,2023-12-29,dentro del umbral
2024-01,usd_por_eur,1.0899,1.0855,2024-01-31,dentro del umbral
2024-02,usd_por_eur,1.0793,1.0807,2024-02-29,dentro del umbral
2024-03,usd_por_eur,1.087,1.0791,2024-03-29,dentro del umbral
2024-04,usd_por_eur,1.0724,1.0684,2024-04-30,dentro del umbral
2024-05,usd_por_eur,1.081,1.0846,2024-05-31,dentro del umbral
2024-06,usd_por_eur,1.0763,1.0711,2024-06-28,dentro del umbral
2024-07,usd_por_eur,1.0847,1.0823,2024-07-31,dentro del umbral
2024-08,usd_por_eur,1.102,1.106,2024-08-30,dentro del umbral
2024-09,usd_por_eur,1.1104,1.1145,2024-09-30,dentro del umbral
2024-10,usd_por_eur,1.0895,1.0855,2024-10-31,dentro del umbral
2024-11,usd_por_eur,1.0621,1.0547,2024-11-29,dentro del umbral
2024-12,usd_por_eur,1.0472,1.0351,2024-12-31,dentro del umbral
2025-01,usd_por_eur,1.0356,1.04,2025-01-31,dentro del umbral
2025-02,usd_por_eur,1.0413,1.0402,2025-02-28,dentro del umbral
2025-03,usd_por_eur,1.0813,1.0796,2025-03-31,dentro del umbral
2025-04,usd_por_eur,1.1232,1.1349,2025-04-30,dentro del umbral
2025-05,usd_por_eur,1.1274,1.1347,2025-05-30,dentro del umbral
2025-06,usd_por_eur,1.1534,1.177,2025-06-30,dentro del umbral
2025-07,usd_por_eur,1.1671,1.1431,2025-07-31,dentro del umbral
2025-08,usd_por_eur,1.1647,1.1695,2025-08-29,dentro del umbral
2025-09,usd_por_eur,1.1739,1.1735,2025-09-30,dentro del umbral
2025-10,usd_por_eur,1.1641,1.1541,2025-10-31,dentro del umbral
2025-11,usd_por_eur,1.1558,1.16,2025-11-28,dentro del umbral
2025-12,usd_por_eur,1.171,1.1736,2025-12-31,dentro del umbral
2026-01,usd_por_eur,1.1744,1.1885,2026-01-30,dentro del umbral
2026-02,usd_por_eur,1.1824,1.1822,2026-02-27,dentro del umbral
2026-03,usd_por_eur,1.1557,1.1518,2026-03-31,dentro del umbral
2026-04,usd_por_eur,1.1697,1.1729,2026-04-30,dentro del umbral
2026-05,usd_por_eur,1.1681,1.1679,2026-05-29,dentro del umbral
2026-06,usd_por_eur,1.1516,1.1417,2026-06-30,dentro del umbral
2026-07,usd_por_eur,1.1423,1.1519,2026-07-31,dentro del umbral
2026-08,usd_por_eur,1.1594,1.1617,2026-08-31,dentro del umbral
2026-09,usd_por_eur,1.1505,,,sin comparar
1971-01,jpy_por_usd,358.02,357.72,1971-01-29,dentro del umbral
1971-02,jpy_por_usd,357.545,357.56,1971-02-26,dentro del umbral
1971-03,jpy_por_usd,357.5187,357.42,1971-03-31,dentro del umbral
1971-04,jpy_por_usd,357.5032,357.4,1971-04-30,dentro del umbral
1971-05,jpy_por_usd,357.413,357.4,1971-05-28,dentro del umbral
1971-06,jpy_por_usd,357.4118,357.4,1971-06-30,dentro del umbral
1971-07,jpy_por_usd,357.4043,357.39,1971-07-30,dentro del umbral
1971-08,jpy_por_usd,355.78,339.85,1971-08-31,dentro del umbral
1971-09,jpy_por_usd,338.021,335.35,1971-09-30,dentro del umbral
1971-10,jpy_por_usd,331.1105,329.5,1971-10-29,dentro del umbral
1971-11,jpy_por_usd,328.752,327.44,1971-11-30,dentro del umbral
1971-12,jpy_por_usd,320.0727,315.01,1971-12-31,dentro del umbral
1972-01,jpy_por_usd,312.72,310.56,1972-01-31,dentro del umbral
1972-02,jpy_por_usd,305.187,303.4,1972-02-29,dentro del umbral
1972-03,jpy_por_usd,302.5365,304.32,1972-03-31,dentro del umbral
1972-04,jpy_por_usd,303.5605,304.88,1972-04-28,dentro del umbral
1972-05,jpy_por_usd,304.3795,304.69,1972-05-31,dentro del umbral
1972-06,jpy_por_usd,302.4145,300.93,1972-06-30,dentro del umbral
1972-07,jpy_por_usd,301.0305,301.39,1972-07-31,dentro del umbral
1972-08,jpy_por_usd,301.1609,301.11,1972-08-31,dentro del umbral
1972-09,jpy_por_usd,301.119,301.11,1972-09-29,dentro del umbral
1972-10,jpy_por_usd,301.011,301.11,1972-10-31,dentro del umbral
1972-11,jpy_por_usd,300.9885,301.11,1972-11-30,dentro del umbral
1972-12,jpy_por_usd,301.2405,301.66,1972-12-29,dentro del umbral
1973-01,jpy_por_usd,301.7882,301.39,1973-01-31,dentro del umbral
1973-02,jpy_por_usd,278.4206,265.67,1973-02-28,dentro del umbral
1973-03,jpy_por_usd,261.9014,265.96,1973-03-30,dentro del umbral
1973-04,jpy_por_usd,265.4914,265.53,1973-04-30,dentro del umbral
1973-05,jpy_por_usd,264.6505,264.69,1973-05-31,dentro del umbral
1973-06,jpy_por_usd,264.4981,263.16,1973-06-29,dentro del umbral
1973-07,jpy_por_usd,264.5538,263.44,1973-07-31,dentro del umbral
1973-08,jpy_por_usd,265.22,265.39,1973-08-31,dentro del umbral
1973-09,jpy_por_usd,265.4747,265.6,1973-09-28,dentro del umbral
1973-10,jpy_por_usd,266.3348,266.95,1973-10-31,dentro del umbral
1973-11,jpy_por_usd,278.2625,280.11,1973-11-30,dentro del umbral
1973-12,jpy_por_usd,280.1775,280.27,1973-12-31,dentro del umbral
1974-01,jpy_por_usd,298.1336,298.77,1974-01-31,dentro del umbral
1974-02,jpy_por_usd,291.0872,288.43,1974-02-28,dentro del umbral
1974-03,jpy_por_usd,282.1648,276.09,1974-03-29,dentro del umbral
1974-04,jpy_por_usd,277.7741,279.64,1974-04-30,dentro del umbral
1974-05,jpy_por_usd,278.9664,281.93,1974-05-31,dentro del umbral
1974-06,jpy_por_usd,282.97,284.25,1974-06-28,dentro del umbral
1974-07,jpy_por_usd,290.98,298.24,1974-07-31,dentro del umbral
1974-08,jpy_por_usd,302.2836,302.94,1974-08-30,dentro del umbral
1974-09,jpy_por_usd,299.084,298.33,1974-09-30,dentro del umbral
1974-10,jpy_por_usd,299.3645,299.94,1974-10-31,dentro del umbral
1974-11,jpy_por_usd,300.075,300.3,1974-11-29,dentro del umbral
1974-12,jpy_por_usd,300.4114,301.02,1974-12-31,dentro del umbral
1975-01,jpy_por_usd,299.6845,297.97,1975-01-31,dentro del umbral
1975-02,jpy_por_usd,291.6583,286.45,1975-02-28,dentro del umbral
1975-03,jpy_por_usd,287.9486,294.03,1975-03-31,dentro del umbral
1975-04,jpy_por_usd,292.1968,292.23,1975-04-30,dentro del umbral
1975-05,jpy_por_usd,291.4305,291.55,1975-05-30,dentro del umbral
1975-06,jpy_por_usd,293.4662,295.68,1975-06-30,dentro del umbral
1975-07,jpy_por_usd,296.3741,297.71,1975-07-31,dentro del umbral
1975-08,jpy_por_usd,297.9762,297.97,1975-08-29,dentro del umbral
1975-09,jpy_por_usd,299.909,302.85,1975-09-30,dentro del umbral
1975-10,jpy_por_usd,302.3364,301.75,1975-10-31,dentro del umbral
1975-11,jpy_por_usd,302.5453,303.12,1975-11-28,dentro del umbral
1975-12,jpy_por_usd,305.67,305.16,1975-12-31,dentro del umbral
1976-01,jpy_por_usd,304.6357,303.67,1976-01-30,dentro del umbral
1976-02,jpy_por_usd,301.5944,302.11,1976-02-27,dentro del umbral
1976-03,jpy_por_usd,300.5183,299.58,1976-03-31,dentro del umbral
1976-04,jpy_por_usd,299.1086,299.04,1976-04-30,dentro del umbral
1976-05,jpy_por_usd,299.004,300.03,1976-05-28,dentro del umbral
1976-06,jpy_por_usd,299.1909,297.97,1976-06-30,dentro del umbral
1976-07,jpy_por_usd,294.641,293.26,1976-07-30,dentro del umbral
1976-08,jpy_por_usd,290.6259,289.35,1976-08-31,dentro del umbral
1976-09,jpy_por_usd,287.361,286.86,1976-09-30,dentro del umbral
1976-10,jpy_por_usd,291.189,294.38,1976-10-29,dentro del umbral
1976-11,jpy_por_usd,295.1653,297.09,1976-11-30,dentro del umbral
1976-12,jpy_por_usd,294.7017,293.08,1976-12-31,dentro del umbral
1977-01,jpy_por_usd,291.0524,288.43,1977-01-31,dentro del umbral
1977-02,jpy_por_usd,285.0221,282.81,1977-02-28,dentro del umbral
1977-03,jpy_por_usd,280.2265,277.55,1977-03-31,dentro del umbral
1977-04,jpy_por_usd,275.2071,277.78,1977-04-29,dentro del umbral
1977-05,jpy_por_usd,277.4262,277.28,1977-05-31,dentro del umbral
1977-06,jpy_por_usd,272.8609,267.59,1977-06-30,dentro del umbral
1977-07,jpy_por_usd,264.8632,266.81,1977-07-29,dentro del umbral
1977-08,jpy_por_usd,266.6774,267.5,1977-08-31,dentro del umbral
1977-09,jpy_por_usd,266.77,263.71,1977-09-30,dentro del umbral
1977-10,jpy_por_usd,254.7445,249.13,1977-10-31,dentro del umbral
1977-11,jpy_por_usd,244.7026,244.02,1977-11-30,dentro del umbral
1977-12,jpy_por_usd,241.0229,239.98,1977-12-30,dentro del umbral
1978-01,jpy_por_usd,241.081,241.6,1978-01-31,dentro del umbral
1978-02,jpy_por_usd,240.3722,238.1,1978-02-28,dentro del umbral
1978-03,jpy_por_usd,231.8574,229.89,1978-03-31,dentro del umbral
1978-04,jpy_por_usd,221.857,224.97,1978-04-28,dentro del umbral
1978-05,jpy_por_usd,226.1786,221.34,1978-05-31,dentro del umbral
1978-06,jpy_por_usd,214.1064,203.71,1978-06-30,dentro del umbral
1978-07,jpy_por_usd,199.6955,189.14,1978-07-31,dentro del umbral
1978-08,jpy_por_usd,188.7096,190.51,1978-08-31,dentro del umbral
1978-09,jpy_por_usd,189.9195,189.19,1978-09-29,dentro del umbral
1978-10,jpy_por_usd,183.631,179.5,1978-10-31,dentro del umbral
1978-11,jpy_por_usd,192.1425,199.1,1978-11-30,dentro del umbral
1978-12,jpy_por_usd,195.955,194.3,1978-12-29,dentro del umbral
1979-01,jpy_por_usd,197.755,202.2,1979-01-31,dentro del umbral
1979-02,jpy_por_usd,200.5072,202.65,1979-02-28,dentro del umbral
1979-03,jpy_por_usd,206.3236,209.58,1979-03-30,dentro del umbral
1979-04,jpy_por_usd,216.2852,221.8,1979-04-30,dentro del umbral
1979-05,jpy_por_usd,218.4141,220.35,1979-05-31,dentro del umbral
1979-06,jpy_por_usd,218.5967,217.8,1979-06-29,dentro del umbral
1979-07,jpy_por_usd,216.51,216.7,1979-07-31,dentro del umbral
1979-08,jpy_por_usd,217.9257,220.4,1979-08-31,dentro del umbral
1979-09,jpy_por_usd,222.4137,224.5,1979-09-28,dentro del umbral
1979-10,jpy_por_usd,230.4845,237.85,1979-10-31,dentro del umbral
1979-11,jpy_por_usd,244.9842,249.55,1979-11-30,dentro del umbral
1979-12,jpy_por_usd,240.3745,240.3,1979-12-31,dentro del umbral
1980-01,jpy_por_usd,237.8886,239.33,1980-01-31,dentro del umbral
1980-02,jpy_por_usd,244.35,251.65,1980-02-29,dentro del umbral
1980-03,jpy_por_usd,248.4786,249.95,1980-03-31,dentro del umbral
1980-04,jpy_por_usd,250.275,239.35,1980-04-30,dentro del umbral
1980-05,jpy_por_usd,228.6286,223,1980-05-30,dentro del umbral
1980-06,jpy_por_usd,217.9176,219.9,1980-06-30,dentro del umbral
1980-07,jpy_por_usd,221.1364,227.4,1980-07-31,dentro del umbral
1980-08,jpy_por_usd,223.9138,219.1,1980-08-29,dentro del umbral
1980-09,jpy_por_usd,214.4167,210.85,1980-09-30,dentro del umbral
1980-10,jpy_por_usd,209.3227,211.05,1980-10-31,dentro del umbral
1980-11,jpy_por_usd,213.1059,216.6,1980-11-28,dentro del umbral
1980-12,jpy_por_usd,209.4886,203.1,1980-12-31,dentro del umbral
1981-01,jpy_por_usd,202.3667,206.7,1981-01-30,dentro del umbral
1981-02,jpy_por_usd,205.7167,209.7,1981-02-27,dentro del umbral
1981-03,jpy_por_usd,208.7918,211.25,1981-03-31,dentro del umbral
1981-04,jpy_por_usd,214.9759,215.78,1981-04-30,dentro del umbral
1981-05,jpy_por_usd,220.6285,223.9,1981-05-29,dentro del umbral
1981-06,jpy_por_usd,224.1805,226.85,1981-06-30,dentro del umbral
1981-07,jpy_por_usd,232.3261,240.4,1981-07-31,dentro del umbral
1981-08,jpy_por_usd,233.3262,230.5,1981-08-31,dentro del umbral
1981-09,jpy_por_usd,229.481,232.3,1981-09-30,dentro del umbral
1981-10,jpy_por_usd,231.519,232.8,1981-10-30,dentro del umbral
1981-11,jpy_por_usd,223.1267,214.2,1981-11-30,dentro del umbral
1981-12,jpy_por_usd,218.9545,219.8,1981-12-31,dentro del umbral
1982-01,jpy_por_usd,224.805,228.3,1982-01-29,dentro del umbral
1982-02,jpy_por_usd,235.3056,237.25,1982-02-26,dentro del umbral
1982-03,jpy_por_usd,241.2283,248.25,1982-03-31,dentro del umbral
1982-04,jpy_por_usd,244.1068,235.85,1982-04-30,dentro del umbral
1982-05,jpy_por_usd,236.9635,243.3,1982-05-28,dentro del umbral
1982-06,jpy_por_usd,251.1977,255,1982-06-30,dentro del umbral
1982-07,jpy_por_usd,255.031,258.1,1982-07-30,dentro del umbral
1982-08,jpy_por_usd,259.0455,261.1,1982-08-31,dentro del umbral
1982-09,jpy_por_usd,263.2857,268.3,1982-09-30,dentro del umbral
1982-10,jpy_por_usd,271.615,277.1,1982-10-29,dentro del umbral
1982-11,jpy_por_usd,264.0879,249.2,1982-11-30,dentro del umbral
1982-12,jpy_por_usd,241.9413,234.7,1982-12-31,dentro del umbral
1983-01,jpy_por_usd,232.731,239.85,1983-01-31,dentro del umbral
1983-02,jpy_por_usd,236.1211,237.85,1983-02-28,dentro del umbral
1983-03,jpy_por_usd,238.2543,239,1983-03-31,dentro del umbral
1983-04,jpy_por_usd,237.7467,238.3,1983-04-29,dentro del umbral
1983-05,jpy_por_usd,234.7557,238.85,1983-05-31,dentro del umbral
1983-06,jpy_por_usd,240.0314,239.28,1983-06-30,dentro del umbral
1983-07,jpy_por_usd,240.516,241.75,1983-07-29,dentro del umbral
1983-08,jpy_por_usd,244.4613,246.45,1983-08-31,dentro del umbral
1983-09,jpy_por_usd,242.3462,235.65,1983-09-30,dentro del umbral
1983-10,jpy_por_usd,232.8855,234.05,1983-10-31,dentro del umbral
1983-11,jpy_por_usd,235.03,232.5,1983-11-30,dentro del umbral
1983-12,jpy_por_usd,234.4624,231.7,1983-12-30,dentro del umbral
1984-01,jpy_por_usd,233.8,234.67,1984-01-31,dentro del umbral
1984-02,jpy_por_usd,233.5963,233.43,1984-02-29,dentro del umbral
1984-03,jpy_por_usd,225.2664,224.75,1984-03-30,dentro del umbral
1984-04,jpy_por_usd,225.2,227,1984-04-30,dentro del umbral
1984-05,jpy_por_usd,230.4777,231.58,1984-05-31,dentro del umbral
1984-06,jpy_por_usd,233.5657,237.3,1984-06-29,dentro del umbral
1984-07,jpy_por_usd,243.0676,245.3,1984-07-31,dentro del umbral
1984-08,jpy_por_usd,242.2609,241.9,1984-08-31,dentro del umbral
1984-09,jpy_por_usd,245.4568,246.9,1984-09-28,dentro del umbral
1984-10,jpy_por_usd,246.7545,245.7,1984-10-31,dentro del umbral
1984-11,jpy_por_usd,243.6305,247.5,1984-11-30,dentro del umbral
1984-12,jpy_por_usd,247.964,251.6,1984-12-31,dentro del umbral
1985-01,jpy_por_usd,254.1829,254.8,1985-01-31,dentro del umbral
1985-02,jpy_por_usd,260.4778,259.45,1985-02-28,dentro del umbral
1985-03,jpy_por_usd,257.9205,251,1985-03-29,dentro del umbral
1985-04,jpy_por_usd,251.8455,251.5,1985-04-30,dentro del umbral
1985-05,jpy_por_usd,251.7295,251.2,1985-05-31,dentro del umbral
1985-06,jpy_por_usd,248.84,248.4,1985-06-28,dentro del umbral
1985-07,jpy_por_usd,241.1364,236.45,1985-07-31,dentro del umbral
1985-08,jpy_por_usd,237.4609,239,1985-08-30,dentro del umbral
1985-09,jpy_por_usd,236.5275,216.5,1985-09-30,dentro del umbral
1985-10,jpy_por_usd,214.6805,211.55,1985-10-31,dentro del umbral
1985-11,jpy_por_usd,204.0737,202.1,1985-11-29,dentro del umbral
1985-12,jpy_por_usd,202.7881,200.25,1985-12-31,dentro del umbral
1986-01,jpy_por_usd,199.8905,192.3,1986-01-31,dentro del umbral
1986-02,jpy_por_usd,184.8516,180.55,1986-02-28,dentro del umbral
1986-03,jpy_por_usd,178.6938,177.6,1986-03-31,dentro del umbral
1986-04,jpy_por_usd,175.0918,167.6,1986-04-30,dentro del umbral
1986-05,jpy_por_usd,167.0314,174.5,1986-05-30,dentro del umbral
1986-06,jpy_por_usd,167.5419,163.8,1986-06-30,dentro del umbral
1986-07,jpy_por_usd,158.6059,153.85,1986-07-31,dentro del umbral
1986-08,jpy_por_usd,154.1771,154.55,1986-08-29,dentro del umbral
1986-09,jpy_por_usd,154.7314,154.35,1986-09-30,dentro del umbral
1986-10,jpy_por_usd,156.4723,163.4,1986-10-31,dentro del umbral
1986-11,jpy_por_usd,162.8494,162.05,1986-11-28,dentro del umbral
1986-12,jpy_por_usd,162.0523,158.3,1986-12-31,dentro del umbral
1987-01,jpy_por_usd,154.8295,153.65,1987-01-30,dentro del umbral
1987-02,jpy_por_usd,153.4068,153.27,1987-02-27,dentro del umbral
1987-03,jpy_por_usd,151.4332,145.68,1987-03-31,dentro del umbral
1987-04,jpy_por_usd,142.8986,140.67,1987-04-30,dentro del umbral
1987-05,jpy_por_usd,140.479,144.1,1987-05-29,dentro del umbral
1987-06,jpy_por_usd,144.5495,146.8,1987-06-30,dentro del umbral
1987-07,jpy_por_usd,150.2939,149.9,1987-07-31,dentro del umbral
1987-08,jpy_por_usd,147.3343,141.75,1987-08-31,dentro del umbral
1987-09,jpy_por_usd,143.291,146.5,1987-09-30,dentro del umbral
1987-10,jpy_por_usd,143.32,138.4,1987-10-30,dentro del umbral
1987-11,jpy_por_usd,135.3974,132.42,1987-11-30,dentro del umbral
1987-12,jpy_por_usd,128.2418,121.25,1987-12-31,dentro del umbral
1988-01,jpy_por_usd,127.6853,127.75,1988-01-29,dentro del umbral
1988-02,jpy_por_usd,129.1665,128.45,1988-02-29,dentro del umbral
1988-03,jpy_por_usd,127.1139,124.1,1988-03-31,dentro del umbral
1988-04,jpy_por_usd,124.8976,124.92,1988-04-29,dentro del umbral
1988-05,jpy_por_usd,124.7871,125.11,1988-05-31,dentro del umbral
1988-06,jpy_por_usd,127.4655,133.53,1988-06-30,dentro del umbral
1988-07,jpy_por_usd,133.0215,133.05,1988-07-29,dentro del umbral
1988-08,jpy_por_usd,133.7661,136.52,1988-08-31,dentro del umbral
1988-09,jpy_por_usd,134.3176,133.9,1988-09-30,dentro del umbral
1988-10,jpy_por_usd,128.6805,125.5,1988-10-31,dentro del umbral
1988-11,jpy_por_usd,123.202,121.9,1988-11-30,dentro del umbral
1988-12,jpy_por_usd,123.6076,125.05,1988-12-30,dentro del umbral
1989-01,jpy_por_usd,127.3625,130.5,1989-01-31,dentro del umbral
1989-02,jpy_por_usd,127.7374,126.87,1989-02-28,dentro del umbral
1989-03,jpy_por_usd,130.5504,132.77,1989-03-31,dentro del umbral
1989-04,jpy_por_usd,132.0365,132.85,1989-04-28,dentro del umbral
1989-05,jpy_por_usd,137.8636,142.33,1989-05-31,dentro del umbral
1989-06,jpy_por_usd,143.9809,144,1989-06-30,dentro del umbral
1989-07,jpy_por_usd,140.424,136.95,1989-07-31,dentro del umbral
1989-08,jpy_por_usd,141.4852,144.6,1989-08-31,dentro del umbral
1989-09,jpy_por_usd,145.07,139.6,1989-09-29,dentro del umbral
1989-10,jpy_por_usd,142.2067,142.73,1989-10-31,dentro del umbral
1989-11,jpy_por_usd,143.5343,142.91,1989-11-30,dentro del umbral
1989-12,jpy_por_usd,143.685,143.8,1989-12-29,dentro del umbral
1990-01,jpy_por_usd,144.9819,144.55,1990-01-31,dentro del umbral
1990-02,jpy_por_usd,145.6932,148.82,1990-02-28,dentro del umbral
1990-03,jpy_por_usd,153.3082,157.82,1990-03-30,dentro del umbral
1990-04,jpy_por_usd,158.4586,158.85,1990-04-30,dentro del umbral
1990-05,jpy_por_usd,154.0441,152.64,1990-05-31,dentro del umbral
1990-06,jpy_por_usd,153.6957,152.35,1990-06-29,dentro del umbral
1990-07,jpy_por_usd,149.0395,146.13,1990-07-31,dentro del umbral
1990-08,jpy_por_usd,147.4609,143.93,1990-08-31,dentro del umbral
1990-09,jpy_por_usd,138.4405,138.27,1990-09-28,dentro del umbral
1990-10,jpy_por_usd,129.5909,129.95,1990-10-31,dentro del umbral
1990-11,jpy_por_usd,129.2155,133.1,1990-11-30,dentro del umbral
1990-12,jpy_por_usd,133.889,135.75,1990-12-31,dentro del umbral
1991-01,jpy_por_usd,133.6986,131.45,1991-01-31,dentro del umbral
1991-02,jpy_por_usd,130.5358,132.95,1991-02-28,dentro del umbral
1991-03,jpy_por_usd,137.3867,140.6,1991-03-29,dentro del umbral
1991-04,jpy_por_usd,137.1127,136.38,1991-04-30,dentro del umbral
1991-05,jpy_por_usd,138.2218,138.45,1991-05-31,dentro del umbral
1991-06,jpy_por_usd,139.7475,137.9,1991-06-28,dentro del umbral
1991-07,jpy_por_usd,137.83,137.42,1991-07-31,dentro del umbral
1991-08,jpy_por_usd,136.8164,136.85,1991-08-30,dentro del umbral
1991-09,jpy_por_usd,134.2995,132.85,1991-09-30,dentro del umbral
1991-10,jpy_por_usd,130.7723,130.6,1991-10-31,dentro del umbral
1991-11,jpy_por_usd,129.6321,130.08,1991-11-29,dentro del umbral
1991-12,jpy_por_usd,128.0395,124.9,1991-12-31,dentro del umbral
1992-01,jpy_por_usd,125.4614,125.55,1992-01-31,dentro del umbral
1992-02,jpy_por_usd,127.6989,129.15,1992-02-28,dentro del umbral
1992-03,jpy_por_usd,132.8627,132.92,1992-03-31,dentro del umbral
1992-04,jpy_por_usd,133.5395,133.3,1992-04-30,dentro del umbral
1992-05,jpy_por_usd,130.771,127.75,1992-05-29,dentro del umbral
1992-06,jpy_por_usd,126.8355,125.87,1992-06-30,dentro del umbral
1992-07,jpy_por_usd,125.8817,127.35,1992-07-31,dentro del umbral
1992-08,jpy_por_usd,126.231,122.95,1992-08-31,dentro del umbral
1992-09,jpy_por_usd,122.5967,120,1992-09-30,dentro del umbral
1992-10,jpy_por_usd,121.1652,123.3,1992-10-30,dentro del umbral
1992-11,jpy_por_usd,123.88,124.42,1992-11-30,dentro del umbral
1992-12,jpy_por_usd,124.0409,124.85,1992-12-31,dentro del umbral
1993-01,jpy_por_usd,124.9932,124.97,1993-01-29,dentro del umbral
1993-02,jpy_por_usd,120.7595,118.1,1993-02-26,dentro del umbral
1993-03,jpy_por_usd,117.0174,114.9,1993-03-31,dentro del umbral
1993-04,jpy_por_usd,112.4114,111.27,1993-04-30,dentro del umbral
1993-05,jpy_por_usd,110.343,107.17,1993-05-28,dentro del umbral
1993-06,jpy_por_usd,107.4118,106.8,1993-06-30,dentro del umbral
1993-07,jpy_por_usd,107.6914,105.05,1993-07-30,dentro del umbral
1993-08,jpy_por_usd,103.765,104.73,1993-08-31,dentro del umbral
1993-09,jpy_por_usd,105.5748,106.05,1993-09-30,dentro del umbral
1993-10,jpy_por_usd,107.02,108.35,1993-10-29,dentro del umbral
1993-11,jpy_por_usd,107.8765,109.08,1993-11-30,dentro del umbral
1993-12,jpy_por_usd,109.913,111.7,1993-12-31,dentro del umbral
1994-01,jpy_por_usd,111.4415,108.72,1994-01-31,dentro del umbral
1994-02,jpy_por_usd,106.3011,104.22,1994-02-28,dentro del umbral
1994-03,jpy_por_usd,105.0974,102.4,1994-03-31,dentro del umbral
1994-04,jpy_por_usd,103.4843,102.05,1994-04-29,dentro del umbral
1994-05,jpy_por_usd,103.7533,104.74,1994-05-31,dentro del umbral
1994-06,jpy_por_usd,102.5264,98.51,1994-06-30,dentro del umbral
1994-07,jpy_por_usd,98.445,100.05,1994-07-29,dentro del umbral
1994-08,jpy_por_usd,99.9404,100.11,1994-08-31,dentro del umbral
1994-09,jpy_por_usd,98.7743,99.05,1994-09-30,dentro del umbral
1994-10,jpy_por_usd,98.353,96.9,1994-10-31,dentro del umbral
1994-11,jpy_por_usd,98.044,98.91,1994-11-30,dentro del umbral
1994-12,jpy_por_usd,100.1824,99.6,1994-12-30,dentro del umbral
1995-01,jpy_por_usd,99.766,99.43,1995-01-31,dentro del umbral
1995-02,jpy_por_usd,98.2368,96.6,1995-02-28,dentro del umbral
1995-03,jpy_por_usd,90.5196,86.85,1995-03-31,dentro del umbral
1995-04,jpy_por_usd,83.6895,84.04,1995-04-28,dentro del umbral
1995-05,jpy_por_usd,85.1127,84.65,1995-05-31,dentro del umbral
1995-06,jpy_por_usd,84.6355,84.78,1995-06-30,dentro del umbral
1995-07,jpy_por_usd,87.397,88.34,1995-07-31,dentro del umbral
1995-08,jpy_por_usd,94.7383,97.75,1995-08-31,dentro del umbral
1995-09,jpy_por_usd,100.5455,99.1,1995-09-29,dentro del umbral
1995-10,jpy_por_usd,100.839,102.26,1995-10-31,dentro del umbral
1995-11,jpy_por_usd,101.94,101.8,1995-11-30,dentro del umbral
1995-12,jpy_por_usd,101.8495,103.28,1995-12-29,dentro del umbral
1996-01,jpy_por_usd,105.7514,106.95,1996-01-31,dentro del umbral
1996-02,jpy_por_usd,105.788,105.12,1996-02-29,dentro del umbral
1996-03,jpy_por_usd,105.94,107,1996-03-29,dentro del umbral
1996-04,jpy_por_usd,107.1995,104.63,1996-04-30,dentro del umbral
1996-05,jpy_por_usd,106.3423,107.99,1996-05-31,dentro del umbral
1996-06,jpy_por_usd,108.96,109.48,1996-06-28,dentro del umbral
1996-07,jpy_por_usd,109.1909,106.77,1996-07-31,dentro del umbral
1996-08,jpy_por_usd,107.8659,108.7,1996-08-30,dentro del umbral
1996-09,jpy_por_usd,109.931,111.65,1996-09-30,dentro del umbral
1996-10,jpy_por_usd,112.4123,113.79,1996-10-31,dentro del umbral
1996-11,jpy_por_usd,112.2958,113.88,1996-11-29,dentro del umbral
1996-12,jpy_por_usd,113.981,115.77,1996-12-31,dentro del umbral
1997-01,jpy_por_usd,117.9124,121.25,1997-01-31,dentro del umbral
1997-02,jpy_por_usd,122.9621,120.83,1997-02-28,dentro del umbral
1997-03,jpy_por_usd,122.7738,123.72,1997-03-31,dentro del umbral
1997-04,jpy_por_usd,125.6377,127.03,1997-04-30,dentro del umbral
1997-05,jpy_por_usd,119.1924,116.4,1997-05-30,dentro del umbral
1997-06,jpy_por_usd,114.2857,114.61,1997-06-30,dentro del umbral
1997-07,jpy_por_usd,115.3759,118.37,1997-07-31,dentro del umbral
1997-08,jpy_por_usd,117.9295,120.65,1997-08-29,dentro del umbral
1997-09,jpy_por_usd,120.89,120.71,1997-09-30,dentro del umbral
1997-10,jpy_por_usd,121.0605,120.39,1997-10-31,dentro del umbral
1997-11,jpy_por_usd,125.3817,127.74,1997-11-28,dentro del umbral
1997-12,jpy_por_usd,129.7341,130.45,1997-12-31,dentro del umbral
1998-01,jpy_por_usd,129.5475,127.1,1998-01-30,dentro del umbral
1998-02,jpy_por_usd,125.8516,126.12,1998-02-27,dentro del umbral
1998-03,jpy_por_usd,129.0823,133.29,1998-03-31,dentro del umbral
1998-04,jpy_por_usd,131.7536,132.37,1998-04-30,dentro del umbral
1998-05,jpy_por_usd,134.896,138.5,1998-05-29,dentro del umbral
1998-06,jpy_por_usd,140.3305,138.29,1998-06-30,dentro del umbral
1998-07,jpy_por_usd,140.7874,144.65,1998-07-31,dentro del umbral
1998-08,jpy_por_usd,144.68,140.9,1998-08-31,dentro del umbral
1998-09,jpy_por_usd,134.4805,136.59,1998-09-30,dentro del umbral
1998-10,jpy_por_usd,121.0486,116.45,1998-10-30,dentro del umbral
1998-11,jpy_por_usd,120.2895,123.21,1998-11-30,dentro del umbral
1998-12,jpy_por_usd,117.0709,113.08,1998-12-31,dentro del umbral
1999-01,jpy_por_usd,113.29,116,1999-01-29,dentro del umbral
1999-02,jpy_por_usd,116.6684,118.7,1999-02-26,dentro del umbral
1999-03,jpy_por_usd,119.473,118.43,1999-03-31,dentro del umbral
1999-04,jpy_por_usd,119.7723,119.43,1999-04-30,dentro del umbral
1999-05,jpy_por_usd,121.9995,120.88,1999-05-28,dentro del umbral
1999-06,jpy_por_usd,120.7245,120.94,1999-06-30,dentro del umbral
1999-07,jpy_por_usd,119.3305,114.7,1999-07-30,dentro del umbral
1999-08,jpy_por_usd,113.2268,109.3,1999-08-31,dentro del umbral
1999-09,jpy_por_usd,106.8752,106.82,1999-09-30,dentro del umbral
1999-10,jpy_por_usd,105.965,104.29,1999-10-29,dentro del umbral
1999-11,jpy_por_usd,104.6485,101.8,1999-11-30,dentro del umbral
1999-12,jpy_por_usd,102.5843,102.16,1999-12-31,dentro del umbral
2000-01,jpy_por_usd,105.296,107.33,2000-01-31,dentro del umbral
2000-02,jpy_por_usd,109.3885,109.88,2000-02-29,dentro del umbral
2000-03,jpy_por_usd,106.3074,102.73,2000-03-31,dentro del umbral
2000-04,jpy_por_usd,105.627,107.98,2000-04-28,dentro del umbral
2000-05,jpy_por_usd,108.3205,107.74,2000-05-31,dentro del umbral
2000-06,jpy_por_usd,106.1255,106.14,2000-06-30,dentro del umbral
2000-07,jpy_por_usd,108.2115,109.68,2000-07-31,dentro del umbral
2000-08,jpy_por_usd,108.0804,106.66,2000-08-31,dentro del umbral
2000-09,jpy_por_usd,106.8375,107.9,2000-09-29,dentro del umbral
2000-10,jpy_por_usd,108.4429,109.15,2000-10-31,dentro del umbral
2000-11,jpy_por_usd,109.0095,110.93,2000-11-30,dentro del umbral
2000-12,jpy_por_usd,112.209,114.35,2000-12-29,dentro del umbral
2001-01,jpy_por_usd,116.6719,116.39,2001-01-31,dentro del umbral
2001-02,jpy_por_usd,116.2337,117.28,2001-02-28,dentro del umbral
2001-03,jpy_por_usd,121.505,125.54,2001-03-30,dentro del umbral
2001-04,jpy_por_usd,123.771,123.57,2001-04-30,dentro del umbral
2001-05,jpy_por_usd,121.7682,118.88,2001-05-31,dentro del umbral
2001-06,jpy_por_usd,122.351,124.73,2001-06-29,dentro del umbral
2001-07,jpy_por_usd,124.4981,125,2001-07-31,dentro del umbral
2001-08,jpy_por_usd,121.367,118.75,2001-08-31,dentro del umbral
2001-09,jpy_por_usd,118.6117,119.23,2001-09-28,dentro del umbral
2001-10,jpy_por_usd,121.4536,122.54,2001-10-31,dentro del umbral
2001-11,jpy_por_usd,122.4055,123.22,2001-11-30,dentro del umbral
2001-12,jpy_por_usd,127.5945,131.04,2001-12-31,dentro del umbral
2002-01,jpy_por_usd,132.6833,134.06,2002-01-31,dentro del umbral
2002-02,jpy_por_usd,133.6426,133.96,2002-02-28,dentro del umbral
2002-03,jpy_por_usd,131.061,132.7,2002-03-29,dentro del umbral
2002-04,jpy_por_usd,130.7718,128.45,2002-04-30,dentro del umbral
2002-05,jpy_por_usd,126.375,124.13,2002-05-31,dentro del umbral
2002-06,jpy_por_usd,123.2905,119.85,2002-06-28,dentro del umbral
2002-07,jpy_por_usd,117.8991,119.77,2002-07-31,dentro del umbral
2002-08,jpy_por_usd,118.9927,118.76,2002-08-30,dentro del umbral
2002-09,jpy_por_usd,121.078,121.74,2002-09-30,dentro del umbral
2002-10,jpy_por_usd,123.9077,122.78,2002-10-31,dentro del umbral
2002-11,jpy_por_usd,121.6079,122.72,2002-11-29,dentro del umbral
2002-12,jpy_por_usd,121.8929,118.75,2002-12-31,dentro del umbral
2003-01,jpy_por_usd,118.8133,119.96,2003-01-31,dentro del umbral
2003-02,jpy_por_usd,119.3379,118.22,2003-02-28,dentro del umbral
2003-03,jpy_por_usd,118.6871,118.07,2003-03-31,dentro del umbral
2003-04,jpy_por_usd,119.895,119.07,2003-04-30,dentro del umbral
2003-05,jpy_por_usd,117.3681,119.5,2003-05-30,dentro del umbral
2003-06,jpy_por_usd,118.329,119.87,2003-06-30,dentro del umbral
2003-07,jpy_por_usd,118.6959,120.42,2003-07-31,dentro del umbral
2003-08,jpy_por_usd,118.6624,116.71,2003-08-29,dentro del umbral
2003-09,jpy_por_usd,114.8,111.43,2003-09-30,dentro del umbral
2003-10,jpy_por_usd,109.4955,110.1,2003-10-31,dentro del umbral
2003-11,jpy_por_usd,109.1778,109.53,2003-11-28,dentro del umbral
2003-12,jpy_por_usd,107.7377,107.13,2003-12-31,dentro del umbral
2004-01,jpy_por_usd,106.2685,105.84,2004-01-30,dentro del umbral
2004-02,jpy_por_usd,106.7079,109.26,2004-02-27,dentro del umbral
2004-03,jpy_por_usd,108.5157,104.18,2004-03-31,dentro del umbral
2004-04,jpy_por_usd,107.6564,110.37,2004-04-30,dentro del umbral
2004-05,jpy_por_usd,112.196,110.18,2004-05-28,dentro del umbral
2004-06,jpy_por_usd,109.4336,109.43,2004-06-30,dentro del umbral
2004-07,jpy_por_usd,109.4871,111.39,2004-07-30,dentro del umbral
2004-08,jpy_por_usd,110.2336,109,2004-08-31,dentro del umbral
2004-09,jpy_por_usd,110.0914,110.2,2004-09-30,dentro del umbral
2004-10,jpy_por_usd,108.7835,106.04,2004-10-29,dentro del umbral
2004-11,jpy_por_usd,104.699,103.04,2004-11-30,dentro del umbral
2004-12,jpy_por_usd,103.8104,102.68,2004-12-31,dentro del umbral
2005-01,jpy_por_usd,103.341,103.55,2005-01-31,dentro del umbral
2005-02,jpy_por_usd,104.9442,104.25,2005-02-28,dentro del umbral
2005-03,jpy_por_usd,105.2543,107.22,2005-03-31,dentro del umbral
2005-04,jpy_por_usd,107.1938,104.64,2005-04-29,dentro del umbral
2005-05,jpy_por_usd,106.5952,107.97,2005-05-31,dentro del umbral
2005-06,jpy_por_usd,108.7473,110.91,2005-06-30,dentro del umbral
2005-07,jpy_por_usd,111.9535,112.25,2005-07-29,dentro del umbral
2005-08,jpy_por_usd,110.6065,110.84,2005-08-31,dentro del umbral
2005-09,jpy_por_usd,111.239,113.29,2005-09-30,dentro del umbral
2005-10,jpy_por_usd,114.8695,116.36,2005-10-31,dentro del umbral
2005-11,jpy_por_usd,118.454,119.66,2005-11-30,dentro del umbral
2005-12,jpy_por_usd,118.4624,117.88,2005-12-30,dentro del umbral
2006-01,jpy_por_usd,115.4765,116.88,2006-01-31,dentro del umbral
2006-02,jpy_por_usd,117.8605,115.82,2006-02-28,dentro del umbral
2006-03,jpy_por_usd,117.2778,117.48,2006-03-31,dentro del umbral
2006-04,jpy_por_usd,117.0695,113.79,2006-04-28,dentro del umbral
2006-05,jpy_por_usd,111.7305,112.26,2006-05-31,dentro del umbral
2006-06,jpy_por_usd,114.625,114.51,2006-06-30,dentro del umbral
2006-07,jpy_por_usd,115.767,114.44,2006-07-31,dentro del umbral
2006-08,jpy_por_usd,115.9243,117.35,2006-08-31,dentro del umbral
2006-09,jpy_por_usd,117.2145,117.99,2006-09-29,dentro del umbral
2006-10,jpy_por_usd,118.609,116.82,2006-10-31,dentro del umbral
2006-11,jpy_por_usd,117.3205,115.55,2006-11-30,dentro del umbral
2006-12,jpy_por_usd,117.322,119.02,2006-12-29,dentro del umbral
2007-01,jpy_por_usd,120.4471,121.02,2007-01-31,dentro del umbral
2007-02,jpy_por_usd,120.5047,118.33,2007-02-28,dentro del umbral
2007-03,jpy_por_usd,117.26,117.56,2007-03-30,dentro del umbral
2007-04,jpy_por_usd,118.9324,119.44,2007-04-30,dentro del umbral
2007-05,jpy_por_usd,120.7732,121.76,2007-05-31,dentro del umbral
2007-06,jpy_por_usd,122.6886,123.39,2007-06-29,dentro del umbral
2007-07,jpy_por_usd,121.4148,119.13,2007-07-31,dentro del umbral
2007-08,jpy_por_usd,116.7335,115.83,2007-08-31,dentro del umbral
2007-09,jpy_por_usd,115.0435,114.97,2007-09-28,dentro del umbral
2007-10,jpy_por_usd,115.8661,115.27,2007-10-31,dentro del umbral
2007-11,jpy_por_usd,111.0729,111.02,2007-11-30,dentro del umbral
2007-12,jpy_por_usd,112.449,111.71,2007-12-31,dentro del umbral
2008-01,jpy_por_usd,107.8181,106.74,2008-01-31,dentro del umbral
2008-02,jpy_por_usd,107.03,104.19,2008-02-29,dentro del umbral
2008-03,jpy_por_usd,100.7562,99.85,2008-03-31,dentro del umbral
2008-04,jpy_por_usd,102.6777,104.53,2008-04-30,dentro del umbral
2008-05,jpy_por_usd,104.3595,105.46,2008-05-30,dentro del umbral
2008-06,jpy_por_usd,106.9152,106.17,2008-06-30,dentro del umbral
2008-07,jpy_por_usd,106.8518,108.1,2008-07-31,dentro del umbral
2008-08,jpy_por_usd,109.3624,108.69,2008-08-29,dentro del umbral
2008-09,jpy_por_usd,106.5748,105.94,2008-09-30,dentro del umbral
2008-10,jpy_por_usd,99.9659,98.28,2008-10-31,dentro del umbral
2008-11,jpy_por_usd,96.9656,95.46,2008-11-28,dentro del umbral
2008-12,jpy_por_usd,91.275,90.79,2008-12-31,dentro del umbral
2009-01,jpy_por_usd,90.1205,89.83,2009-01-30,dentro del umbral
2009-02,jpy_por_usd,92.9158,97.74,2009-02-27,dentro del umbral
2009-03,jpy_por_usd,97.855,99.15,2009-03-31,dentro del umbral
2009-04,jpy_por_usd,98.92,98.76,2009-04-30,dentro del umbral
2009-05,jpy_por_usd,96.6445,95.55,2009-05-29,dentro del umbral
2009-06,jpy_por_usd,96.6145,96.42,2009-06-30,dentro del umbral
2009-07,jpy_por_usd,94.367,94.54,2009-07-31,dentro del umbral
2009-08,jpy_por_usd,94.8971,92.82,2009-08-31,dentro del umbral
2009-09,jpy_por_usd,91.2748,89.49,2009-09-30,dentro del umbral
2009-10,jpy_por_usd,90.3671,90.5,2009-10-30,dentro del umbral
2009-11,jpy_por_usd,89.2674,86.12,2009-11-30,dentro del umbral
2009-12,jpy_por_usd,89.9509,93.08,2009-12-31,dentro del umbral
2010-01,jpy_por_usd,91.1011,90.38,2010-01-29,dentro del umbral
2010-02,jpy_por_usd,90.1395,88.84,2010-02-26,dentro del umbral
2010-03,jpy_por_usd,90.7161,93.4,2010-03-31,dentro del umbral
2010-04,jpy_por_usd,93.4527,94.24,2010-04-30,dentro del umbral
2010-05,jpy_por_usd,91.973,90.81,2010-05-28,dentro del umbral
2010-06,jpy_por_usd,90.8059,88.49,2010-06-30,dentro del umbral
2010-07,jpy_por_usd,87.5005,86.43,2010-07-30,dentro del umbral
2010-08,jpy_por_usd,85.3727,84.1,2010-08-31,dentro del umbral
2010-09,jpy_por_usd,84.3571,83.53,2010-09-30,dentro del umbral
2010-10,jpy_por_usd,81.7285,80.48,2010-10-29,dentro del umbral
2010-11,jpy_por_usd,82.518,83.56,2010-11-30,dentro del umbral
2010-12,jpy_por_usd,83.3376,81.67,2010-12-30,dentro del umbral
2011-01,jpy_por_usd,82.625,81.97,2011-01-31,dentro del umbral
2011-02,jpy_por_usd,82.5368,81.94,2011-02-28,dentro del umbral
2011-03,jpy_por_usd,81.647,82.76,2011-03-31,dentro del umbral
2011-04,jpy_por_usd,83.1771,81.31,2011-04-29,dentro del umbral
2011-05,jpy_por_usd,81.1257,81.29,2011-05-31,dentro del umbral
2011-06,jpy_por_usd,80.4259,80.64,2011-06-30,dentro del umbral
2011-07,jpy_por_usd,79.2425,77.18,2011-07-29,dentro del umbral
2011-08,jpy_por_usd,76.9657,76.5,2011-08-31,dentro del umbral
2011-09,jpy_por_usd,76.7957,77.04,2011-09-30,dentro del umbral
2011-10,jpy_por_usd,76.643,77.97,2011-10-31,dentro del umbral
2011-11,jpy_por_usd,77.5595,77.58,2011-11-30,dentro del umbral
2011-12,jpy_por_usd,77.7967,76.98,2011-12-30,dentro del umbral
2012-01,jpy_por_usd,76.964,76.34,2012-01-31,dentro del umbral
2012-02,jpy_por_usd,78.47,81.1,2012-02-29,dentro del umbral
2012-03,jpy_por_usd,82.4659,82.41,2012-03-30,dentro del umbral
2012-04,jpy_por_usd,81.2524,79.81,2012-04-30,dentro del umbral
2012-05,jpy_por_usd,79.6668,78.29,2012-05-31,dentro del umbral
2012-06,jpy_por_usd,79.3152,79.81,2012-06-29,dentro del umbral
2012-07,jpy_por_usd,78.9348,78.1,2012-07-31,dentro del umbral
2012-08,jpy_por_usd,78.6909,78.3,2012-08-31,dentro del umbral
2012-09,jpy_por_usd,78.1353,77.92,2012-09-28,dentro del umbral
2012-10,jpy_por_usd,79.0132,79.94,2012-10-31,dentro del umbral
2012-11,jpy_por_usd,81.0305,82.54,2012-11-30,dentro del umbral
2012-12,jpy_por_usd,83.7905,86.64,2012-12-31,dentro del umbral
2013-01,jpy_por_usd,89.0581,91.28,2013-01-31,dentro del umbral
2013-02,jpy_por_usd,93.0016,92.36,2013-02-28,dentro del umbral
2013-03,jpy_por_usd,94.77,94.16,2013-03-29,dentro del umbral
2013-04,jpy_por_usd,97.7582,97.52,2013-04-30,dentro del umbral
2013-05,jpy_por_usd,100.9186,100.83,2013-05-31,dentro del umbral
2013-06,jpy_por_usd,97.235,99.21,2013-06-28,dentro del umbral
2013-07,jpy_por_usd,99.6727,98.35,2013-07-31,dentro del umbral
2013-08,jpy_por_usd,97.8123,98.22,2013-08-30,dentro del umbral
2013-09,jpy_por_usd,99.21,98.29,2013-09-30,dentro del umbral
2013-10,jpy_por_usd,97.77,98.1,2013-10-31,dentro del umbral
2013-11,jpy_por_usd,100.0737,102.45,2013-11-29,dentro del umbral
2013-12,jpy_por_usd,103.46,105.25,2013-12-31,dentro del umbral
2014-01,jpy_por_usd,103.7614,102.28,2014-01-31,dentro del umbral
2014-02,jpy_por_usd,102.1253,102.08,2014-02-28,dentro del umbral
2014-03,jpy_por_usd,102.3395,102.98,2014-03-31,dentro del umbral
2014-04,jpy_por_usd,102.4582,102.14,2014-04-30,dentro del umbral
2014-05,jpy_por_usd,101.7738,101.77,2014-05-30,dentro del umbral
2014-06,jpy_por_usd,102.0629,101.28,2014-06-30,dentro del umbral
2014-07,jpy_por_usd,101.74,102.75,2014-07-31,dentro del umbral
2014-08,jpy_por_usd,102.9438,104,2014-08-29,dentro del umbral
2014-09,jpy_por_usd,107.4257,109.66,2014-09-30,dentro del umbral
2014-10,jpy_por_usd,108.0264,112.09,2014-10-31,dentro del umbral
2014-11,jpy_por_usd,116.2994,118.7,2014-11-28,dentro del umbral
2014-12,jpy_por_usd,119.3233,119.85,2014-12-31,dentro del umbral
2015-01,jpy_por_usd,118.25,117.44,2015-01-30,dentro del umbral
2015-02,jpy_por_usd,118.76,119.72,2015-02-27,dentro del umbral
2015-03,jpy_por_usd,120.3945,119.96,2015-03-31,dentro del umbral
2015-04,jpy_por_usd,119.5095,119.86,2015-04-30,dentro del umbral
2015-05,jpy_por_usd,120.798,123.98,2015-05-29,dentro del umbral
2015-06,jpy_por_usd,123.7186,122.1,2015-06-30,dentro del umbral
2015-07,jpy_por_usd,123.3109,123.94,2015-07-31,dentro del umbral
2015-08,jpy_por_usd,123.0038,121.26,2015-08-31,dentro del umbral
2015-09,jpy_por_usd,120.1476,119.81,2015-09-30,dentro del umbral
2015-10,jpy_por_usd,120.0481,120.7,2015-10-30,dentro del umbral
2015-11,jpy_por_usd,122.6432,123.22,2015-11-30,dentro del umbral
2015-12,jpy_por_usd,121.635,120.27,2015-12-31,dentro del umbral
2016-01,jpy_por_usd,118.2258,121.05,2016-01-29,dentro del umbral
2016-02,jpy_por_usd,114.6155,112.9,2016-02-29,dentro del umbral
2016-03,jpy_por_usd,112.9317,112.42,2016-03-31,dentro del umbral
2016-04,jpy_por_usd,109.5519,106.9,2016-04-29,dentro del umbral
2016-05,jpy_por_usd,108.8481,110.75,2016-05-31,dentro del umbral
2016-06,jpy_por_usd,105.3509,102.77,2016-06-30,dentro del umbral
2016-07,jpy_por_usd,104.191,102.32,2016-07-29,dentro del umbral
2016-08,jpy_por_usd,101.2383,103.38,2016-08-31,dentro del umbral
2016-09,jpy_por_usd,101.7843,101.21,2016-09-30,dentro del umbral
2016-10,jpy_por_usd,103.9075,105.07,2016-10-31,dentro del umbral
2016-11,jpy_por_usd,108.443,114.34,2016-11-30,dentro del umbral
2016-12,jpy_por_usd,115.9981,116.78,2016-12-30,dentro del umbral
2017-01,jpy_por_usd,114.8721,112.72,2017-01-31,dentro del umbral
2017-02,jpy_por_usd,112.9116,112.06,2017-02-28,dentro del umbral
2017-03,jpy_por_usd,112.9165,111.41,2017-03-31,dentro del umbral
2017-04,jpy_por_usd,110.091,111.44,2017-04-28,dentro del umbral
2017-05,jpy_por_usd,112.2436,110.71,2017-05-31,dentro del umbral
2017-06,jpy_por_usd,110.9141,112.4,2017-06-30,dentro del umbral
2017-07,jpy_por_usd,112.417,110.38,2017-07-31,dentro del umbral
2017-08,jpy_por_usd,109.827,110.06,2017-08-31,dentro del umbral
2017-09,jpy_por_usd,110.776,112.64,2017-09-29,dentro del umbral
2017-10,jpy_por_usd,112.9148,113.63,2017-10-31,dentro del umbral
2017-11,jpy_por_usd,112.819,112.3,2017-11-30,dentro del umbral
2017-12,jpy_por_usd,112.9405,112.69,2017-12-29,dentro del umbral
2018-01,jpy_por_usd,110.871,109.31,2018-01-31,dentro del umbral
2018-02,jpy_por_usd,107.97,106.62,2018-02-28,dentro del umbral
2018-03,jpy_por_usd,106.0468,106.2,2018-03-30,dentro del umbral
2018-04,jpy_por_usd,107.6562,109.28,2018-04-30,dentro del umbral
2018-05,jpy_por_usd,109.6882,108.73,2018-05-31,dentro del umbral
2018-06,jpy_por_usd,110.0638,110.71,2018-06-29,dentro del umbral
2018-07,jpy_por_usd,111.521,111.88,2018-07-31,dentro del umbral
2018-08,jpy_por_usd,110.9965,110.98,2018-08-31,dentro del umbral
2018-09,jpy_por_usd,112.0974,113.48,2018-09-28,dentro del umbral
2018-10,jpy_por_usd,112.7218,112.86,2018-10-31,dentro del umbral
2018-11,jpy_por_usd,113.338,113.54,2018-11-30,dentro del umbral
2018-12,jpy_por_usd,112.1994,109.7,2018-12-31,dentro del umbral
2019-01,jpy_por_usd,108.9605,108.84,2019-01-31,dentro del umbral
2019-02,jpy_por_usd,110.44,111.38,2019-02-28,dentro del umbral
2019-03,jpy_por_usd,111.1443,110.68,2019-03-29,dentro del umbral
2019-04,jpy_por_usd,111.6414,111.4,2019-04-30,dentro del umbral
2019-05,jpy_por_usd,109.9714,108.66,2019-05-31,dentro del umbral
2019-06,jpy_por_usd,108.0685,107.84,2019-06-28,dentro del umbral
2019-07,jpy_por_usd,108.2864,108.58,2019-07-31,dentro del umbral
2019-08,jpy_por_usd,106.1886,106.3,2019-08-30,dentro del umbral
2019-09,jpy_por_usd,107.54,108.11,2019-09-30,dentro del umbral
2019-10,jpy_por_usd,108.1368,108.09,2019-10-31,dentro del umbral
2019-11,jpy_por_usd,108.8579,109.47,2019-11-29,dentro del umbral
2019-12,jpy_por_usd,109.101,108.67,2019-12-31,dentro del umbral
2020-01,jpy_por_usd,109.2667,108.5,2020-01-31,dentro del umbral
2020-02,jpy_por_usd,110.0295,108.12,2020-02-28,dentro del umbral
2020-03,jpy_por_usd,107.6673,107.53,2020-03-31,dentro del umbral
2020-04,jpy_por_usd,107.7386,106.94,2020-04-30,dentro del umbral
2020-05,jpy_por_usd,107.2,107.77,2020-05-29,dentro del umbral
2020-06,jpy_por_usd,107.5782,107.77,2020-06-30,dentro del umbral
2020-07,jpy_por_usd,106.6818,105.78,2020-07-31,dentro del umbral
2020-08,jpy_por_usd,106.0129,105.84,2020-08-31,dentro del umbral
2020-09,jpy_por_usd,105.589,105.58,2020-09-30,dentro del umbral
2020-10,jpy_por_usd,105.2095,104.54,2020-10-30,dentro del umbral
2020-11,jpy_por_usd,104.4061,104.38,2020-11-30,dentro del umbral
2020-12,jpy_por_usd,103.7952,103.19,2020-12-31,dentro del umbral
2021-01,jpy_por_usd,103.7883,104.64,2021-01-29,dentro del umbral
2021-02,jpy_por_usd,105.3774,106.64,2021-02-26,dentro del umbral
2021-03,jpy_por_usd,108.6991,110.61,2021-03-31,dentro del umbral
2021-04,jpy_por_usd,109.0445,109.33,2021-04-30,dentro del umbral
2021-05,jpy_por_usd,109.112,109.83,2021-05-28,dentro del umbral
2021-06,jpy_por_usd,110.1073,111.05,2021-06-30,dentro del umbral
2021-07,jpy_por_usd,110.2143,109.7,2021-07-30,dentro del umbral
2021-08,jpy_por_usd,109.8527,110.05,2021-08-31,dentro del umbral
2021-09,jpy_por_usd,110.161,111.5,2021-09-30,dentro del umbral
2021-10,jpy_por_usd,113.1215,114.03,2021-10-29,dentro del umbral
2021-11,jpy_por_usd,113.965,113.22,2021-11-30,dentro del umbral
2021-12,jpy_por_usd,113.8329,115.17,2021-12-30,dentro del umbral
2022-01,jpy_por_usd,114.8255,115.22,2022-01-31,dentro del umbral
2022-02,jpy_por_usd,115.2763,115.11,2022-02-28,dentro del umbral
2022-03,jpy_por_usd,118.5774,121.44,2022-03-31,dentro del umbral
2022-04,jpy_por_usd,126.3743,129.84,2022-04-29,dentro del umbral
2022-05,jpy_por_usd,128.8486,128.53,2022-05-31,dentro del umbral
2022-06,jpy_por_usd,133.9619,135.69,2022-06-30,dentro del umbral
2022-07,jpy_por_usd,136.709,133.25,2022-07-29,dentro del umbral
2022-08,jpy_por_usd,135.2835,138.69,2022-08-31,dentro del umbral
2022-09,jpy_por_usd,143.2843,144.71,2022-09-30,dentro del umbral
2022-10,jpy_por_usd,147.0515,148.63,2022-10-31,dentro del umbral
2022-11,jpy_por_usd,142.445,139.31,2022-11-30,dentro del umbral
2022-12,jpy_por_usd,134.9148,131.81,2022-12-30,dentro del umbral
2023-01,jpy_por_usd,130.4475,130.17,2023-01-31,dentro del umbral
2023-02,jpy_por_usd,133.0463,136.09,2023-02-28,dentro del umbral
2023-03,jpy_por_usd,133.6643,132.75,2023-03-31,dentro del umbral
2023-04,jpy_por_usd,133.4745,135.99,2023-04-28,dentro del umbral
2023-05,jpy_por_usd,137.0532,139.78,2023-05-31,dentro del umbral
2023-06,jpy_por_usd,141.3581,144.47,2023-06-30,dentro del umbral
2023-07,jpy_por_usd,140.936,142.18,2023-07-31,dentro del umbral
2023-08,jpy_por_usd,144.7804,145.68,2023-08-31,dentro del umbral
2023-09,jpy_por_usd,147.845,149.43,2023-09-29,dentro del umbral
2023-10,jpy_por_usd,149.5933,151.46,2023-10-31,dentro del umbral
2023-11,jpy_por_usd,149.679,147.87,2023-11-30,dentro del umbral
2023-12,jpy_por_usd,143.9815,140.92,2023-12-29,dentro del umbral
2024-01,jpy_por_usd,146.2943,146.26,2024-01-31,dentro del umbral
2024-02,jpy_por_usd,149.615,149.9,2024-02-29,dentro del umbral
2024-03,jpy_por_usd,149.8186,151.22,2024-03-29,dentro del umbral
2024-04,jpy_por_usd,153.89,157.54,2024-04-30,dentro del umbral
2024-05,jpy_por_usd,155.8691,157.19,2024-05-31,dentro del umbral
2024-06,jpy_por_usd,157.86,160.88,2024-06-28,dentro del umbral
2024-07,jpy_por_usd,157.5182,150.38,2024-07-31,dentro del umbral
2024-08,jpy_por_usd,146.2641,145.95,2024-08-30,dentro del umbral
2024-09,jpy_por_usd,142.954,143.25,2024-09-30,dentro del umbral
2024-10,jpy_por_usd,149.8909,152.35,2024-10-31,dentro del umbral
2024-11,jpy_por_usd,153.7126,150.41,2024-11-29,dentro del umbral
2024-12,jpy_por_usd,153.8143,157.37,2024-12-31,dentro del umbral
2025-01,jpy_por_usd,156.4819,154.91,2025-01-31,dentro del umbral
2025-02,jpy_por_usd,151.5716,150.64,2025-02-28,dentro del umbral
2025-03,jpy_por_usd,149.0576,149.9,2025-03-31,dentro del umbral
2025-04,jpy_por_usd,144.1286,142.63,2025-04-30,dentro del umbral
2025-05,jpy_por_usd,144.8762,144.18,2025-05-30,dentro del umbral
2025-06,jpy_por_usd,144.4835,144.17,2025-06-30,dentro del umbral
2025-07,jpy_por_usd,147.2014,150.6,2025-07-31,dentro del umbral
2025-08,jpy_por_usd,147.4786,146.9,2025-08-29,dentro del umbral
2025-09,jpy_por_usd,147.8629,147.97,2025-09-30,dentro del umbral
2025-10,jpy_por_usd,151.3545,154.05,2025-10-31,dentro del umbral
2025-11,jpy_por_usd,155.1411,156.17,2025-11-28,dentro del umbral
2025-12,jpy_por_usd,155.915,156.8,2025-12-31,dentro del umbral
2026-01,jpy_por_usd,156.6505,154.34,2026-01-30,dentro del umbral
2026-02,jpy_por_usd,155.1016,156.05,2026-02-27,dentro del umbral
2026-03,jpy_por_usd,158.6827,159.08,2026-03-31,dentro del umbral
2026-04,jpy_por_usd,159.1173,156.66,2026-04-30,dentro del umbral
2026-05,jpy_por_usd,158.153,159.23,2026-05-29,dentro del umbral
2026-06,jpy_por_usd,160.77,162.61,2026-06-30,dentro del umbral
2026-07,jpy_por_usd,162.3295,159.16,2026-07-31,dentro del umbral
2026-08,jpy_por_usd,158.8476,159.74,2026-08-31,dentro del umbral
2026-09,jpy_por_usd,156.4171,,,sin comparar
1981-01,cny_por_usd,1.5518,1.5886,1981-01-30,dentro del umbral
1981-02,cny_por_usd,1.6131,1.6179,1981-02-27,dentro del umbral
1981-03,cny_por_usd,1.6314,1.6165,1981-03-31,dentro del umbral
1981-04,cny_por_usd,1.666,1.6882,1981-04-30,dentro del umbral
1981-05,cny_por_usd,1.727,1.748,1981-05-29,dentro del umbral
1981-06,cny_por_usd,1.7605,1.7511,1981-06-30,dentro del umbral
1981-07,cny_por_usd,1.7647,1.7845,1981-07-31,dentro del umbral
1981-08,cny_por_usd,1.8003,1.7727,1981-08-31,dentro del umbral
1981-09,cny_por_usd,1.7542,1.7719,1981-09-30,dentro del umbral
1981-10,cny_por_usd,1.7576,1.7678,1981-10-30,dentro del umbral
1981-11,cny_por_usd,1.7409,1.7171,1981-11-30,dentro del umbral
1981-12,cny_por_usd,1.7405,1.7499,1981-12-31,dentro del umbral
1982-01,cny_por_usd,1.7713,1.7975,1982-01-29,dentro del umbral
1982-02,cny_por_usd,1.82,1.8355,1982-02-26,dentro del umbral
1982-03,cny_por_usd,1.8429,1.8722,1982-03-31,dentro del umbral
1982-04,cny_por_usd,1.8565,1.8333,1982-04-30,dentro del umbral
1982-05,cny_por_usd,1.8123,1.8331,1982-05-28,dentro del umbral
1982-06,cny_por_usd,1.9014,1.9358,1982-06-30,dentro del umbral
1982-07,cny_por_usd,1.93,1.9312,1982-07-30,dentro del umbral
1982-08,cny_por_usd,1.9432,1.9501,1982-08-31,dentro del umbral
1982-09,cny_por_usd,1.9567,1.9733,1982-09-30,dentro del umbral
1982-10,cny_por_usd,1.9887,2.0046,1982-10-29,dentro del umbral
1982-11,cny_por_usd,2.0002,1.9906,1982-11-30,dentro del umbral
1982-12,cny_por_usd,1.9445,1.9275,1982-12-31,dentro del umbral
1983-01,cny_por_usd,1.9238,1.9464,1983-01-31,dentro del umbral
1983-02,cny_por_usd,1.9653,1.9736,1983-02-28,dentro del umbral
1983-03,cny_por_usd,1.9834,1.9991,1983-03-31,dentro del umbral
1983-04,cny_por_usd,1.9938,1.9909,1983-04-29,dentro del umbral
1983-05,cny_por_usd,1.9895,1.9989,1983-05-31,dentro del umbral
1983-06,cny_por_usd,1.9949,1.9888,1983-06-30,dentro del umbral
1983-07,cny_por_usd,1.9966,1.9985,1983-07-29,dentro del umbral
1983-08,cny_por_usd,1.9843,1.9902,1983-08-31,dentro del umbral
1983-09,cny_por_usd,1.9867,1.9802,1983-09-30,dentro del umbral
1983-10,cny_por_usd,1.9664,1.984,1983-10-31,dentro del umbral
1983-11,cny_por_usd,1.994,1.994,1983-11-30,dentro del umbral
1983-12,cny_por_usd,1.992,1.9859,1983-12-30,dentro del umbral
1984-01,cny_por_usd,2.049,2.079,1984-01-31,dentro del umbral
1984-02,cny_por_usd,2.0628,2.0519,1984-02-29,dentro del umbral
1984-03,cny_por_usd,2.0646,2.0639,1984-03-30,dentro del umbral
1984-04,cny_por_usd,2.0929,2.1329,1984-04-30,dentro del umbral
1984-05,cny_por_usd,2.1866,2.2173,1984-05-31,dentro del umbral
1984-06,cny_por_usd,2.2178,2.2529,1984-06-29,dentro del umbral
1984-07,cny_por_usd,2.2996,2.3374,1984-07-31,dentro del umbral
1984-08,cny_por_usd,2.3718,2.4196,1984-08-31,dentro del umbral
1984-09,cny_por_usd,2.5469,2.5746,1984-09-28,dentro del umbral
1984-10,cny_por_usd,2.6488,2.6466,1984-10-31,dentro del umbral
1984-11,cny_por_usd,2.6785,2.7953,1984-11-30,dentro del umbral
1984-12,cny_por_usd,2.7953,2.8027,1984-12-31,dentro del umbral
1985-01,cny_por_usd,2.816,2.8167,1985-01-31,dentro del umbral
1985-02,cny_por_usd,2.8347,2.8417,1985-02-28,dentro del umbral
1985-03,cny_por_usd,2.8533,2.8269,1985-03-29,dentro del umbral
1985-04,cny_por_usd,2.848,2.8593,1985-04-30,dentro del umbral
1985-05,cny_por_usd,2.8556,2.8508,1985-05-31,dentro del umbral
1985-06,cny_por_usd,2.8693,2.8851,1985-06-28,dentro del umbral
1985-07,cny_por_usd,2.8809,2.885,1985-07-31,dentro del umbral
1985-08,cny_por_usd,2.9093,2.9168,1985-08-30,dentro del umbral
1985-09,cny_por_usd,2.9722,2.9755,1985-09-30,dentro del umbral
1985-10,cny_por_usd,3.0782,3.2095,1985-10-31,dentro del umbral
1985-11,cny_por_usd,3.2086,3.2095,1985-11-29,dentro del umbral
1985-12,cny_por_usd,3.2095,3.2095,1985-12-31,dentro del umbral
1986-01,cny_por_usd,3.2095,3.2095,1986-01-31,dentro del umbral
1986-02,cny_por_usd,3.2152,3.2159,1986-02-28,dentro del umbral
1986-03,cny_por_usd,3.2202,3.2288,1986-03-31,dentro del umbral
1986-04,cny_por_usd,3.2143,3.1999,1986-04-30,dentro del umbral
1986-05,cny_por_usd,3.2014,3.2191,1986-05-30,dentro del umbral
1986-06,cny_por_usd,3.2115,3.2063,1986-06-30,dentro del umbral
1986-07,cny_por_usd,3.6435,3.7129,1986-07-31,dentro del umbral
1986-08,cny_por_usd,3.7129,3.7129,1986-08-29,dentro del umbral
1986-09,cny_por_usd,3.715,3.724,1986-09-30,dentro del umbral
1986-10,cny_por_usd,3.7257,3.7314,1986-10-31,dentro del umbral
1986-11,cny_por_usd,3.7314,3.7314,1986-11-28,dentro del umbral
1986-12,cny_por_usd,3.7314,3.7314,1986-12-31,dentro del umbral
1987-01,cny_por_usd,3.7314,3.7314,1987-01-30,dentro del umbral
1987-02,cny_por_usd,3.7314,3.7314,1987-02-27,dentro del umbral
1987-03,cny_por_usd,3.7314,3.7314,1987-03-31,dentro del umbral
1987-04,cny_por_usd,3.7314,3.7314,1987-04-30,dentro del umbral
1987-05,cny_por_usd,3.7314,3.7314,1987-05-29,dentro del umbral
1987-06,cny_por_usd,3.7314,3.7314,1987-06-30,dentro del umbral
1987-07,cny_por_usd,3.7314,3.7314,1987-07-31,dentro del umbral
1987-08,cny_por_usd,3.7314,3.7314,1987-08-31,dentro del umbral
1987-09,cny_por_usd,3.7314,3.7314,1987-09-30,dentro del umbral
1987-10,cny_por_usd,3.7314,3.7314,1987-10-30,dentro del umbral
1987-11,cny_por_usd,3.7314,3.7314,1987-11-30,dentro del umbral
1987-12,cny_por_usd,3.7314,3.7314,1987-12-31,dentro del umbral
1988-01,cny_por_usd,3.7314,3.7314,1988-01-29,dentro del umbral
1988-02,cny_por_usd,3.7314,3.7314,1988-02-29,dentro del umbral
1988-03,cny_por_usd,3.7314,3.7314,1988-03-31,dentro del umbral
1988-04,cny_por_usd,3.7314,3.7314,1988-04-29,dentro del umbral
1988-05,cny_por_usd,3.7314,3.7314,1988-05-31,dentro del umbral
1988-06,cny_por_usd,3.7314,3.7314,1988-06-30,dentro del umbral
1988-07,cny_por_usd,3.7314,3.7314,1988-07-29,dentro del umbral
1988-08,cny_por_usd,3.7314,3.7314,1988-08-31,dentro del umbral
1988-09,cny_por_usd,3.7314,3.7314,1988-09-30,dentro del umbral
1988-10,cny_por_usd,3.7314,3.7314,1988-10-31,dentro del umbral
1988-11,cny_por_usd,3.7314,3.7314,1988-11-30,dentro del umbral
1988-12,cny_por_usd,3.7314,3.7314,1988-12-30,dentro del umbral
1989-01,cny_por_usd,3.7314,3.7314,1989-01-31,dentro del umbral
1989-02,cny_por_usd,3.7314,3.7314,1989-02-28,dentro del umbral
1989-03,cny_por_usd,3.7314,3.7314,1989-03-31,dentro del umbral
1989-04,cny_por_usd,3.7314,3.7314,1989-04-28,dentro del umbral
1989-05,cny_por_usd,3.7314,3.7314,1989-05-31,dentro del umbral
1989-06,cny_por_usd,3.7314,3.7314,1989-06-30,dentro del umbral
1989-07,cny_por_usd,3.7314,3.7314,1989-07-31,dentro del umbral
1989-08,cny_por_usd,3.7314,3.7314,1989-08-31,dentro del umbral
1989-09,cny_por_usd,3.7314,3.7314,1989-09-29,dentro del umbral
1989-10,cny_por_usd,3.7314,3.7314,1989-10-31,dentro del umbral
1989-11,cny_por_usd,3.7314,3.7314,1989-11-30,dentro del umbral
1989-12,cny_por_usd,4.1825,4.7339,1989-12-29,dentro del umbral
1990-01,cny_por_usd,4.7339,4.7339,1990-01-31,dentro del umbral
1990-02,cny_por_usd,4.7339,4.7339,1990-02-28,dentro del umbral
1990-03,cny_por_usd,4.7339,4.7339,1990-03-30,dentro del umbral
1990-04,cny_por_usd,4.7339,4.7339,1990-04-30,dentro del umbral
1990-05,cny_por_usd,4.7339,4.7339,1990-05-31,dentro del umbral
1990-06,cny_por_usd,4.7339,4.7339,1990-06-29,dentro del umbral
1990-07,cny_por_usd,4.7339,4.7339,1990-07-31,dentro del umbral
1990-08,cny_por_usd,4.7339,4.7339,1990-08-31,dentro del umbral
1990-09,cny_por_usd,4.7342,4.7339,1990-09-28,dentro del umbral
1990-10,cny_por_usd,4.7339,4.7339,1990-10-31,dentro del umbral
1990-11,cny_por_usd,4.9714,5.2352,1990-11-30,dentro del umbral
1990-12,cny_por_usd,5.2352,5.2352,1990-12-31,dentro del umbral
1991-01,cny_por_usd,5.2352,5.2352,1991-01-31,dentro del umbral
1991-02,cny_por_usd,5.2352,5.2352,1991-02-28,dentro del umbral
1991-03,cny_por_usd,5.2352,5.2352,1991-03-29,dentro del umbral
1991-04,cny_por_usd,5.2767,5.3036,1991-04-29,dentro del umbral
1991-05,cny_por_usd,5.3257,5.349,1991-05-31,dentro del umbral
1991-06,cny_por_usd,5.3667,5.369,1991-06-28,dentro del umbral
1991-07,cny_por_usd,5.3693,5.3605,1991-07-31,dentro del umbral
1991-08,cny_por_usd,5.3725,5.3862,1991-08-30,dentro del umbral
1991-09,cny_por_usd,5.3869,5.3899,1991-09-27,dentro del umbral
1991-10,cny_por_usd,5.3917,5.3944,1991-10-31,dentro del umbral
1991-11,cny_por_usd,5.3994,5.4115,1991-11-29,dentro del umbral
1991-12,cny_por_usd,5.4232,5.4478,1991-12-31,dentro del umbral
1992-01,cny_por_usd,5.4618,5.4686,1992-01-31,dentro del umbral
1992-02,cny_por_usd,5.4776,5.483,1992-02-28,dentro del umbral
1992-03,cny_por_usd,5.4871,5.4812,1992-03-31,dentro del umbral
1992-04,cny_por_usd,5.5098,5.5239,1992-04-30,dentro del umbral
1992-05,cny_por_usd,5.5182,5.5048,1992-05-29,dentro del umbral
1992-06,cny_por_usd,5.4893,5.4758,1992-06-30,dentro del umbral
1992-07,cny_por_usd,5.4564,5.4335,1992-07-31,dentro del umbral
1992-08,cny_por_usd,5.4417,5.4199,1992-08-31,dentro del umbral
1992-09,cny_por_usd,5.5048,5.514,1992-09-30,dentro del umbral
1992-10,cny_por_usd,5.5486,5.5654,1992-10-26,dentro del umbral
1992-11,cny_por_usd,5.6134,5.7341,1992-11-30,dentro del umbral
1992-12,cny_por_usd,5.8106,5.7662,1992-12-31,dentro del umbral
1993-01,cny_por_usd,5.7796,5.7894,1993-01-29,dentro del umbral
1993-02,cny_por_usd,5.7874,5.7546,1993-02-26,dentro del umbral
1993-03,cny_por_usd,5.7455,5.7333,1993-03-31,dentro del umbral
1993-04,cny_por_usd,5.7202,5.7076,1993-04-26,dentro del umbral
1993-05,cny_por_usd,5.7392,5.7433,1993-05-28,dentro del umbral
1993-06,cny_por_usd,5.7504,5.7756,1993-06-30,dentro del umbral
1993-07,cny_por_usd,5.7756,5.7756,1993-07-30,dentro del umbral
1993-08,cny_por_usd,5.7906,5.8063,1993-08-31,dentro del umbral
1993-09,cny_por_usd,5.8015,5.8013,1993-09-30,dentro del umbral
1993-10,cny_por_usd,5.8013,5.8013,1993-10-29,dentro del umbral
1993-11,cny_por_usd,5.8086,5.8195,1993-11-30,dentro del umbral
1993-12,cny_por_usd,5.821,5.8145,1993-12-31,dentro del umbral
1994-01,cny_por_usd,8.7219,8.7217,1994-01-31,dentro del umbral
1994-02,cny_por_usd,8.7249,8.7262,1994-02-28,dentro del umbral
1994-03,cny_por_usd,8.7241,8.7298,1994-03-31,dentro del umbral
1994-04,cny_por_usd,8.7251,8.7247,1994-04-29,dentro del umbral
1994-05,cny_por_usd,8.6859,8.6796,1994-05-31,dentro del umbral
1994-06,cny_por_usd,8.6836,8.6717,1994-06-30,dentro del umbral
1994-07,cny_por_usd,8.6605,8.6397,1994-07-29,dentro del umbral
1994-08,cny_por_usd,8.6072,8.5791,1994-08-31,dentro del umbral
1994-09,cny_por_usd,8.5581,8.55,1994-09-30,dentro del umbral
1994-10,cny_por_usd,8.5492,8.546,1994-10-31,dentro del umbral
1994-11,cny_por_usd,8.537,8.529,1994-11-30,dentro del umbral
1994-12,cny_por_usd,8.5033,8.4662,1994-12-30,dentro del umbral
1995-01,cny_por_usd,8.4608,8.4584,1995-01-31,dentro del umbral
1995-02,cny_por_usd,8.4553,8.4511,1995-02-28,dentro del umbral
1995-03,cny_por_usd,8.4483,8.4464,1995-03-31,dentro del umbral
1995-04,cny_por_usd,8.4421,8.4274,1995-04-28,dentro del umbral
1995-05,cny_por_usd,8.337,8.3255,1995-05-31,dentro del umbral
1995-06,cny_por_usd,8.3206,8.3211,1995-06-30,dentro del umbral
1995-07,cny_por_usd,8.3207,8.3203,1995-07-31,dentro del umbral
1995-08,cny_por_usd,8.3253,8.3298,1995-08-31,dentro del umbral
1995-09,cny_por_usd,8.3374,8.3385,1995-09-29,dentro del umbral
1995-10,cny_por_usd,8.3353,8.3349,1995-10-31,dentro del umbral
1995-11,cny_por_usd,8.3334,8.3316,1995-11-30,dentro del umbral
1995-12,cny_por_usd,8.335,8.3374,1995-12-29,dentro del umbral
1996-01,cny_por_usd,8.3384,8.3338,1996-01-31,dentro del umbral
1996-02,cny_por_usd,8.3338,8.3411,1996-02-29,dentro del umbral
1996-03,cny_por_usd,8.3495,8.3538,1996-03-29,dentro del umbral
1996-04,cny_por_usd,8.3515,8.3501,1996-04-30,dentro del umbral
1996-05,cny_por_usd,8.3479,8.3455,1996-05-31,dentro del umbral
1996-06,cny_por_usd,8.3424,8.3421,1996-06-28,dentro del umbral
1996-07,cny_por_usd,8.3409,8.3407,1996-07-31,dentro del umbral
1996-08,cny_por_usd,8.3379,8.3363,1996-08-30,dentro del umbral
1996-09,cny_por_usd,8.3341,8.3317,1996-09-30,dentro del umbral
1996-10,cny_por_usd,8.3299,8.33,1996-10-31,dentro del umbral
1996-11,cny_por_usd,8.3294,8.3312,1996-11-29,dentro del umbral
1996-12,cny_por_usd,8.329,8.3284,1996-12-31,dentro del umbral
1997-01,cny_por_usd,8.326,8.3234,1997-01-31,dentro del umbral
1997-02,cny_por_usd,8.3227,8.3254,1997-02-28,dentro del umbral
1997-03,cny_por_usd,8.3258,8.3255,1997-03-31,dentro del umbral
1997-04,cny_por_usd,8.3257,8.3245,1997-04-30,dentro del umbral
1997-05,cny_por_usd,8.3229,8.3221,1997-05-30,dentro del umbral
1997-06,cny_por_usd,8.3224,8.3207,1997-06-30,dentro del umbral
1997-07,cny_por_usd,8.3162,8.2913,1997-07-31,dentro del umbral
1997-08,cny_por_usd,8.3187,8.3184,1997-08-29,dentro del umbral
1997-09,cny_por_usd,8.3171,8.3149,1997-09-30,dentro del umbral
1997-10,cny_por_usd,8.3135,8.3134,1997-10-31,dentro del umbral
1997-11,cny_por_usd,8.3109,8.3096,1997-11-28,dentro del umbral
1997-12,cny_por_usd,8.3099,8.31,1997-12-31,dentro del umbral
1998-01,cny_por_usd,8.3094,8.31,1998-01-30,dentro del umbral
1998-02,cny_por_usd,8.3072,8.31,1998-02-27,dentro del umbral
1998-03,cny_por_usd,8.3076,8.28,1998-03-31,dentro del umbral
1998-04,cny_por_usd,8.3058,8.31,1998-04-30,dentro del umbral
1998-05,cny_por_usd,8.3084,8.31,1998-05-29,dentro del umbral
1998-06,cny_por_usd,8.31,8.31,1998-06-30,dentro del umbral
1998-07,cny_por_usd,8.31,8.31,1998-07-31,dentro del umbral
1998-08,cny_por_usd,8.31,8.31,1998-08-31,dentro del umbral
1998-09,cny_por_usd,8.3055,8.278,1998-09-30,dentro del umbral
1998-10,cny_por_usd,8.2778,8.2778,1998-10-30,dentro del umbral
1998-11,cny_por_usd,8.2778,8.2782,1998-11-30,dentro del umbral
1998-12,cny_por_usd,8.278,8.2789,1998-12-31,dentro del umbral
1999-01,cny_por_usd,8.2789,8.2778,1999-01-29,dentro del umbral
1999-02,cny_por_usd,8.2781,8.279,1999-02-26,dentro del umbral
1999-03,cny_por_usd,8.2792,8.28,1999-03-31,dentro del umbral
1999-04,cny_por_usd,8.2792,8.279,1999-04-30,dentro del umbral
1999-05,cny_por_usd,8.2785,8.2786,1999-05-28,dentro del umbral
1999-06,cny_por_usd,8.278,8.2787,1999-06-30,dentro del umbral
1999-07,cny_por_usd,8.2776,8.2774,1999-07-30,dentro del umbral
1999-08,cny_por_usd,8.2772,8.277,1999-08-31,dentro del umbral
1999-09,cny_por_usd,8.2774,8.2778,1999-09-30,dentro del umbral
1999-10,cny_por_usd,8.2775,8.2778,1999-10-29,dentro del umbral
1999-11,cny_por_usd,8.2782,8.2789,1999-11-30,dentro del umbral
1999-12,cny_por_usd,8.2794,8.2795,1999-12-31,dentro del umbral
2000-01,cny_por_usd,8.2792,8.2777,2000-01-31,dentro del umbral
2000-02,cny_por_usd,8.2781,8.2786,2000-02-29,dentro del umbral
2000-03,cny_por_usd,8.2786,8.2787,2000-03-31,dentro del umbral
2000-04,cny_por_usd,8.2793,8.2799,2000-04-28,dentro del umbral
2000-05,cny_por_usd,8.2781,8.2773,2000-05-31,dentro del umbral
2000-06,cny_por_usd,8.2772,8.2782,2000-06-30,dentro del umbral
2000-07,cny_por_usd,8.2794,8.2792,2000-07-31,dentro del umbral
2000-08,cny_por_usd,8.2796,8.2786,2000-08-31,dentro del umbral
2000-09,cny_por_usd,8.2785,8.2798,2000-09-29,dentro del umbral
2000-10,cny_por_usd,8.2785,8.2775,2000-10-31,dentro del umbral
2000-11,cny_por_usd,8.2774,8.2777,2000-11-30,dentro del umbral
2000-12,cny_por_usd,8.2771,8.2774,2000-12-29,dentro del umbral
2001-01,cny_por_usd,8.2776,8.2781,2001-01-31,dentro del umbral
2001-02,cny_por_usd,8.2771,8.2783,2001-02-28,dentro del umbral
2001-03,cny_por_usd,8.2775,8.2777,2001-03-30,dentro del umbral
2001-04,cny_por_usd,8.2771,8.2774,2001-04-30,dentro del umbral
2001-05,cny_por_usd,8.277,8.277,2001-05-31,dentro del umbral
2001-06,cny_por_usd,8.277,8.2767,2001-06-29,dentro del umbral
2001-07,cny_por_usd,8.2769,8.277,2001-07-31,dentro del umbral
2001-08,cny_por_usd,8.277,8.2769,2001-08-31,dentro del umbral
2001-09,cny_por_usd,8.2768,8.2768,2001-09-28,dentro del umbral
2001-10,cny_por_usd,8.2768,8.2768,2001-10-31,dentro del umbral
2001-11,cny_por_usd,8.2769,8.2772,2001-11-30,dentro del umbral
2001-12,cny_por_usd,8.2764,8.2766,2001-12-31,dentro del umbral
2002-01,cny_por_usd,8.2771,8.2765,2002-01-31,dentro del umbral
2002-02,cny_por_usd,8.2767,8.2765,2002-02-28,dentro del umbral
2002-03,cny_por_usd,8.2773,8.2774,2002-03-29,dentro del umbral
2002-04,cny_por_usd,8.2772,8.2773,2002-04-30,dentro del umbral
2002-05,cny_por_usd,8.277,8.2765,2002-05-31,dentro del umbral
2002-06,cny_por_usd,8.2767,8.2771,2002-06-28,dentro del umbral
2002-07,cny_por_usd,8.2768,8.2767,2002-07-31,dentro del umbral
2002-08,cny_por_usd,8.2767,8.2768,2002-08-30,dentro del umbral
2002-09,cny_por_usd,8.277,8.2774,2002-09-30,dentro del umbral
2002-10,cny_por_usd,8.2772,8.2771,2002-10-31,dentro del umbral
2002-11,cny_por_usd,8.2772,8.2773,2002-11-29,dentro del umbral
2002-12,cny_por_usd,8.2777,8.28,2002-12-31,dentro del umbral
2003-01,cny_por_usd,8.2775,8.2768,2003-01-31,dentro del umbral
2003-02,cny_por_usd,8.278,8.2775,2003-02-28,dentro del umbral
2003-03,cny_por_usd,8.2773,8.2774,2003-03-31,dentro del umbral
2003-04,cny_por_usd,8.2772,8.2771,2003-04-30,dentro del umbral
2003-05,cny_por_usd,8.2769,8.2768,2003-05-30,dentro del umbral
2003-06,cny_por_usd,8.2771,8.2776,2003-06-30,dentro del umbral
2003-07,cny_por_usd,8.2773,8.2774,2003-07-31,dentro del umbral
2003-08,cny_por_usd,8.277,8.2772,2003-08-29,dentro del umbral
2003-09,cny_por_usd,8.2772,8.2771,2003-09-30,dentro del umbral
2003-10,cny_por_usd,8.2768,8.2766,2003-10-31,dentro del umbral
2003-11,cny_por_usd,8.2769,8.277,2003-11-28,dentro del umbral
2003-12,cny_por_usd,8.277,8.2767,2003-12-31,dentro del umbral
2004-01,cny_por_usd,8.277,8.2768,2004-01-30,dentro del umbral
2004-02,cny_por_usd,8.2771,8.2769,2004-02-27,dentro del umbral
2004-03,cny_por_usd,8.2771,8.277,2004-03-31,dentro del umbral
2004-04,cny_por_usd,8.2769,8.2771,2004-04-30,dentro del umbral
2004-05,cny_por_usd,8.2771,8.2769,2004-05-28,dentro del umbral
2004-06,cny_por_usd,8.2767,8.2766,2004-06-30,dentro del umbral
2004-07,cny_por_usd,8.2767,8.2769,2004-07-30,dentro del umbral
2004-08,cny_por_usd,8.2768,8.2766,2004-08-31,dentro del umbral
2004-09,cny_por_usd,8.2767,8.2766,2004-09-30,dentro del umbral
2004-10,cny_por_usd,8.2765,8.2766,2004-10-29,dentro del umbral
2004-11,cny_por_usd,8.2765,8.2765,2004-11-30,dentro del umbral
2004-12,cny_por_usd,8.2765,8.2765,2004-12-31,dentro del umbral
2005-01,cny_por_usd,8.2765,8.2765,2005-01-31,dentro del umbral
2005-02,cny_por_usd,8.2765,8.2765,2005-02-28,dentro del umbral
2005-03,cny_por_usd,8.2765,8.2765,2005-03-31,dentro del umbral
2005-04,cny_por_usd,8.2765,8.2765,2005-04-29,dentro del umbral
2005-05,cny_por_usd,8.2765,8.2765,2005-05-31,dentro del umbral
2005-06,cny_por_usd,8.2765,8.2765,2005-06-30,dentro del umbral
2005-07,cny_por_usd,8.2264,8.1056,2005-07-29,dentro del umbral
2005-08,cny_por_usd,8.1017,8.0998,2005-08-31,dentro del umbral
2005-09,cny_por_usd,8.0919,8.092,2005-09-30,dentro del umbral
2005-10,cny_por_usd,8.0895,8.0845,2005-10-31,dentro del umbral
2005-11,cny_por_usd,8.084,8.0804,2005-11-30,dentro del umbral
2005-12,cny_por_usd,8.0755,8.0702,2005-12-30,dentro del umbral
2006-01,cny_por_usd,8.0654,8.0608,2006-01-31,dentro del umbral
2006-02,cny_por_usd,8.0512,8.0415,2006-02-28,dentro del umbral
2006-03,cny_por_usd,8.035,8.0167,2006-03-31,dentro del umbral
2006-04,cny_por_usd,8.0143,8.0165,2006-04-28,dentro del umbral
2006-05,cny_por_usd,8.0131,8.0215,2006-05-31,dentro del umbral
2006-06,cny_por_usd,8.0042,7.9943,2006-06-30,dentro del umbral
2006-07,cny_por_usd,7.9897,7.969,2006-07-31,dentro del umbral
2006-08,cny_por_usd,7.9722,7.9538,2006-08-31,dentro del umbral
2006-09,cny_por_usd,7.9334,7.904,2006-09-29,dentro del umbral
2006-10,cny_por_usd,7.9018,7.8785,2006-10-31,dentro del umbral
2006-11,cny_por_usd,7.8622,7.834,2006-11-30,dentro del umbral
2006-12,cny_por_usd,7.8219,7.8041,2006-12-29,dentro del umbral
2007-01,cny_por_usd,7.7876,7.7714,2007-01-31,dentro del umbral
2007-02,cny_por_usd,7.7502,7.741,2007-02-28,dentro del umbral
2007-03,cny_por_usd,7.7369,7.7232,2007-03-30,dentro del umbral
2007-04,cny_por_usd,7.7247,7.709,2007-04-30,dentro del umbral
2007-05,cny_por_usd,7.6773,7.6516,2007-05-31,dentro del umbral
2007-06,cny_por_usd,7.6333,7.612,2007-06-29,dentro del umbral
2007-07,cny_por_usd,7.5757,7.572,2007-07-31,dentro del umbral
2007-08,cny_por_usd,7.5734,7.5462,2007-08-31,dentro del umbral
2007-09,cny_por_usd,7.521,7.4928,2007-09-28,dentro del umbral
2007-10,cny_por_usd,7.5019,7.4682,2007-10-31,dentro del umbral
2007-11,cny_por_usd,7.421,7.385,2007-11-30,dentro del umbral
2007-12,cny_por_usd,7.3682,7.2946,2007-12-31,dentro del umbral
2008-01,cny_por_usd,7.2405,7.1818,2008-01-31,dentro del umbral
2008-02,cny_por_usd,7.1644,7.1115,2008-02-29,dentro del umbral
2008-03,cny_por_usd,7.0722,7.012,2008-03-31,dentro del umbral
2008-04,cny_por_usd,6.9997,6.987,2008-04-30,dentro del umbral
2008-05,cny_por_usd,6.9725,6.94,2008-05-30,dentro del umbral
2008-06,cny_por_usd,6.8993,6.8591,2008-06-30,dentro del umbral
2008-07,cny_por_usd,6.8355,6.8388,2008-07-31,dentro del umbral
2008-08,cny_por_usd,6.8462,6.8252,2008-08-29,dentro del umbral
2008-09,cny_por_usd,6.8307,6.7899,2008-09-30,dentro del umbral
2008-10,cny_por_usd,6.8358,6.8388,2008-10-31,dentro del umbral
2008-11,cny_por_usd,6.8281,6.8254,2008-11-28,dentro del umbral
2008-12,cny_por_usd,6.8539,6.8225,2008-12-31,dentro del umbral
2009-01,cny_por_usd,6.836,6.8392,2009-01-30,dentro del umbral
2009-02,cny_por_usd,6.8363,6.8395,2009-02-27,dentro del umbral
2009-03,cny_por_usd,6.836,6.8329,2009-03-31,dentro del umbral
2009-04,cny_por_usd,6.8306,6.818,2009-04-30,dentro del umbral
2009-05,cny_por_usd,6.8235,6.8278,2009-05-29,dentro del umbral
2009-06,cny_por_usd,6.8334,6.8302,2009-06-30,dentro del umbral
2009-07,cny_por_usd,6.8317,6.8319,2009-07-31,dentro del umbral
2009-08,cny_por_usd,6.8323,6.8299,2009-08-31,dentro del umbral
2009-09,cny_por_usd,6.8277,6.8262,2009-09-30,dentro del umbral
2009-10,cny_por_usd,6.8267,6.8264,2009-10-30,dentro del umbral
2009-11,cny_por_usd,6.8271,6.8265,2009-11-30,dentro del umbral
2009-12,cny_por_usd,6.8275,6.8259,2009-12-31,dentro del umbral
2010-01,cny_por_usd,6.8269,6.8268,2010-01-29,dentro del umbral
2010-02,cny_por_usd,6.8285,6.8258,2010-02-26,dentro del umbral
2010-03,cny_por_usd,6.8262,6.8258,2010-03-31,dentro del umbral
2010-04,cny_por_usd,6.8256,6.8247,2010-04-30,dentro del umbral
2010-05,cny_por_usd,6.8275,6.8305,2010-05-28,dentro del umbral
2010-06,cny_por_usd,6.8184,6.7815,2010-06-30,dentro del umbral
2010-07,cny_por_usd,6.7762,6.7735,2010-07-30,dentro del umbral
2010-08,cny_por_usd,6.7873,6.8069,2010-08-31,dentro del umbral
2010-09,cny_por_usd,6.7396,6.6905,2010-09-30,dentro del umbral
2010-10,cny_por_usd,6.6678,6.6707,2010-10-29,dentro del umbral
2010-11,cny_por_usd,6.6538,6.667,2010-11-30,dentro del umbral
2010-12,cny_por_usd,6.6497,6.6,2010-12-30,dentro del umbral
2011-01,cny_por_usd,6.5964,6.6017,2011-01-31,dentro del umbral
2011-02,cny_por_usd,6.5761,6.5713,2011-02-28,dentro del umbral
2011-03,cny_por_usd,6.5645,6.5483,2011-03-31,dentro del umbral
2011-04,cny_por_usd,6.5267,6.49,2011-04-29,dentro del umbral
2011-05,cny_por_usd,6.4957,6.4786,2011-05-31,dentro del umbral
2011-06,cny_por_usd,6.4746,6.4635,2011-06-30,dentro del umbral
2011-07,cny_por_usd,6.4575,6.436,2011-07-29,dentro del umbral
2011-08,cny_por_usd,6.4036,6.3778,2011-08-31,dentro del umbral
2011-09,cny_por_usd,6.3885,6.378,2011-09-30,dentro del umbral
2011-10,cny_por_usd,6.371,6.3547,2011-10-31,dentro del umbral
2011-11,cny_por_usd,6.3564,6.3765,2011-11-30,dentro del umbral
2011-12,cny_por_usd,6.3482,6.2939,2011-12-30,dentro del umbral
2012-01,cny_por_usd,6.3172,6.308,2012-01-31,dentro del umbral
2012-02,cny_por_usd,6.2997,6.2935,2012-02-29,dentro del umbral
2012-03,cny_por_usd,6.3125,6.2975,2012-03-30,dentro del umbral
2012-04,cny_por_usd,6.3043,6.279,2012-04-30,dentro del umbral
2012-05,cny_por_usd,6.3242,6.3684,2012-05-31,dentro del umbral
2012-06,cny_por_usd,6.3633,6.353,2012-06-29,dentro del umbral
2012-07,cny_por_usd,6.3717,6.361,2012-07-31,dentro del umbral
2012-08,cny_por_usd,6.3593,6.3484,2012-08-31,dentro del umbral
2012-09,cny_por_usd,6.32,6.2848,2012-09-28,dentro del umbral
2012-10,cny_por_usd,6.2627,6.2372,2012-10-31,dentro del umbral
2012-11,cny_por_usd,6.2338,6.2265,2012-11-30,dentro del umbral
2012-12,cny_por_usd,6.2328,6.2301,2012-12-31,dentro del umbral
2013-01,cny_por_usd,6.2215,6.2186,2013-01-31,dentro del umbral
2013-02,cny_por_usd,6.2323,6.2213,2013-02-28,dentro del umbral
2013-03,cny_por_usd,6.2154,6.2108,2013-03-29,dentro del umbral
2013-04,cny_por_usd,6.1861,6.1647,2013-04-30,dentro del umbral
2013-05,cny_por_usd,6.1416,6.134,2013-05-31,dentro del umbral
2013-06,cny_por_usd,6.1342,6.1374,2013-06-28,dentro del umbral
2013-07,cny_por_usd,6.1343,6.1284,2013-07-31,dentro del umbral
2013-08,cny_por_usd,6.1213,6.1193,2013-08-30,dentro del umbral
2013-09,cny_por_usd,6.1198,6.12,2013-09-30,dentro del umbral
2013-10,cny_por_usd,6.1032,6.0943,2013-10-31,dentro del umbral
2013-11,cny_por_usd,6.0929,6.0922,2013-11-29,dentro del umbral
2013-12,cny_por_usd,6.0738,6.0537,2013-12-31,dentro del umbral
2014-01,cny_por_usd,6.0509,6.059,2014-01-31,dentro del umbral
2014-02,cny_por_usd,6.0816,6.1448,2014-02-28,dentro del umbral
2014-03,cny_por_usd,6.1729,6.2164,2014-03-31,dentro del umbral
2014-04,cny_por_usd,6.2246,6.2591,2014-04-30,dentro del umbral
2014-05,cny_por_usd,6.238,6.2471,2014-05-30,dentro del umbral
2014-06,cny_por_usd,6.2306,6.2036,2014-06-30,dentro del umbral
2014-07,cny_por_usd,6.1984,6.1737,2014-07-31,dentro del umbral
2014-08,cny_por_usd,6.1541,6.143,2014-08-29,dentro del umbral
2014-09,cny_por_usd,6.1382,6.138,2014-09-30,dentro del umbral
2014-10,cny_por_usd,6.1251,6.1124,2014-10-31,dentro del umbral
2014-11,cny_por_usd,6.1249,6.1429,2014-11-28,dentro del umbral
2014-12,cny_por_usd,6.1886,6.2046,2014-12-31,dentro del umbral
2015-01,cny_por_usd,6.2181,6.2495,2015-01-30,dentro del umbral
2015-02,cny_por_usd,6.2518,6.2695,2015-02-27,dentro del umbral
2015-03,cny_por_usd,6.2386,6.199,2015-03-31,dentro del umbral
2015-04,cny_por_usd,6.201,6.2018,2015-04-30,dentro del umbral
2015-05,cny_por_usd,6.2035,6.198,2015-05-29,dentro del umbral
2015-06,cny_por_usd,6.2052,6.2,2015-06-30,dentro del umbral
2015-07,cny_por_usd,6.2085,6.2097,2015-07-31,dentro del umbral
2015-08,cny_por_usd,6.3383,6.376,2015-08-31,dentro del umbral
2015-09,cny_por_usd,6.3676,6.3556,2015-09-30,dentro del umbral
2015-10,cny_por_usd,6.3505,6.318,2015-10-30,dentro del umbral
2015-11,cny_por_usd,6.364,6.3883,2015-11-30,dentro del umbral
2015-12,cny_por_usd,6.4491,6.4778,2015-12-31,dentro del umbral
2016-01,cny_por_usd,6.5726,6.5752,2016-01-29,dentro del umbral
2016-02,cny_por_usd,6.5501,6.5525,2016-02-29,dentro del umbral
2016-03,cny_por_usd,6.5027,6.448,2016-03-31,dentro del umbral
2016-04,cny_por_usd,6.4754,6.4738,2016-04-29,dentro del umbral
2016-05,cny_por_usd,6.5259,6.5798,2016-05-31,dentro del umbral
2016-06,cny_por_usd,6.5892,6.6459,2016-06-30,dentro del umbral
2016-07,cny_por_usd,6.6771,6.6371,2016-07-29,dentro del umbral
2016-08,cny_por_usd,6.6466,6.6776,2016-08-31,dentro del umbral
2016-09,cny_por_usd,6.6702,6.6685,2016-09-30,dentro del umbral
2016-10,cny_por_usd,6.7303,6.7735,2016-10-31,dentro del umbral
2016-11,cny_por_usd,6.8402,6.8837,2016-11-30,dentro del umbral
2016-12,cny_por_usd,6.9198,6.943,2016-12-30,dentro del umbral
2017-01,cny_por_usd,6.8907,6.8768,2017-01-31,dentro del umbral
2017-02,cny_por_usd,6.8694,6.8665,2017-02-28,dentro del umbral
2017-03,cny_por_usd,6.894,6.8832,2017-03-31,dentro del umbral
2017-04,cny_por_usd,6.8876,6.89,2017-04-28,dentro del umbral
2017-05,cny_por_usd,6.8843,6.8098,2017-05-31,dentro del umbral
2017-06,cny_por_usd,6.8066,6.7793,2017-06-30,dentro del umbral
2017-07,cny_por_usd,6.7694,6.724,2017-07-31,dentro del umbral
2017-08,cny_por_usd,6.667,6.5888,2017-08-31,dentro del umbral
2017-09,cny_por_usd,6.569,6.6533,2017-09-29,dentro del umbral
2017-10,cny_por_usd,6.6254,6.6328,2017-10-31,dentro del umbral
2017-11,cny_por_usd,6.62,6.609,2017-11-30,dentro del umbral
2017-12,cny_por_usd,6.5932,6.5063,2017-12-29,dentro del umbral
2018-01,cny_por_usd,6.4233,6.2841,2018-01-31,dentro del umbral
2018-02,cny_por_usd,6.3183,6.328,2018-02-28,dentro del umbral
2018-03,cny_por_usd,6.3174,6.2726,2018-03-30,dentro del umbral
2018-04,cny_por_usd,6.2967,6.3325,2018-04-30,dentro del umbral
2018-05,cny_por_usd,6.3701,6.4096,2018-05-31,dentro del umbral
2018-06,cny_por_usd,6.4651,6.6171,2018-06-29,dentro del umbral
2018-07,cny_por_usd,6.7164,6.8038,2018-07-31,dentro del umbral
2018-08,cny_por_usd,6.8453,6.83,2018-08-31,dentro del umbral
2018-09,cny_por_usd,6.8551,6.868,2018-09-28,dentro del umbral
2018-10,cny_por_usd,6.9191,6.9737,2018-10-31,dentro del umbral
2018-11,cny_por_usd,6.9367,6.9558,2018-11-30,dentro del umbral
2018-12,cny_por_usd,6.8837,6.8755,2018-12-31,dentro del umbral
2019-01,cny_por_usd,6.7863,6.6958,2019-01-31,dentro del umbral
2019-02,cny_por_usd,6.7367,6.6912,2019-02-28,dentro del umbral
2019-03,cny_por_usd,6.7119,6.7112,2019-03-29,dentro del umbral
2019-04,cny_por_usd,6.7161,6.7347,2019-04-30,dentro del umbral
2019-05,cny_por_usd,6.8519,6.9027,2019-05-31,dentro del umbral
2019-06,cny_por_usd,6.8977,6.865,2019-06-28,dentro del umbral
2019-07,cny_por_usd,6.8775,6.8833,2019-07-31,dentro del umbral
2019-08,cny_por_usd,7.0629,7.1543,2019-08-30,dentro del umbral
2019-09,cny_por_usd,7.1137,7.1477,2019-09-30,dentro del umbral
2019-10,cny_por_usd,7.0961,7.0379,2019-10-31,dentro del umbral
2019-11,cny_por_usd,7.0199,7.0308,2019-11-29,dentro del umbral
2019-12,cny_por_usd,7.0137,6.9618,2019-12-31,dentro del umbral
2020-01,cny_por_usd,6.9184,6.9161,2020-01-31,dentro del umbral
2020-02,cny_por_usd,6.9967,6.9906,2020-02-28,dentro del umbral
2020-03,cny_por_usd,7.0205,7.0808,2020-03-31,dentro del umbral
2020-04,cny_por_usd,7.0708,7.0622,2020-04-30,dentro del umbral
2020-05,cny_por_usd,7.1016,7.1348,2020-05-29,dentro del umbral
2020-06,cny_por_usd,7.0816,7.0651,2020-06-30,dentro del umbral
2020-07,cny_por_usd,7.0041,6.9744,2020-07-31,dentro del umbral
2020-08,cny_por_usd,6.927,6.8474,2020-08-31,dentro del umbral
2020-09,cny_por_usd,6.8106,6.7896,2020-09-30,dentro del umbral
2020-10,cny_por_usd,6.7254,6.6919,2020-10-30,dentro del umbral
2020-11,cny_por_usd,6.6029,6.576,2020-11-30,dentro del umbral
2020-12,cny_por_usd,6.5393,6.525,2020-12-31,dentro del umbral
2021-01,cny_por_usd,6.4672,6.4282,2021-01-29,dentro del umbral
2021-02,cny_por_usd,6.4601,6.473,2021-02-26,dentro del umbral
2021-03,cny_por_usd,6.5109,6.5518,2021-03-31,dentro del umbral
2021-04,cny_por_usd,6.5186,6.4749,2021-04-30,dentro del umbral
2021-05,cny_por_usd,6.4321,6.3674,2021-05-28,dentro del umbral
2021-06,cny_por_usd,6.425,6.4566,2021-06-30,dentro del umbral
2021-07,cny_por_usd,6.4763,6.4609,2021-07-30,dentro del umbral
2021-08,cny_por_usd,6.4768,6.4604,2021-08-31,dentro del umbral
2021-09,cny_por_usd,6.4563,6.4434,2021-09-30,dentro del umbral
2021-10,cny_por_usd,6.4172,6.405,2021-10-29,dentro del umbral
2021-11,cny_por_usd,6.3889,6.364,2021-11-30,dentro del umbral
2021-12,cny_por_usd,6.3693,6.3726,2021-12-30,dentro del umbral
2022-01,cny_por_usd,6.3556,6.361,2022-01-31,dentro del umbral
2022-02,cny_por_usd,6.3436,6.3084,2022-02-28,dentro del umbral
2022-03,cny_por_usd,6.3446,6.3393,2022-03-31,dentro del umbral
2022-04,cny_por_usd,6.431,6.608,2022-04-29,dentro del umbral
2022-05,cny_por_usd,6.699,6.6715,2022-05-31,dentro del umbral
2022-06,cny_por_usd,6.6952,6.6981,2022-06-30,dentro del umbral
2022-07,cny_por_usd,6.7352,6.7433,2022-07-29,dentro del umbral
2022-08,cny_por_usd,6.8007,6.889,2022-08-31,dentro del umbral
2022-09,cny_por_usd,7.0195,7.1135,2022-09-30,dentro del umbral
2022-10,cny_por_usd,7.1902,7.3048,2022-10-31,dentro del umbral
2022-11,cny_por_usd,7.1812,7.0879,2022-11-30,dentro del umbral
2022-12,cny_por_usd,6.9717,6.8972,2022-12-30,dentro del umbral
2023-01,cny_por_usd,6.7904,6.754,2023-01-31,dentro del umbral
2023-02,cny_por_usd,6.838,6.9325,2023-02-28,dentro del umbral
2023-03,cny_por_usd,6.8909,6.8676,2023-03-31,dentro del umbral
2023-04,cny_por_usd,6.8876,6.911,2023-04-28,dentro del umbral
2023-05,cny_por_usd,6.9854,7.11,2023-05-31,dentro del umbral
2023-06,cny_por_usd,7.1614,7.2513,2023-06-30,dentro del umbral
2023-07,cny_por_usd,7.1863,7.1426,2023-07-31,dentro del umbral
2023-08,cny_por_usd,7.2486,7.2582,2023-08-31,dentro del umbral
2023-09,cny_por_usd,7.2979,7.296,2023-09-29,dentro del umbral
2023-10,cny_por_usd,7.3071,7.3166,2023-10-31,dentro del umbral
2023-11,cny_por_usd,7.2226,7.136,2023-11-30,dentro del umbral
2023-12,cny_por_usd,7.1402,7.0999,2023-12-29,dentro del umbral
2024-01,cny_por_usd,7.1707,7.1673,2024-01-31,dentro del umbral
2024-02,cny_por_usd,7.1935,7.1977,2024-02-29,dentro del umbral
2024-03,cny_por_usd,7.2015,7.2203,2024-03-29,dentro del umbral
2024-04,cny_por_usd,7.2374,7.2401,2024-04-30,dentro del umbral
2024-05,cny_por_usd,7.2327,7.241,2024-05-31,dentro del umbral
2024-06,cny_por_usd,7.2547,7.2672,2024-06-28,dentro del umbral
2024-07,cny_por_usd,7.2609,7.2193,2024-07-31,dentro del umbral
2024-08,cny_por_usd,7.1475,7.09,2024-08-30,dentro del umbral
2024-09,cny_por_usd,7.076,7.0176,2024-09-30,dentro del umbral
2024-10,cny_por_usd,7.0881,7.1178,2024-10-31,dentro del umbral
2024-11,cny_por_usd,7.2063,7.2423,2024-11-29,dentro del umbral
2024-12,cny_por_usd,7.2807,7.2993,2024-12-31,dentro del umbral
2025-01,cny_por_usd,7.2957,7.2422,2025-01-31,dentro del umbral
2025-02,cny_por_usd,7.2734,7.2828,2025-02-28,dentro del umbral
2025-03,cny_por_usd,7.2493,7.2567,2025-03-31,dentro del umbral
2025-04,cny_por_usd,7.2968,7.2706,2025-04-30,dentro del umbral
2025-05,cny_por_usd,7.2166,7.1991,2025-05-30,dentro del umbral
2025-06,cny_por_usd,7.1804,7.1636,2025-06-30,dentro del umbral
2025-07,cny_por_usd,7.1741,7.2002,2025-07-31,dentro del umbral
2025-08,cny_por_usd,7.1727,7.1304,2025-08-29,dentro del umbral
2025-09,cny_por_usd,7.1235,7.119,2025-09-30,dentro del umbral
2025-10,cny_por_usd,7.12,7.1169,2025-10-31,dentro del umbral
2025-11,cny_por_usd,7.1069,7.0751,2025-11-28,dentro del umbral
2025-12,cny_por_usd,7.0432,6.9931,2025-12-31,dentro del umbral
2026-01,cny_por_usd,6.9692,6.951,2026-01-30,dentro del umbral
2026-02,cny_por_usd,6.9064,6.8579,2026-02-27,dentro del umbral
2026-03,cny_por_usd,6.8921,6.898,2026-03-31,dentro del umbral
2026-04,cny_por_usd,6.8371,6.8273,2026-04-30,dentro del umbral
2026-05,cny_por_usd,6.7996,6.7662,2026-05-29,dentro del umbral
2026-06,cny_por_usd,6.7758,6.7851,2026-06-30,dentro del umbral
2026-07,cny_por_usd,6.7757,6.7509,2026-07-31,dentro del umbral
2026-08,cny_por_usd,6.7361,6.7197,2026-08-31,dentro del umbral
2026-09,cny_por_usd,6.7084,,,sin comparar
