mes,m2_eeuu_usd,m2_eurozona_usd,m2_japon_usd,agregado_usd,agregado_usd_tc_constante,estado
2003-04,5945.2,5648.523946,5644.161141,17237.885087,17237.885087,dato
2003-05,5944.2,6011.7576912,5768.91761901,17724.8753102,17303.8772251,dato
2003-06,5998.5,5900.6421702,5727.71678963,17626.8589598,17386.8575429,dato
2003-07,6041.7,5755.0272054,5739.92446243,17536.6516678,17453.1116486,dato
2003-08,6098.2,5631.3862476,5736.73210722,17466.3183548,17506.78469,dato
2003-09,6070.7,5984.57937,5895.87020906,17951.1495791,17459.1635609,dato
2003-10,6054.7,5987.7805702,6169.87090794,18212.3514781,17455.9138053,dato
2003-11,6083.5,6244.649778,6189.24726455,18517.3970426,17539.8586933,dato
2003-12,6105.1,6673.8893403,6335.60954058,19114.5988809,17721.4444158,dato
2004-01,6065.5,6564.3357824,6430.05123814,19059.8870205,17658.5266954,dato
2004-02,6096.5,6560.8210668,6370.44398775,19027.7650545,17662.0935434,dato
2004-03,6176.5,6527.3211948,6290.25661725,18994.077812,17806.5697646,dato
2004-04,6243.6,6399.9992325,6401.74016594,19045.3393984,17966.9796717,dato
2004-05,6257.1,6569.5268205,6153.37712574,18980.0039462,18027.2350308,dato
2004-06,6280.2,6586.4178148,6300.4634774,19167.0812922,18077.0759614,dato
2004-07,6285.8,6531.499008,6336.70542009,19154.0044281,18141.4217176,dato
2004-08,6308.1,6576.2810628,6289.99597219,19174.377035,18126.1044973,dato
2004-09,6340.9,6768.6097611,6274.13403772,19383.6437988,18196.320098,dato
2004-10,6362.1,6997.917261,6334.14626299,19694.163524,18247.3556908,dato
2004-11,6411.7,7330.7221035,6585.3408342,20327.7629377,18343.657921,dato
2004-12,6453.7,7624.960357,6705.12973652,20783.7900935,18556.1705018,dato
2005-01,6410.5,7356.1101602,6740.51151044,20507.1216706,18522.8427772,dato
2005-02,6411.8,7491.0013736,6594.45876952,20497.2601431,18493.2165707,dato
2005-03,6471.4,7366.8939003,6617.41990589,20455.7138062,18631.4216797,dato
2005-04,6514.3,7413.2865158,6544.55388278,20472.1403986,18780.9491196,dato
2005-05,6465.5,7135.6560123,6569.87275224,20171.0287645,18766.7547021,dato
2005-06,6517.6,7087.583055,6443.21192342,20048.3949784,18911.5044966,dato
2005-07,6536.8,7151.8963854,6297.79685316,19986.4932386,19009.7649691,dato
2005-08,6561.1,7224.668559,6368.29390678,20154.0624658,18986.8646442,dato
2005-09,6593.4,7162.0215294,6334.27484965,20089.696379,19110.883216,dato
2005-10,6620.3,7169.3407295,6112.80278925,19902.4435188,19159.0995451,dato
2005-11,6661.3,7076.789514,5939.87032941,19677.9598434,19240.4251079,dato
2005-12,6714.9,7305.0183554,5984.93614852,20004.8545039,19524.9713782,dato
2006-01,6713,7457.7269264,6137.86787788,20308.5948043,19482.4894873,dato
2006-02,6730.4,7342.6172175,5971.43317736,20044.4503949,19484.3998989,dato
2006-03,6803.2,7541.3743863,6020.91359149,20365.4879778,19638.2764698,dato
2006-04,6866.8,7974.1730448,6089.63906056,20930.6121054,19874.9727479,dato
2006-05,6805.2,8111.9664441,6348.47333539,21265.6397795,19788.4366934,dato
2006-06,6859,8161.6610504,6181.7997819,21202.4608323,19909.4935529,dato
2006-07,6880.9,8146.3026236,6120.21215027,21147.4147739,19925.7468546,dato
2006-08,6900.2,8136.3684688,6101.45586387,21138.0243327,19910.0848516,dato
2006-09,6927.8,8197.2039135,6041.85744938,21166.8613629,20058.0946552,dato
2006-10,6970.8,8266.9219005,5952.14106855,21189.8629691,20095.0009242,dato
2006-11,7033.7,8667.2927947,6033.26017192,21734.2529666,20244.5746307,dato
2006-12,7108.6,8899.7809827,6084.05414159,22092.4351243,20601.645973,dato
2007-01,7106.9,8713.96148256,5937.39741347,21758.258896,20566.7982892,dato
2007-02,7118.8,8874.2389256,5899.291065,21892.3299906,20547.2585196,dato
2007-03,7216.8,9134.85522584,6087.68122122,22439.3364471,20806.9742557,dato
2007-04,7305.9,9391.60180237,6063.08037171,22760.5821741,21006.8397002,dato
2007-05,7250.2,9321.41231551,5957.60648886,22529.2188044,20997.9239946,dato
2007-06,7294.2,9495.87598638,5881.85617898,22671.9321654,21165.4646979,dato
2007-07,7297.6,9685.06417484,5953.81370311,22936.4778779,21224.1218614,dato
2007-08,7356.8,9609.75616113,6166.31558207,23132.8717432,21236.5574827,dato
2007-09,7377.4,10152.5593997,6260.17202189,23790.1314216,21366.9288978,dato
2007-10,7389.4,10460.058961,6208.40435641,24057.8633174,21472.0840916,dato
2007-11,7448.5,10705.7736386,6500.83143593,24655.1050746,21619.8543829,dato
2007-12,7516.5,10860.0669416,6479.01537586,24855.5823174,21907.5654027,dato
2008-01,7514.7,11055.7379345,6774.79662506,25345.2345596,21935.5703537,dato
2008-02,7598.7,11347.2325507,6798.67046622,25744.6030169,22021.1904631,dato
2008-03,7733.3,11924.6683437,7244.68965682,26902.6580005,22256.6877801,dato
2008-04,7780.9,11871.4888129,7154.34704907,26806.735862,22433.2485488,dato
2008-05,7723,11963.6476556,7036.23723763,26722.8848932,22443.4990961,dato
2008-06,7746.5,12180.4899035,6901.07487055,26828.0647741,22547.7788791,dato
2008-07,7760.6,12081.9798685,6908.10543201,26750.6853005,22582.044921,dato
2008-08,7758.2,11382.3748633,6740.64577954,25881.2206428,22581.78373,dato
2008-09,7828.5,11039.3615242,6904.60502858,25772.4665528,22731.018033,dato
2008-10,7931.6,10110.2451204,7327.82078689,25369.6659073,22954.2134544,dato
2008-11,8023.6,10179.2996656,7579.96650358,25782.8661692,23119.1560299,dato
2008-12,8244.1,11278.6450063,8126.34894549,27649.0939518,23489.8350697,dato
2009-01,8292,10373.6627844,8263.77905138,26929.4418358,23561.4831113,dato
2009-02,8321.6,10248.3686014,7999.01093248,26568.9795338,23569.5125513,dato
2009-03,8458.6,10733.4842051,7626.43196566,26818.5161707,23732.2018944,dato
2009-04,8459.8,10813.7012582,7624.54003235,26898.0412906,23878.9159476,dato
2009-05,8446.9,11523.1878592,7801.3171986,27771.4050578,23855.3642459,dato
2009-06,8459.9,11476.9858964,7829.72638683,27766.6122832,23921.4151232,dato
2009-07,8425.8,11666.1149651,8034.29270826,28126.2076734,23883.6286563,dato
2009-08,8404.6,11702.7610029,7986.66555669,28094.0265596,23841.0706187,dato
2009-09,8412.2,11928.7832018,8301.94314312,28642.9263449,23848.1573689,dato
2009-10,8443,12067.2491195,8381.90890269,28892.1580222,23904.0675276,dato
2009-11,8517.3,12250.0743663,8505.75686085,29273.1312271,23984.2736929,dato
2009-12,8560,11859.8598387,8498.36077238,28918.2206111,24187.4235051,dato
2010-01,8484.2,11421.8410669,8417.63271794,28323.6737849,24086.9061098,dato
2010-02,8528.7,11216.1114232,8470.93227719,28215.7437004,24077.1234334,dato
2010-03,8596,11104.1041331,8446.34304164,28146.4471747,24164.9195472,dato
2010-04,8621.6,10999.3595986,8303.31814918,27924.2777478,24338.3469252,dato
2010-05,8603,10267.7729318,8452.09028737,27322.8632192,24367.4658695,dato
2010-06,8625.3,10242.2812193,8572.43857503,27440.0197943,24434.3486702,dato
2010-07,8597.4,10896.5047237,8900.61085365,28394.5155774,24414.6679256,dato
2010-08,8626.3,10598.2783871,9124.29500297,28348.87339,24450.2511852,dato
2010-09,8668,11349.1815391,9232.93712088,29250.11866,24493.2247231,dato
2010-10,8729.3,11641.0548415,9525.07264908,29895.4274906,24589.3668799,dato
2010-11,8794.4,10934.9886259,9439.12600887,29168.5146348,24669.0194767,dato
2010-12,8879.2,11241.8888332,9386.96938717,29508.0582204,24875.9979889,dato
2011-01,8876.5,11569.6374281,9493.48381241,29939.6212405,24850.0573905,dato
2011-02,8913.7,11608.0372323,9472.48984695,29994.2270792,24843.6126416,dato
2011-03,9028.9,11971.9835,9627.80138891,30628.6848889,25022.4399264,dato
2011-04,9085.8,12571.1943616,9582.8815864,31239.875948,25216.8123219,dato
2011-05,9057.4,12202.5200955,9840.53265488,31100.4527503,25205.6108959,dato
2011-06,9144.6,12370.6678723,9953.46275267,31468.7306249,25344.5164306,dato
2011-07,9293.9,12261.8305477,10117.3158343,31673.046382,25508.6515736,dato
2011-08,9485.1,12289.3266723,10390.6467426,32165.0734149,25692.6208858,dato
2011-09,9523.3,11523.1463579,10417.3501902,31463.796548,25774.9292081,dato
2011-10,9572.5,11932.8725577,10441.6946101,31947.0671678,25812.8270352,dato
2011-11,9656.9,11522.756243,10346.1510195,31525.8072625,25925.6629519,dato
2011-12,9753.5,11248.377893,10372.180311,31374.058204,26177.4720911,dato
2012-01,9786.7,11277.9364119,10501.9788473,31566.6152592,26187.8616849,dato
2012-02,9811.1,11553.4139664,10255.7537913,31620.2677577,26192.3065101,dato
2012-03,9926.6,11624.6389127,9813.3980227,31364.6369354,26423.2009897,dato
2012-04,9972.1,11537.3467727,10065.6448302,31575.0916029,26543.9122862,dato
2012-05,9905.6,10821.6070249,10238.9652904,30966.1723153,26494.4092193,dato
2012-06,9982.8,11160.9589464,10320.1227507,31463.8816971,26659.9400778,dato
2012-07,10028.5,10878.8712198,10388.0164389,31295.3876587,26743.8481936,dato
2012-08,10093,11101.6078553,10409.429807,31604.0376623,26792.7432967,dato
2012-09,10190.2,11398.5739586,10485.3068971,32074.0808557,26936.0251899,dato
2012-10,10270.9,11569.5472662,10357.4643224,32197.9115886,27078.7362697,dato
2012-11,10367.1,11651.7118063,10112.1343198,32130.946126,27214.1108166,dato
2012-12,10556.4,11926.2624103,9878.11625423,32360.7786645,27571.7839853,dato
2013-01,10532.2,12226.7646443,9319.25787772,32078.222522,27517.5105918,dato
2013-02,10506.2,11792.1463743,8906.08871245,31204.4350868,27494.5728892,dato
2013-03,10652.7,11636.0351715,8798.9184341,31087.6536056,27758.3926296,dato
2013-04,10681,12016.7244662,8630.82073933,31328.5452055,27920.805009,dato
2013-05,10603.5,11867.4307592,8363.47809026,30834.4088495,27858.6673503,dato
2013-06,10667.7,11919.7430965,8737.98426493,31325.4273614,27997.3162908,dato
2013-07,10706.5,12155.752712,8533.33059102,31395.583303,28032.5332704,dato
2013-08,10762.4,12117.2752094,8688.99821393,31568.6734233,28117.1025593,dato
2013-09,10830.6,12423.111461,8575.66071969,31829.3721807,28188.3092929,dato
2013-10,10957.8,12504.3296996,8715.23166616,32177.3613657,28348.5851307,dato
2013-11,11002.8,12562.821532,8543.86017505,32109.4817071,28456.9948845,dato
2013-12,11130,12740.9054703,8339.13976416,32210.0452345,28663.7360938,dato
2014-01,11126.7,12448.8224806,8344.99341759,31920.5158982,28658.2235815,dato
2014-02,11179,12746.8084833,8431.87437393,32357.6828573,28683.4561989,dato
2014-03,11303.2,12772.5989959,8437.05411889,32512.8531148,28869.7984655,dato
2014-04,11356.4,12895.6200912,8518.89648657,32770.9165777,29030.9549627,dato
2014-05,11299.4,12767.4190865,8564.17958256,32630.998669,29033.9609331,dato
2014-06,11361.3,12846.9868289,8576.61206962,32784.8988986,29153.8537188,dato
2014-07,11417.4,12587.04354,8607.30980932,32611.7533493,29230.9254617,dato
2014-08,11448.1,12418.3956644,8501.36579376,32367.8614582,29305.5083779,dato
2014-09,11495.8,11954.8827059,8161.13090257,31611.8136085,29392.2245672,dato
2014-10,11563.4,11873.7492921,8135.07994342,31572.2292356,29487.6298956,dato
2014-11,11640.1,11900.0029762,7613.10892404,31153.2119003,29721.3119187,dato
2014-12,11786.1,11732.4023406,7485.00334805,31003.5056886,30074.8684068,dato
2015-01,11785.2,10995.0258611,7565.81649049,30346.0423515,30135.1107603,dato
2015-02,11873.5,10902.7818799,7501.33294038,30277.6148203,30190.049278,dato
2015-03,11983,10527.5201724,7428.18899534,29938.7091678,30399.9308578,dato
2015-04,12031.3,11016.818667,7564.84128877,30612.9599558,30606.4024988,dato
2015-05,11934.7,10928.4419195,7508.42480836,30371.5667278,30613.0079736,dato
2015-06,11990.6,11124.8853559,7347.38915571,30462.8745116,30723.1239827,dato
2015-07,12041.9,11058.8069224,7381.70510474,30482.4120271,30845.1470507,dato
2015-08,12099.4,11230.4545028,7407.96707094,30737.8215738,30915.8597881,dato
2015-09,12166.6,11207.2695339,7571.44046157,30945.3099955,30979.3348378,dato
2015-10,12201,11167.9575688,7585.10713622,30954.064705,31103.324697,dato
2015-11,12328.4,10752.8342957,7457.34618797,30538.5804837,31338.6817373,dato
2015-12,12458,11107.0547926,7568.93657253,31133.9913651,31572.1697419,dato
2016-01,12509.6,11118.1603192,7804.17979832,31431.9401176,31680.4823882,dato
2016-02,12548.6,11170.5371062,8012.36132984,31731.4984361,31699.3644814,dato
2016-03,12716.6,11757.5163027,8159.22544334,32633.341746,31942.6916708,dato
2016-04,12810.5,11897.6637638,8523.34190461,33231.5056684,32224.7964118,dato
2016-05,12742.2,11625.8715256,8606.80158864,32974.8731142,32228.8423538,dato
2016-06,12822.6,11554.0137459,8917.43592129,33294.0496672,32367.3055586,dato
2016-07,12884.2,11774.3875216,9026.65201409,33685.2395357,32515.5687059,dato
2016-08,12981.3,11740.5348852,9284.96626277,34006.801148,32597.7935943,dato
2016-09,13047.1,11858.2468077,9242.51579075,34147.8625985,32690.5362681,dato
2016-10,13105.6,11584.9613097,9074.78382215,33765.3451319,32785.6491795,dato
2016-11,13217.4,11276.1772364,8755.29909722,33248.8763336,33054.330876,dato
2016-12,13326,11328.477572,8244.4686594,32898.9462314,33305.1914061,dato
2017-01,13308,11587.0518627,8348.83927429,33243.891137,33308.483567,dato
2017-02,13332.5,11435.4757482,8467.94483472,33235.9205829,33347.9651271,dato
2017-03,13519.1,11618.5645619,8499.75778562,33637.4223475,33666.1693034,dato
2017-04,13592.8,11905.1016126,8813.52335795,34311.4249706,33902.1525381,dato
2017-05,13502.6,12291.6825513,8662.99993942,34457.2824908,33843.1699308,dato
2017-06,13551.6,12562.6822458,8802.8330032,34917.115249,34003.4127035,dato
2017-07,13614.9,13048.9293683,8701.07368103,35364.9030493,34109.4032735,dato
2017-08,13685,13176.1500806,8901.46867346,35762.6187541,34224.1636689,dato
2017-09,13737.5,13111.3476266,8836.05203293,35684.8996595,34310.2732902,dato
2017-10,13783.5,12950.575755,8690.67562445,35424.7513795,34398.4509106,dato
2017-11,13853.2,13299.3334751,8752.82266285,35905.356138,34586.2140993,dato
2017-12,13978.9,13512.1306119,8770.74300185,36261.7736137,34806.6611991,dato
2018-01,13897.5,13951.1581774,8944.63746155,36793.295639,34719.1167068,dato
2018-02,13884.3,13704.0779263,9137.51319811,36725.8911244,34659.99186,dato
2018-03,14067.1,13906.1028807,9326.9226417,37300.1255224,34936.074467,dato
2018-04,14105.8,13672.5032714,9298.92286742,37077.2261388,35115.6398057,dato
2018-05,14017.4,13338.9697228,9145.47872971,36501.8484525,35163.2065657,dato
2018-06,14112.7,13472.7836082,9145.87357514,36731.3571834,35407.9773597,dato
2018-07,14148.2,13494.5867525,9027.9211987,36670.7079512,35433.7890317,dato
2018-08,14203.2,13368.740786,9060.26946796,36632.210254,35480.1690503,dato
2018-09,14237.2,13452.1851727,8979.60166784,36668.9868406,35573.3769616,dato
2018-10,14238.8,13133.0888987,8937.39808981,36309.2869885,35598.412623,dato
2018-11,14293.5,13219.6726379,8915.85258254,36429.0252205,35774.4681366,dato
2018-12,14489,13429.9633622,9039.64637957,36958.6097417,36054.8324485,dato
2019-01,14465.2,13408.039767,9313.44202716,37186.6817941,36016.5458798,dato
2019-02,14443.2,13374.4561477,9143.1519377,36960.8080854,36005.875753,dato
2019-03,14614.3,13359.1307992,9109.8238956,37083.2546948,36361.2511393,dato
2019-04,14665,13390.9482522,9183.14442492,37239.0926771,36581.8170686,dato
2019-05,14618.1,13425.1100865,9353.62285103,37396.8329375,36659.9708555,dato
2019-06,14779.3,13794.1825988,9521.37857007,38094.8611689,36920.388134,dato
2019-07,14860.7,13537.0204697,9502.98006028,37900.70053,37041.4061928,dato
2019-08,14944.2,13488.6066895,9684.84846773,38117.6551573,37244.9286969,dato
2019-09,15036.9,13372.566026,9573.80323601,37983.269262,37333.9297538,dato
2019-10,15162.1,13725.9644235,9528.75524336,38416.8196669,37513.0888136,dato
2019-11,15308.1,13673.3826084,9521.93731461,38503.419923,37826.6483372,dato
2019-12,15459.4,13924.8451463,9536.31405762,38920.5592039,38003.722442,dato
2020-01,15444.7,13709.4294277,9532.77439513,38686.9038228,37963.0893232,dato
2020-02,15433.7,13696.42348,9438.2052086,38568.3286886,38014.5686062,dato
2020-03,16102.6,14067.5909984,9699.22994261,39869.420941,39089.6584813,dato
2020-04,17146.5,14163.1590482,9866.50745415,41176.1665023,40494.4327202,dato
2020-05,17812.8,14631.5040125,10086.4729478,42530.7769603,41558.9422392,dato
2020-06,18150,14893.3305111,10259.043189,43302.3737001,42172.9164958,dato
2020-07,18298.3,15747.830418,10407.3750162,44453.5054342,42451.3514718,dato
2020-08,18363.9,15958.670265,10534.6170136,44857.1872786,42609.1323465,dato
2020-09,18585.2,15747.1623897,10625.7214293,44958.083819,42960.8153519,dato
2020-10,18728,15759.1593689,10676.3809352,45163.5403041,43223.9476466,dato
2020-11,19015.4,16303.9532826,10828.8701522,46148.2234348,43701.2776427,dato
2020-12,19279.3,16845.658276,10944.3211247,47069.2794006,44153.3737985,dato
2021-01,19400.3,16758.2091994,10984.0839478,47142.5931472,44348.1535575,dato
2021-02,19545.3,16790.0488204,10803.7852519,47139.1340723,44563.3286341,dato
2021-03,19961.4,16421.2098256,10521.1312697,46903.7410953,45133.9791066,dato
2021-04,20279,16891.0971211,10654.1797156,47824.2768368,45666.6043102,dato
2021-05,20325.7,17263.1046423,10700.393174,48289.1978163,45891.3115602,dato
2021-06,20442.8,16895.2848722,10617.7347006,47955.8195729,46136.4643742,dato
2021-07,20596.8,17072.7893858,10606.6599343,48276.2493201,46435.529738,dato
2021-08,20788.4,17034.2533429,10640.0707493,48462.7240921,46676.5010113,dato
2021-09,20961.4,16768.9191694,10613.1035484,48343.4227178,46906.7272161,dato
2021-10,21126.2,16825.487357,10347.8534142,48299.5407713,47173.1180537,dato
2021-11,21356.2,16518.7973711,10316.0373799,48191.034751,47524.2070319,dato
2021-12,21681.6,16700.3435744,10350.3345694,48732.2781438,48005.3204652,dato
2022-01,21668.9,16550.6276023,10287.9403965,48507.4679988,48025.2278592,dato
2022-02,21619.9,16645.2271019,10226.7413163,48491.8684182,48032.6528116,dato
2022-03,21892.7,16573.1696928,9979.28020011,48445.1498929,48465.4612222,dato
2022-04,21884.8,15833.3745066,9510.23981933,47228.414326,48708.5624913,dato
2022-05,21589.6,16184.8267087,9346.49891423,47120.925623,48496.1055107,dato
2022-06,21614.3,15886.1738655,9016.12921286,46516.6030783,48653.3431748,dato
2022-07,21609.6,15621.4302923,8842.15084596,46073.1811383,48810.7247167,dato
2022-08,21584.8,15478.7253449,8935.4592393,45998.9845842,48860.581162,dato
2022-09,21507.2,15086.4214784,8427.65048229,45021.2719607,48819.6727733,dato
2022-10,21412,15146.6801389,8204.20600946,44762.8861484,48605.4728375,dato
2022-11,21421.7,15818.6355816,8512.01165362,45752.3472353,48666.5363584,dato
2022-12,21448.4,16385.2614999,8989.60010318,46823.2616031,48687.6707204,dato
2023-01,21302.3,16515.7905072,9300.64202074,47118.7325279,48427.1089123,dato
2023-02,21147.8,16064.6410412,9088.1039157,46300.5449569,48173.232747,dato
2023-03,21053.5,16474.5342924,9078.26996438,46606.3042568,48115.6129045,dato
2023-04,20869.6,16705.6170056,9235.42624247,46810.6432481,48068.5090295,dato
2023-05,20734.2,16085.7036111,9018.70806373,45838.6116748,47923.4503184,dato
2023-06,20771,16506.564304,8766.61754792,46044.1818519,48006.5583896,dato
2023-07,20751.3,16621.7842445,8790.46943293,46163.5536774,47947.5717089,dato
2023-08,20726.9,16302.6884026,8554.51842929,45584.1068319,47872.5724225,dato
2023-09,20710,15974.5198167,8362.55470256,45047.0745193,47896.1064742,dato
2023-10,20675.4,15854.5949673,8257.81435399,44787.8093213,47751.4414611,dato
2023-11,20750.4,16413.2686865,8283.76392146,45447.432608,47914.5418423,dato
2023-12,20907.2,16812.9253394,8618.98368888,46339.1090283,48249.9796772,dato
2024-01,20873.7,16307.2683482,8497.17726528,45678.1456135,48037.353708,dato
2024-02,20844.5,16248.8775556,8279.32426562,45372.7018213,47985.8348228,dato
2024-03,21088.8,16336.5527476,8305.43136833,45730.784116,48392.5771254,dato
2024-04,21069.4,16153.324255,8187.59503541,45410.3192904,48481.7390267,dato
2024-05,20937.5,16459.3010566,8076.56296213,45473.3640187,48403.5704197,dato
2024-06,21041.5,16436.1715043,7965.55175472,45443.223259,48685.2184332,dato
2024-07,21052.3,16529.2015438,7979.48364062,45560.9851844,48610.1778889,dato
2024-08,21138.4,16981.0292364,8579.24193291,46698.6711693,48769.7888873,dato
2024-09,21219,17167.909887,8755.99633449,47142.9062215,48880.8318706,dato
2024-10,21268.4,16702.8046058,8339.82650047,46311.0311063,48897.6124428,dato
2024-11,21450.4,16420.557082,8164.11341686,46035.0704989,49323.3551049,dato
2024-12,21618.4,16212.0002852,8176.11626487,46006.5165501,49618.0092925,dato
2025-01,21584.4,16150.0361295,8048.56280503,45782.9989346,49450.3337369,dato
2025-02,21531.7,16180.312743,8268.21911229,45980.2318553,49374.8979912,dato
2025-03,21819.1,16881.3609152,8416.93815008,47117.3990653,49765.1373355,dato
2025-04,21896.7,17763.6929481,8785.03156209,48445.4245101,49956.5637082,dato
2025-05,21753.6,17863.5794739,8745.66699016,48362.846464,49922.1766629,dato
2025-06,21907.9,18533.7943245,8776.943388,49218.6377125,50089.5932776,dato
2025-07,21965.6,18009.7876694,8624.96824079,48600.3559102,50169.2590702,dato
2025-08,22033.1,18465.6932387,8619.73398174,49118.5272205,50288.469558,dato
2025-09,22111.6,18545.961611,8594.72795407,49252.289565,50380.06081,dato
2025-10,22179,18308.7754803,8392.15682388,48879.9323041,50509.2733359,dato
2025-11,22269.1,18615.4652302,8229.02892915,49113.5941593,50858.7124757,dato
2025-12,22503.1,18949.7478751,8202.42568066,49655.2735558,51221.7689423,dato
2026-01,22459.5,19197.9277825,8165.05533018,49822.4831126,51186.8040853,dato
2026-02,22510.6,19127.7553419,8218.69277944,49857.0481213,51231.6854749,dato
2026-03,22779.8,18741.5986849,8063.28415133,49584.6828362,51643.2882094,dato
2026-04,22892.7,19078.2205694,8142.5489246,50113.469494,51884.2173378,dato
2026-05,22930,19133.9609824,8207.81332001,50271.7743024,52073.331073,dato
2026-06,23084.3,18781.0409078,8061.93008646,49927.2709943,52285.9042916,dato
2026-07,23157.4,18955.0755455,7987.70032557,50100.1758711,52369.4258098,dato
2026-08,23284.3,19099.5102381,8161.21552985,50545.025768,52478.0454698,dato
