fecha_descarga,fuente,clase_licencia,licencia,url,bytes,sha256,actualizada,crudo_en_repo
2026-10-05,bce_balance_eurosistema,a,Gratuita con atribución (política de reutilización de las estadísticas del SEBC),https://data-api.ecb.europa.eu/service/data/ILM/W.U2.C.T000000.Z5.Z01?format=csvdata,435942,1d911aa8803869fbf5086dbbeb98f561735729eb463c06383cb4e6a69946ee70,,sí
2026-10-05,bce_m2_ajustada,a,Gratuita con atribución (política de reutilización de las estadísticas del SEBC),https://data-api.ecb.europa.eu/service/data/BSI/M.U2.Y.V.M20.X.1.U2.2300.Z01.E?format=csvdata,290594,b67f33549018ce47bca486a1ccac737429b6b24b3cf78f61dfef9c63b1f364ab,,sí
2026-10-05,bce_m2_sin_ajustar,a,Gratuita con atribución (política de reutilización de las estadísticas del SEBC),https://data-api.ecb.europa.eu/service/data/BSI/M.U2.N.V.M20.X.1.U2.2300.Z01.E?format=csvdata,299551,b8aa09ee2d317382d5793c60774515753299d8eaa932ece9dce9cee067be7363,,sí
2026-10-05,bde_m2_ajustada,a,solo contraste: no alimenta ninguna serie,https://www.bde.es/webbe/es/estadisticas/compartido/datos/csv/be0112.csv,52440,8091dc2855f54594e6737c8a6a9891a235e5a261aa251308ae0f5dbcfd52de8c,,no
2026-10-05,bde_m2_sin_ajustar,a,solo contraste: no alimenta ninguna serie,https://www.bde.es/webbe/es/estadisticas/compartido/datos/csv/be0110.csv,44115,d1f4294b5480d600151e7d1ce132929dfa35e0cbd0633508a8441d1521cb3eb6,,no
2026-10-05,bis_cbta_cn,a,Términos de uso de las estadísticas del BIS: uso libre citando al BIS,https://stats.bis.org/api/v2/data/dataflow/BIS/WS_CBTA/1.0/M.CN?format=csv,710153,5e58f8aa8cec85e60b5d007585c2203fe0970a79bafe8b2e458c1bf9c4dd9ce3,,sí
2026-10-05,bis_cbta_jp,a,Términos de uso de las estadísticas del BIS: uso libre citando al BIS,https://stats.bis.org/api/v2/data/dataflow/BIS/WS_CBTA/1.0/M.JP?format=csv,2603941,273fa9135a25ebafb412a15ec5432e8f40511f3cd6268eb5c1031019422cf7f9,,no
2026-10-05,bis_cbta_us,a,Términos de uso de las estadísticas del BIS: uso libre citando al BIS,https://stats.bis.org/api/v2/data/dataflow/BIS/WS_CBTA/1.0/M.US?format=csv,2129764,f195b26a9bdb862942a0797917fbc2bb40aa8523e4f8f4e6f1baf15560896a21,,no
2026-10-05,bis_cbta_xm,a,Términos de uso de las estadísticas del BIS: uso libre citando al BIS,https://stats.bis.org/api/v2/data/dataflow/BIS/WS_CBTA/1.0/M.XM?format=csv,747726,80e2e6506782a2acc08b5c453ccdda9f168bca79d33e4cda3d1a3afff30fb7ff,,no
2026-10-05,bis_xru_cn,a,solo contraste: no alimenta ninguna serie,https://stats.bis.org/api/v2/data/dataflow/BIS/WS_XRU/1.0/M.CN?format=csv,203618,fc45e7fe40ebe05dc69715628d8e872dcababdb9e6b43df82ba964ba3f27b577,,no
2026-10-05,bis_xru_jp,a,solo contraste: no alimenta ninguna serie,https://stats.bis.org/api/v2/data/dataflow/BIS/WS_XRU/1.0/M.JP?format=csv,197558,02a7fbcb75b1aafe40bc64af0d3b5b1ae2a9103c2d63445d02e32aced012a8d5,,no
2026-10-05,bis_xru_xm,a,solo contraste: no alimenta ninguna serie,https://stats.bis.org/api/v2/data/dataflow/BIS/WS_XRU/1.0/M.XM?format=csv,153589,5635a8dcb98926b8dea0ac3e2f991e893e9448a4012793a063290be0a5e241dd,,no
2026-10-05,boj_balance,b,"Reproducción con cita de la fuente, salvo fines comerciales (Banco de Japón)","https://www.stat-search.boj.or.jp/api/v1/getDataCode?format=csv&lang=en&db=BS01&code=MABJMTA,MABJMA5,MABJML1,MABJML11",201179,c85c7de1508db0a9dc2aae1ef155245441448f0470d248cd484cff3f2c0dc298,,sí
2026-10-05,boj_m2,b,"Reproducción con cita de la fuente, salvo fines comerciales (Banco de Japón)","https://www.stat-search.boj.or.jp/api/v1/getDataCode?format=csv&lang=en&db=MD02&code=MAM1NAM2M2MO,MAM1XAM2M2MO,MAM1NAM3M3MO,MAM1NEM3M3MO,MAMS3ANM2C,MAMS3ENM2C,MAMS1ANM2C,MAMS1ENM2C",385779,1247a7d57dbece8bd00defc588f954a0c267fb7111a92f9d3dbff8b0105ff57e,,sí
2026-10-05,estat_m2_japon,a,solo contraste: no alimenta ninguna serie,https://dashboard.e-stat.go.jp/api/1.0/Json/getData?Lang=EN&IndicatorCode=0702010200000010010,58049,2fd33c5faa5e92ec76cbc223b0a42dd6cfc044ed1746686cee1e9837aa16cbac,,no
2026-10-05,fred_walcl,a,solo contraste: no alimenta ninguna serie,https://fred.stlouisfed.org/graph/fredgraph.csv?id=WALCL,23320,1900a650f4256dd3635ca58adf33d7f1889d4777cc8c36a562f20542c24fa6f9,,no
2026-10-05,junta_h10,a,Dominio público (Junta de la Reserva Federal),https://www.federalreserve.gov/releases/h10/data/FRB_h10_xml.zip,2082528,89b9ea2bb998c191e6cbf389afb1870fd7e8052344bb9138a55b6e284e17f22b,,no
2026-10-05,junta_h41,a,Dominio público (Junta de la Reserva Federal),https://www.federalreserve.gov/releases/h41/data/FRB_h41_xml.zip,9069679,1eb4daf1ff2966cb3c7083c9703e9cba9163bbb1d41a6e2ad1af6a0c94694fe2,,no
2026-10-05,junta_h6,a,Dominio público (Junta de la Reserva Federal),https://www.federalreserve.gov/releases/h6/data/FRB_h6_xml.zip,1419255,7ab987141ee43c5bc940f917c0c6d14e7ae8b001bea053eba440f2b13e3c0d80,,no
2026-10-05,junta_h6_html,a,solo contraste: no alimenta ninguna serie,https://www.federalreserve.gov/releases/h6/current/default.htm,121016,d8f051f22f671b33309fc3ec499a8bd71fadb470c67ae2751f2e602988979ba6,,no
2026-10-05,ocde_china_dinero_amplio,a,"Términos de la OCDE: uso libre con crédito, con reserva por derechos de terceros","https://sdmx.oecd.org/public/rest/data/OECD.SDD.STES,DSD_STES@DF_MONAGG,/CHN.M.MABM.XDC.....?format=csvfilewithlabels",105188,73ec664589151ff2d526d485eeb34de2ee10ac3d61d09b87d1955162bf25c93a,,sí
