mes,serie,valor,fecha_origen,estado,quiebre
2002-12,balance_fed,732059,2002-12-25,dato,
2003-01,balance_fed,712809,2003-01-29,dato,
2003-02,balance_fed,721980,2003-02-26,dato,
2003-03,balance_fed,725019,2003-03-26,dato,
2003-04,balance_fed,746294,2003-04-30,dato,
2003-05,balance_fed,744896,2003-05-28,dato,
2003-06,balance_fed,744018,2003-06-25,dato,
2003-07,balance_fed,740295,2003-07-30,dato,
2003-08,balance_fed,740637,2003-08-27,dato,
2003-09,balance_fed,741193,2003-09-24,dato,
2003-10,balance_fed,747272,2003-10-29,dato,
2003-11,balance_fed,756964,2003-11-26,dato,
2003-12,balance_fed,771551,2003-12-31,dato,
2004-01,balance_fed,755279,2004-01-28,dato,
2004-02,balance_fed,750666,2004-02-25,dato,
2004-03,balance_fed,760725,2004-03-31,dato,
2004-04,balance_fed,772927,2004-04-28,dato,
2004-05,balance_fed,771108,2004-05-26,dato,
2004-06,balance_fed,779578,2004-06-30,dato,
2004-07,balance_fed,773916,2004-07-28,dato,
2004-08,balance_fed,775437,2004-08-25,dato,
2004-09,balance_fed,786330,2004-09-29,dato,
2004-10,balance_fed,791336,2004-10-27,dato,
2004-11,balance_fed,809956,2004-11-24,dato,
2004-12,balance_fed,810944,2004-12-29,dato,
2005-01,balance_fed,807262,2005-01-26,dato,
2005-02,balance_fed,804576,2005-02-23,dato,
2005-03,balance_fed,807551,2005-03-30,dato,
2005-04,balance_fed,809797,2005-04-27,dato,
2005-05,balance_fed,810160,2005-05-25,dato,
2005-06,balance_fed,810082,2005-06-29,dato,
2005-07,balance_fed,814259,2005-07-27,dato,
2005-08,balance_fed,823237,2005-08-31,dato,
2005-09,balance_fed,823771,2005-09-28,dato,
2005-10,balance_fed,819105,2005-10-26,dato,
2005-11,balance_fed,835059,2005-11-30,dato,
2005-12,balance_fed,847700,2005-12-28,dato,
2006-01,balance_fed,828901,2006-01-25,dato,
2006-02,balance_fed,840555,2006-02-22,dato,
2006-03,balance_fed,833675,2006-03-29,dato,
2006-04,balance_fed,844572,2006-04-26,dato,
2006-05,balance_fed,851580,2006-05-31,dato,
2006-06,balance_fed,844436,2006-06-28,dato,
2006-07,balance_fed,841552,2006-07-26,dato,
2006-08,balance_fed,850925,2006-08-30,dato,
2006-09,balance_fed,849971,2006-09-27,dato,
2006-10,balance_fed,852648,2006-10-25,dato,
2006-11,balance_fed,856671,2006-11-29,dato,
2006-12,balance_fed,869988,2006-12-27,dato,
2007-01,balance_fed,865730,2007-01-31,dato,
2007-02,balance_fed,877409,2007-02-28,dato,
2007-03,balance_fed,869803,2007-03-28,dato,
2007-04,balance_fed,879686,2007-04-25,dato,
2007-05,balance_fed,876986,2007-05-30,dato,
2007-06,balance_fed,865105,2007-06-27,dato,
2007-07,balance_fed,863890,2007-07-25,dato,
2007-08,balance_fed,872873,2007-08-29,dato,
2007-09,balance_fed,889900,2007-09-26,dato,
2007-10,balance_fed,883385,2007-10-31,dato,
2007-11,balance_fed,879417,2007-11-28,dato,
2007-12,balance_fed,890662,2007-12-26,dato,
2008-01,balance_fed,900264,2008-01-30,dato,
2008-02,balance_fed,893825,2008-02-27,dato,
2008-03,balance_fed,893965,2008-03-26,dato,
2008-04,balance_fed,888131,2008-04-30,dato,
2008-05,balance_fed,904054,2008-05-28,dato,
2008-06,balance_fed,892713,2008-06-25,dato,
2008-07,balance_fed,918625,2008-07-30,dato,
2008-08,balance_fed,909982,2008-08-27,dato,
2008-09,balance_fed,1211825,2008-09-24,dato,
2008-10,balance_fed,1969086,2008-10-29,dato,
2008-11,balance_fed,2106117,2008-11-26,dato,
2008-12,balance_fed,2239457,2008-12-31,dato,
2009-01,balance_fed,1927082,2009-01-28,dato,
2009-02,balance_fed,1916115,2009-02-25,dato,
2009-03,balance_fed,2071556,2009-03-25,dato,
2009-04,balance_fed,2066712,2009-04-29,dato,
2009-05,balance_fed,2080115,2009-05-27,dato,
2009-06,balance_fed,2025571,2009-06-24,dato,
2009-07,balance_fed,2000547,2009-07-29,dato,
2009-08,balance_fed,2074902,2009-08-26,dato,
2009-09,balance_fed,2141020,2009-09-30,dato,
2009-10,balance_fed,2161537,2009-10-28,dato,
2009-11,balance_fed,2206359,2009-11-25,dato,
2009-12,balance_fed,2234067,2009-12-30,dato,
2010-01,balance_fed,2246886,2010-01-27,dato,
2010-02,balance_fed,2286127,2010-02-24,dato,
2010-03,balance_fed,2307150,2010-03-31,dato,
2010-04,balance_fed,2330472,2010-04-28,dato,
2010-05,balance_fed,2334041,2010-05-26,dato,
2010-06,balance_fed,2330851,2010-06-30,dato,
2010-07,balance_fed,2325298,2010-07-28,dato,
2010-08,balance_fed,2301015,2010-08-25,dato,
2010-09,balance_fed,2298691,2010-09-29,dato,
2010-10,balance_fed,2295392,2010-10-27,dato,
2010-11,balance_fed,2346001,2010-11-24,dato,
2010-12,balance_fed,2420570,2010-12-29,dato,
2011-01,balance_fed,2443527,2011-01-26,dato,
2011-02,balance_fed,2533221,2011-02-23,dato,
2011-03,balance_fed,2622523,2011-03-30,dato,
2011-04,balance_fed,2690985,2011-04-27,dato,
2011-05,balance_fed,2774996,2011-05-25,dato,
2011-06,balance_fed,2865251,2011-06-29,dato,
2011-07,balance_fed,2863576,2011-07-27,dato,
2011-08,balance_fed,2853888,2011-08-31,dato,
2011-09,balance_fed,2850921,2011-09-28,dato,
2011-10,balance_fed,2845685,2011-10-26,dato,
2011-11,balance_fed,2814235,2011-11-30,dato,
2011-12,balance_fed,2926095,2011-12-28,dato,
2012-01,balance_fed,2919545,2012-01-25,dato,
2012-02,balance_fed,2925722,2012-02-29,dato,
2012-03,balance_fed,2878137,2012-03-28,dato,
2012-04,balance_fed,2866561,2012-04-25,dato,
2012-05,balance_fed,2842654,2012-05-30,dato,
2012-06,balance_fed,2863547,2012-06-27,dato,
2012-07,balance_fed,2846757,2012-07-25,dato,
2012-08,balance_fed,2812806,2012-08-29,dato,
2012-09,balance_fed,2804457,2012-09-26,dato,
2012-10,balance_fed,2823137,2012-10-31,dato,
2012-11,balance_fed,2851362,2012-11-28,dato,
2012-12,balance_fed,2907300,2012-12-26,dato,
2013-01,balance_fed,3008704,2013-01-30,dato,
2013-02,balance_fed,3090600,2013-02-27,dato,
2013-03,balance_fed,3202256,2013-03-27,dato,
2013-04,balance_fed,3318649,2013-04-24,dato,
2013-05,balance_fed,3385128,2013-05-29,dato,
2013-06,balance_fed,3478672,2013-06-26,dato,
2013-07,balance_fed,3571797,2013-07-31,dato,
2013-08,balance_fed,3644456,2013-08-28,dato,
2013-09,balance_fed,3734018,2013-09-25,dato,
2013-10,balance_fed,3843396,2013-10-30,dato,
2013-11,balance_fed,3925876,2013-11-27,dato,
2013-12,balance_fed,4032575,2013-12-25,dato,
2014-01,balance_fed,4102138,2014-01-29,dato,
2014-02,balance_fed,4159972,2014-02-26,dato,
2014-03,balance_fed,4226971,2014-03-26,dato,
2014-04,balance_fed,4296049,2014-04-30,dato,
2014-05,balance_fed,4322654,2014-05-28,dato,
2014-06,balance_fed,4368348,2014-06-25,dato,
2014-07,balance_fed,4406637,2014-07-30,dato,
2014-08,balance_fed,4413736,2014-08-27,dato,
2014-09,balance_fed,4459050,2014-09-24,dato,
2014-10,balance_fed,4486754,2014-10-29,dato,
2014-11,balance_fed,4485931,2014-11-26,dato,
2014-12,balance_fed,4497660,2014-12-31,dato,
2015-01,balance_fed,4500064,2015-01-28,dato,
2015-02,balance_fed,4486725,2015-02-25,dato,
2015-03,balance_fed,4480603,2015-03-25,dato,
2015-04,balance_fed,4471499,2015-04-29,dato,
2015-05,balance_fed,4463981,2015-05-27,dato,
2015-06,balance_fed,4495055,2015-06-24,dato,
2015-07,balance_fed,4485480,2015-07-29,dato,
2015-08,balance_fed,4475105,2015-08-26,dato,
2015-09,balance_fed,4484111,2015-09-30,dato,
2015-10,balance_fed,4489339,2015-10-28,dato,
2015-11,balance_fed,4477088,2015-11-25,dato,
2015-12,balance_fed,4486587,2015-12-30,dato,
2016-01,balance_fed,4482349,2016-01-27,dato,
2016-02,balance_fed,4489796,2016-02-24,dato,
2016-03,balance_fed,4482840,2016-03-30,dato,
2016-04,balance_fed,4474665,2016-04-27,dato,
2016-05,balance_fed,4461111,2016-05-25,dato,
2016-06,balance_fed,4466482,2016-06-29,dato,
2016-07,balance_fed,4464498,2016-07-27,dato,
2016-08,balance_fed,4457907,2016-08-31,dato,
2016-09,balance_fed,4452002,2016-09-28,dato,
2016-10,balance_fed,4454326,2016-10-26,dato,
2016-11,balance_fed,4446307,2016-11-30,dato,
2016-12,balance_fed,4451451,2016-12-28,dato,
2017-01,balance_fed,4452838,2017-01-25,dato,
2017-02,balance_fed,4468702,2017-02-22,dato,
2017-03,balance_fed,4469618,2017-03-29,dato,
2017-04,balance_fed,4470142,2017-04-26,dato,
2017-05,balance_fed,4459914,2017-05-31,dato,
2017-06,balance_fed,4463347,2017-06-28,dato,
2017-07,balance_fed,4465284,2017-07-26,dato,
2017-08,balance_fed,4452360,2017-08-30,dato,
2017-09,balance_fed,4455661,2017-09-27,dato,
2017-10,balance_fed,4461117,2017-10-25,dato,
2017-11,balance_fed,4438592,2017-11-29,dato,
2017-12,balance_fed,4448680,2017-12-27,dato,
2018-01,balance_fed,4419225,2018-01-31,dato,
2018-02,balance_fed,4393401,2018-02-28,dato,
2018-03,balance_fed,4392198,2018-03-28,dato,
2018-04,balance_fed,4372886,2018-04-25,dato,
2018-05,balance_fed,4327519,2018-05-30,dato,
2018-06,balance_fed,4305491,2018-06-27,dato,
2018-07,balance_fed,4277681,2018-07-25,dato,
2018-08,balance_fed,4218914,2018-08-29,dato,
2018-09,balance_fed,4192909,2018-09-26,dato,
2018-10,balance_fed,4139731,2018-10-31,dato,
2018-11,balance_fed,4097170,2018-11-28,dato,
2018-12,balance_fed,4075636,2018-12-26,dato,
2019-01,balance_fed,4039678,2019-01-30,dato,
2019-02,balance_fed,3974590,2019-02-27,dato,
2019-03,balance_fed,3955617,2019-03-27,dato,
2019-04,balance_fed,3928273,2019-04-24,dato,
2019-05,balance_fed,3851444,2019-05-29,dato,
2019-06,balance_fed,3826817,2019-06-26,dato,
2019-07,balance_fed,3779102,2019-07-31,dato,
2019-08,balance_fed,3759946,2019-08-28,dato,
2019-09,balance_fed,3857715,2019-09-25,dato,
2019-10,balance_fed,4019823,2019-10-30,dato,
2019-11,balance_fed,4052875,2019-11-27,dato,
2019-12,balance_fed,4165591,2019-12-25,dato,
2020-01,balance_fed,4151630,2020-01-29,dato,
2020-02,balance_fed,4158637,2020-02-26,dato,
2020-03,balance_fed,5254278,2020-03-25,dato,
2020-04,balance_fed,6655929,2020-04-29,dato,
2020-05,balance_fed,7097316,2020-05-27,dato,
2020-06,balance_fed,7082302,2020-06-24,dato,
2020-07,balance_fed,6949032,2020-07-29,dato,
2020-08,balance_fed,6990418,2020-08-26,dato,
2020-09,balance_fed,7056129,2020-09-30,dato,
2020-10,balance_fed,7146306,2020-10-28,dato,
2020-11,balance_fed,7216480,2020-11-25,dato,
2020-12,balance_fed,7363351,2020-12-30,dato,
2021-01,balance_fed,7404926,2021-01-27,dato,
2021-02,balance_fed,7590111,2021-02-24,dato,
2021-03,balance_fed,7688988,2021-03-31,dato,
2021-04,balance_fed,7780962,2021-04-28,dato,
2021-05,balance_fed,7903541,2021-05-26,dato,
2021-06,balance_fed,8078544,2021-06-30,dato,
2021-07,balance_fed,8221473,2021-07-28,dato,
2021-08,balance_fed,8332743,2021-08-25,dato,
2021-09,balance_fed,8447981,2021-09-29,dato,
2021-10,balance_fed,8556181,2021-10-27,dato,
2021-11,balance_fed,8681771,2021-11-24,dato,
2021-12,balance_fed,8757460,2021-12-29,dato,
2022-01,balance_fed,8860485,2022-01-26,dato,
2022-02,balance_fed,8928129,2022-02-23,dato,
2022-03,balance_fed,8937142,2022-03-30,dato,
2022-04,balance_fed,8939199,2022-04-27,dato,
2022-05,balance_fed,8914281,2022-05-25,dato,
2022-06,balance_fed,8913553,2022-06-29,dato,
2022-07,balance_fed,8890004,2022-07-27,dato,
2022-08,balance_fed,8826093,2022-08-31,dato,
2022-09,balance_fed,8795567,2022-09-28,dato,
2022-10,balance_fed,8723090,2022-10-26,dato,
2022-11,balance_fed,8584576,2022-11-30,dato,
2022-12,balance_fed,8551169,2022-12-28,dato,
2023-01,balance_fed,8470557,2023-01-25,dato,
2023-02,balance_fed,8382190,2023-02-22,dato,
2023-03,balance_fed,8705942,2023-03-29,dato,
2023-04,balance_fed,8562768,2023-04-26,dato,
2023-05,balance_fed,8385854,2023-05-31,dato,
2023-06,balance_fed,8340914,2023-06-28,dato,
2023-07,balance_fed,8243344,2023-07-26,dato,
2023-08,balance_fed,8121316,2023-08-30,dato,
2023-09,balance_fed,8002064,2023-09-27,dato,
2023-10,balance_fed,7907830,2023-10-25,dato,
2023-11,balance_fed,7796145,2023-11-29,dato,
2023-12,balance_fed,7712781,2023-12-27,dato,
2024-01,balance_fed,7630124,2024-01-31,dato,
2024-02,balance_fed,7567807,2024-02-28,dato,
2024-03,balance_fed,7484739,2024-03-27,dato,
2024-04,balance_fed,7402434,2024-04-24,dato,
2024-05,balance_fed,7284319,2024-05-29,dato,
2024-06,balance_fed,7231163,2024-06-26,dato,
2024-07,balance_fed,7178391,2024-07-31,dato,
2024-08,balance_fed,7123238,2024-08-28,dato,
2024-09,balance_fed,7080059,2024-09-25,dato,
2024-10,balance_fed,7013490,2024-10-30,dato,
2024-11,balance_fed,6905140,2024-11-27,dato,
2024-12,balance_fed,6885963,2024-12-25,dato,
2025-01,balance_fed,6818186,2025-01-29,dato,
2025-02,balance_fed,6766101,2025-02-26,dato,
2025-03,balance_fed,6740253,2025-03-26,dato,
2025-04,balance_fed,6709277,2025-04-30,dato,
2025-05,balance_fed,6673244,2025-05-28,dato,
2025-06,balance_fed,6662200,2025-06-25,dato,
2025-07,balance_fed,6642578,2025-07-30,dato,
2025-08,balance_fed,6603384,2025-08-27,dato,
2025-09,balance_fed,6608395,2025-09-24,dato,
2025-10,balance_fed,6587034,2025-10-29,dato,
2025-11,balance_fed,6552419,2025-11-26,dato,
2025-12,balance_fed,6640618,2025-12-31,dato,
2026-01,balance_fed,6587568,2026-01-28,dato,
2026-02,balance_fed,6613797,2026-02-25,dato,
2026-03,balance_fed,6657161,2026-03-25,dato,
2026-04,balance_fed,6699950,2026-04-29,dato,
2026-05,balance_fed,6704383,2026-05-27,dato,
2026-06,balance_fed,6735645,2026-06-24,dato,
2026-07,balance_fed,6738190,2026-07-29,dato,
2026-08,balance_fed,6730912,2026-08-26,dato,
2026-09,balance_fed,6743031,2026-09-30,dato,
1999-01,balance_eurosistema,694638,1999-01-29,dato,
1999-02,balance_eurosistema,692641,1999-02-26,dato,
1999-03,balance_eurosistema,699396,1999-03-26,dato,
1999-04,balance_eurosistema,698296,1999-04-30,dato,
1999-05,balance_eurosistema,705060,1999-05-28,dato,
1999-06,balance_eurosistema,695644,1999-06-25,dato,
1999-07,balance_eurosistema,739725,1999-07-30,dato,
1999-08,balance_eurosistema,733966,1999-08-27,dato,
1999-09,balance_eurosistema,728600,1999-09-24,dato,
1999-10,balance_eurosistema,742624,1999-10-29,dato,
1999-11,balance_eurosistema,743495,1999-11-26,dato,
1999-12,balance_eurosistema,803192,1999-12-31,dato,
2000-01,balance_eurosistema,772748.85,2000-01-28,dato,
2000-02,balance_eurosistema,752207.4057,2000-02-25,dato,
2000-03,balance_eurosistema,774420.8192,2000-03-31,dato,
2000-04,balance_eurosistema,782962,2000-04-28,dato,
2000-05,balance_eurosistema,779222,2000-05-26,dato,
2000-06,balance_eurosistema,812468,2000-06-30,dato,
2000-07,balance_eurosistema,800725.2058,2000-07-28,dato,
2000-08,balance_eurosistema,796968.4467,2000-08-25,dato,
2000-09,balance_eurosistema,826309.5705,2000-09-29,dato,
2000-10,balance_eurosistema,822086.3493,2000-10-27,dato,
2000-11,balance_eurosistema,833102.9503,2000-11-24,dato,
2000-12,balance_eurosistema,835065,2000-12-29,dato,
2001-01,balance_eurosistema,853462,2001-01-26,dato,ampliación de la zona del euro: Grecia
2001-02,balance_eurosistema,871589,2001-02-23,dato,
2001-03,balance_eurosistema,847959,2001-03-30,dato,
2001-04,balance_eurosistema,839272,2001-04-27,dato,
2001-05,balance_eurosistema,825427,2001-05-25,dato,
2001-06,balance_eurosistema,862767,2001-06-29,dato,
2001-07,balance_eurosistema,862061,2001-07-27,dato,
2001-08,balance_eurosistema,833389,2001-08-31,dato,
2001-09,balance_eurosistema,817364,2001-09-28,dato,
2001-10,balance_eurosistema,809996,2001-10-26,dato,
2001-11,balance_eurosistema,810690,2001-11-30,dato,
2001-12,balance_eurosistema,814662,2001-12-28,dato,
2002-01,balance_eurosistema,839687,2002-01-25,dato,
2002-02,balance_eurosistema,777402,2002-02-22,dato,
2002-03,balance_eurosistema,814901,2002-03-29,dato,
2002-04,balance_eurosistema,788835,2002-04-26,dato,
2002-05,balance_eurosistema,793333,2002-05-31,dato,
2002-06,balance_eurosistema,780845,2002-06-28,dato,
2002-07,balance_eurosistema,783540,2002-07-26,dato,
2002-08,balance_eurosistema,770838,2002-08-30,dato,
2002-09,balance_eurosistema,772822,2002-09-27,dato,
2002-10,balance_eurosistema,798028,2002-10-25,dato,
2002-11,balance_eurosistema,796464,2002-11-29,dato,
2002-12,balance_eurosistema,832558,2002-12-27,dato,
2003-01,balance_eurosistema,786730,2003-01-31,dato,
2003-02,balance_eurosistema,790649,2003-02-28,dato,
2003-03,balance_eurosistema,798674,2003-03-28,dato,
2003-04,balance_eurosistema,800643,2003-04-25,dato,
2003-05,balance_eurosistema,801435,2003-05-30,dato,
2003-06,balance_eurosistema,813568,2003-06-27,dato,
2003-07,balance_eurosistema,828475,2003-07-25,dato,
2003-08,balance_eurosistema,814810,2003-08-29,dato,
2003-09,balance_eurosistema,829239,2003-09-26,dato,
2003-10,balance_eurosistema,818606,2003-10-31,dato,
2003-11,balance_eurosistema,833339,2003-11-28,dato,
2003-12,balance_eurosistema,835157,2003-12-26,dato,
2004-01,balance_eurosistema,824392,2004-01-30,dato,
2004-02,balance_eurosistema,824024,2004-02-27,dato,
2004-03,balance_eurosistema,830349,2004-03-26,dato,
2004-04,balance_eurosistema,853538,2004-04-30,dato,
2004-05,balance_eurosistema,867250,2004-05-28,dato,
2004-06,balance_eurosistema,895838,2004-06-25,dato,
2004-07,balance_eurosistema,883749,2004-07-30,dato,
2004-08,balance_eurosistema,881876,2004-08-27,dato,
2004-09,balance_eurosistema,885811,2004-09-24,dato,
2004-10,balance_eurosistema,893778,2004-10-29,dato,
2004-11,balance_eurosistema,899065,2004-11-26,dato,
2004-12,balance_eurosistema,884233,2004-12-31,dato,
2005-01,balance_eurosistema,894782,2005-01-28,dato,
2005-02,balance_eurosistema,913849,2005-02-25,dato,
2005-03,balance_eurosistema,926434,2005-03-25,dato,
2005-04,balance_eurosistema,934479,2005-04-29,dato,
2005-05,balance_eurosistema,927781,2005-05-27,dato,
2005-06,balance_eurosistema,967868,2005-06-24,dato,
2005-07,balance_eurosistema,996796,2005-07-29,dato,
2005-08,balance_eurosistema,992270,2005-08-26,dato,
2005-09,balance_eurosistema,996044,2005-09-30,dato,
2005-10,balance_eurosistema,1003504,2005-10-28,dato,
2005-11,balance_eurosistema,1017239,2005-11-25,dato,
2005-12,balance_eurosistema,1038152,2005-12-30,dato,
2006-01,balance_eurosistema,1055186,2006-01-27,dato,
2006-02,balance_eurosistema,1062732,2006-02-24,dato,
2006-03,balance_eurosistema,1067477,2006-03-31,dato,
2006-04,balance_eurosistema,1080389,2006-04-28,dato,
2006-05,balance_eurosistema,1084094,2006-05-26,dato,
2006-06,balance_eurosistema,1112770,2006-06-30,dato,
2006-07,balance_eurosistema,1128285,2006-07-28,dato,
2006-08,balance_eurosistema,1113025,2006-08-25,dato,
2006-09,balance_eurosistema,1118315,2006-09-29,dato,
2006-10,balance_eurosistema,1118736,2006-10-27,dato,
2006-11,balance_eurosistema,1133314,2006-11-24,dato,
2006-12,balance_eurosistema,1150980,2006-12-29,dato,
2007-01,balance_eurosistema,1148148,2007-01-26,dato,ampliación de la zona del euro: Eslovenia
2007-02,balance_eurosistema,1150396,2007-02-23,dato,
2007-03,balance_eurosistema,1162604,2007-03-30,dato,
2007-04,balance_eurosistema,1176308,2007-04-27,dato,
2007-05,balance_eurosistema,1187052,2007-05-25,dato,
2007-06,balance_eurosistema,1208453,2007-06-29,dato,
2007-07,balance_eurosistema,1212584,2007-07-27,dato,
2007-08,balance_eurosistema,1157534,2007-08-31,dato,
2007-09,balance_eurosistema,1250396,2007-09-28,dato,
2007-10,balance_eurosistema,1263504,2007-10-26,dato,
2007-11,balance_eurosistema,1297266,2007-11-30,dato,
2007-12,balance_eurosistema,1511244,2007-12-28,dato,
2008-01,balance_eurosistema,1337542,2008-01-25,dato,ampliación de la zona del euro: Chipre y Malta
2008-02,balance_eurosistema,1336758,2008-02-29,dato,
2008-03,balance_eurosistema,1390804,2008-03-28,dato,
2008-04,balance_eurosistema,1405859,2008-04-25,dato,
2008-05,balance_eurosistema,1423245,2008-05-30,dato,
2008-06,balance_eurosistema,1462710,2008-06-27,dato,
2008-07,balance_eurosistema,1450899,2008-07-25,dato,
2008-08,balance_eurosistema,1449139,2008-08-29,dato,
2008-09,balance_eurosistema,1518548,2008-09-26,dato,
2008-10,balance_eurosistema,2031447,2008-10-31,dato,
2008-11,balance_eurosistema,1979051,2008-11-28,dato,
2008-12,balance_eurosistema,2043465,2008-12-26,dato,
2009-01,balance_eurosistema,1906979,2009-01-30,dato,ampliación de la zona del euro: Eslovaquia
2009-02,balance_eurosistema,1820268,2009-02-27,dato,
2009-03,balance_eurosistema,1803083,2009-03-27,dato,
2009-04,balance_eurosistema,1823963,2009-04-24,dato,
2009-05,balance_eurosistema,1799610,2009-05-29,dato,
2009-06,balance_eurosistema,1997319,2009-06-26,dato,
2009-07,balance_eurosistema,1854093,2009-07-31,dato,
2009-08,balance_eurosistema,1821371,2009-08-28,dato,
2009-09,balance_eurosistema,1790242,2009-09-25,dato,
2009-10,balance_eurosistema,1779000,2009-10-30,dato,
2009-11,balance_eurosistema,1759186,2009-11-27,dato,
2009-12,balance_eurosistema,1852463,2009-12-25,dato,
2010-01,balance_eurosistema,1877655,2010-01-29,dato,
2010-02,balance_eurosistema,1889017,2010-02-26,dato,
2010-03,balance_eurosistema,1894898,2010-03-26,dato,
2010-04,balance_eurosistema,1956819,2010-04-30,dato,
2010-05,balance_eurosistema,2088450,2010-05-28,dato,
2010-06,balance_eurosistema,2154245,2010-06-25,dato,
2010-07,balance_eurosistema,2001660,2010-07-30,dato,
2010-08,balance_eurosistema,1957926,2010-08-27,dato,
2010-09,balance_eurosistema,1971356,2010-09-24,dato,
2010-10,balance_eurosistema,1895679,2010-10-29,dato,
2010-11,balance_eurosistema,1915961,2010-11-26,dato,
2010-12,balance_eurosistema,2004432,2010-12-31,dato,
2011-01,balance_eurosistema,1965568,2011-01-28,dato,ampliación de la zona del euro: Estonia
2011-02,balance_eurosistema,1952278,2011-02-25,dato,
2011-03,balance_eurosistema,1928055,2011-03-25,dato,
2011-04,balance_eurosistema,1894101,2011-04-29,dato,
2011-05,balance_eurosistema,1900610,2011-05-27,dato,
2011-06,balance_eurosistema,1972174,2011-06-24,dato,
2011-07,balance_eurosistema,2000471,2011-07-29,dato,
2011-08,balance_eurosistema,2071633,2011-08-26,dato,
2011-09,balance_eurosistema,2288571,2011-09-30,dato,
2011-10,balance_eurosistema,2333373,2011-10-28,dato,
2011-11,balance_eurosistema,2419548,2011-11-25,dato,
2011-12,balance_eurosistema,2735628,2011-12-30,dato,
2012-01,balance_eurosistema,2682576,2012-01-27,dato,
2012-02,balance_eurosistema,2692598,2012-02-24,dato,
2012-03,balance_eurosistema,2964427,2012-03-30,dato,
2012-04,balance_eurosistema,2962103,2012-04-27,dato,
2012-05,balance_eurosistema,2980310,2012-05-25,dato,
2012-06,balance_eurosistema,3102227,2012-06-29,dato,
2012-07,balance_eurosistema,3094144,2012-07-27,dato,
2012-08,balance_eurosistema,3084769,2012-08-31,dato,
2012-09,balance_eurosistema,3082432,2012-09-28,dato,
2012-10,balance_eurosistema,3046543,2012-10-26,dato,
2012-11,balance_eurosistema,3033294,2012-11-30,dato,
2012-12,balance_eurosistema,3018198,2012-12-28,dato,
2013-01,balance_eurosistema,2928781,2013-01-25,dato,
2013-02,balance_eurosistema,2748823,2013-02-22,dato,
2013-03,balance_eurosistema,2648126,2013-03-29,dato,
2013-04,balance_eurosistema,2611252,2013-04-26,dato,
2013-05,balance_eurosistema,2549449,2013-05-31,dato,
2013-06,balance_eurosistema,2430423,2013-06-28,dato,
2013-07,balance_eurosistema,2396181,2013-07-26,dato,
2013-08,balance_eurosistema,2360639,2013-08-30,dato,
2013-09,balance_eurosistema,2338044,2013-09-27,dato,
2013-10,balance_eurosistema,2318744,2013-10-25,dato,
2013-11,balance_eurosistema,2290956,2013-11-29,dato,
2013-12,balance_eurosistema,2285399,2013-12-27,dato,
2014-01,balance_eurosistema,2217061,2014-01-31,dato,ampliación de la zona del euro: Letonia
2014-02,balance_eurosistema,2181079,2014-02-28,dato,
2014-03,balance_eurosistema,2152103,2014-03-28,dato,
2014-04,balance_eurosistema,2169061,2014-04-25,dato,
2014-05,balance_eurosistema,2197095,2014-05-30,dato,
2014-06,balance_eurosistema,2088099,2014-06-27,dato,
2014-07,balance_eurosistema,2044312,2014-07-25,dato,
2014-08,balance_eurosistema,2038716,2014-08-29,dato,
2014-09,balance_eurosistema,2038235,2014-09-26,dato,
2014-10,balance_eurosistema,2052070,2014-10-31,dato,
2014-11,balance_eurosistema,2053892,2014-11-28,dato,
2014-12,balance_eurosistema,2150247,2014-12-26,dato,
2015-01,balance_eurosistema,2181954,2015-01-30,dato,ampliación de la zona del euro: Lituania
2015-02,balance_eurosistema,2155836,2015-02-27,dato,
2015-03,balance_eurosistema,2250801,2015-03-27,dato,
2015-04,balance_eurosistema,2360790,2015-04-24,dato,
2015-05,balance_eurosistema,2416666,2015-05-29,dato,
2015-06,balance_eurosistema,2539544,2015-06-26,dato,
2015-07,balance_eurosistema,2536592,2015-07-31,dato,
2015-08,balance_eurosistema,2558780,2015-08-28,dato,
2015-09,balance_eurosistema,2620631,2015-09-25,dato,
2015-10,balance_eurosistema,2664996,2015-10-30,dato,
2015-11,balance_eurosistema,2706740,2015-11-27,dato,
2015-12,balance_eurosistema,2767815,2015-12-25,dato,
2016-01,balance_eurosistema,2808331,2016-01-29,dato,
2016-02,balance_eurosistema,2850299,2016-02-26,dato,
2016-03,balance_eurosistema,2897696,2016-03-25,dato,
2016-04,balance_eurosistema,3000759,2016-04-29,dato,
2016-05,balance_eurosistema,3067481,2016-05-27,dato,
2016-06,balance_eurosistema,3131095,2016-06-24,dato,
2016-07,balance_eurosistema,3284309,2016-07-29,dato,
2016-08,balance_eurosistema,3330487,2016-08-26,dato,
2016-09,balance_eurosistema,3438145,2016-09-30,dato,
2016-10,balance_eurosistema,3507401,2016-10-28,dato,
2016-11,balance_eurosistema,3566230,2016-11-25,dato,
2016-12,balance_eurosistema,3662901,2016-12-30,dato,
2017-01,balance_eurosistema,3740766,2017-01-27,dato,
2017-02,balance_eurosistema,3808242,2017-02-24,dato,
2017-03,balance_eurosistema,4100730,2017-03-31,dato,
2017-04,balance_eurosistema,4148032,2017-04-28,dato,
2017-05,balance_eurosistema,4195685,2017-05-26,dato,
2017-06,balance_eurosistema,4209510,2017-06-30,dato,
2017-07,balance_eurosistema,4248280,2017-07-28,dato,
2017-08,balance_eurosistema,4278881,2017-08-25,dato,
2017-09,balance_eurosistema,4318624,2017-09-29,dato,
2017-10,balance_eurosistema,4371222,2017-10-27,dato,
2017-11,balance_eurosistema,4427474,2017-11-24,dato,
2017-12,balance_eurosistema,4471563,2017-12-29,dato,
2018-01,balance_eurosistema,4493058,2018-01-26,dato,
2018-02,balance_eurosistema,4511540,2018-02-23,dato,
2018-03,balance_eurosistema,4529579,2018-03-30,dato,
2018-04,balance_eurosistema,4554344,2018-04-27,dato,
2018-05,balance_eurosistema,4562651,2018-05-25,dato,
2018-06,balance_eurosistema,4592518,2018-06-29,dato,
2018-07,balance_eurosistema,4612006,2018-07-27,dato,
2018-08,balance_eurosistema,4621355,2018-08-31,dato,
2018-09,balance_eurosistema,4619792,2018-09-28,dato,
2018-10,balance_eurosistema,4624792,2018-10-26,dato,
2018-11,balance_eurosistema,4660299,2018-11-30,dato,
2018-12,balance_eurosistema,4669003,2018-12-28,dato,
2019-01,balance_eurosistema,4708899,2019-01-25,dato,
2019-02,balance_eurosistema,4692062,2019-02-22,dato,
2019-03,balance_eurosistema,4695785,2019-03-29,dato,
2019-04,balance_eurosistema,4697616,2019-04-26,dato,
2019-05,balance_eurosistema,4685961,2019-05-31,dato,
2019-06,balance_eurosistema,4692614,2019-06-28,dato,
2019-07,balance_eurosistema,4685716,2019-07-26,dato,
2019-08,balance_eurosistema,4683714,2019-08-30,dato,
2019-09,balance_eurosistema,4638104,2019-09-27,dato,
2019-10,balance_eurosistema,4680875,2019-10-25,dato,
2019-11,balance_eurosistema,4698291,2019-11-29,dato,
2019-12,balance_eurosistema,4691998,2019-12-27,dato,
2020-01,balance_eurosistema,4671365,2020-01-31,dato,
2020-02,balance_eurosistema,4691852,2020-02-28,dato,
2020-03,balance_eurosistema,5062687,2020-03-27,dato,
2020-04,balance_eurosistema,5347042,2020-04-24,dato,
2020-05,balance_eurosistema,5596070,2020-05-29,dato,
2020-06,balance_eurosistema,6236143,2020-06-26,dato,
2020-07,balance_eurosistema,6360822,2020-07-31,dato,
2020-08,balance_eurosistema,6440237,2020-08-28,dato,
2020-09,balance_eurosistema,6534815,2020-09-25,dato,
2020-10,balance_eurosistema,6775763,2020-10-30,dato,
2020-11,balance_eurosistema,6883402,2020-11-27,dato,
2020-12,balance_eurosistema,7014661,2020-12-25,dato,
2021-01,balance_eurosistema,7033256,2021-01-29,dato,
2021-02,balance_eurosistema,7110487,2021-02-26,dato,
2021-03,balance_eurosistema,7505021,2021-03-26,dato,
2021-04,balance_eurosistema,7567945,2021-04-30,dato,
2021-05,balance_eurosistema,7657629,2021-05-28,dato,
2021-06,balance_eurosistema,7877127,2021-06-25,dato,
2021-07,balance_eurosistema,7987364,2021-07-30,dato,
2021-08,balance_eurosistema,8191312,2021-08-27,dato,
2021-09,balance_eurosistema,8273207,2021-09-24,dato,
2021-10,balance_eurosistema,8366071,2021-10-29,dato,
2021-11,balance_eurosistema,8456991,2021-11-26,dato,
2021-12,balance_eurosistema,8566372,2021-12-31,dato,
2022-01,balance_eurosistema,8622576,2022-01-28,dato,
2022-02,balance_eurosistema,8671293,2022-02-25,dato,
2022-03,balance_eurosistema,8710615,2022-03-25,dato,
2022-04,balance_eurosistema,8783589,2022-04-29,dato,
2022-05,balance_eurosistema,8813834,2022-05-27,dato,
2022-06,balance_eurosistema,8835987,2022-06-24,dato,
2022-07,balance_eurosistema,8764480,2022-07-29,dato,
2022-08,balance_eurosistema,8750036,2022-08-26,dato,
2022-09,balance_eurosistema,8810111,2022-09-30,dato,
2022-10,balance_eurosistema,8770670,2022-10-28,dato,
2022-11,balance_eurosistema,8471442,2022-11-25,dato,
2022-12,balance_eurosistema,7955797,2022-12-30,dato,
2023-01,balance_eurosistema,7893991,2023-01-27,dato,ampliación de la zona del euro: Croacia
2023-02,balance_eurosistema,7839385,2023-02-24,dato,
2023-03,balance_eurosistema,7729612,2023-03-31,dato,
2023-04,balance_eurosistema,7719816,2023-04-28,dato,
2023-05,balance_eurosistema,7713658,2023-05-26,dato,
2023-06,balance_eurosistema,7219695,2023-06-30,dato,
2023-07,balance_eurosistema,7189296,2023-07-28,dato,
2023-08,balance_eurosistema,7154855,2023-08-25,dato,
2023-09,balance_eurosistema,7066454,2023-09-29,dato,
2023-10,balance_eurosistema,7019671,2023-10-27,dato,
2023-11,balance_eurosistema,6995799,2023-11-24,dato,
2023-12,balance_eurosistema,6935489,2023-12-29,dato,
2024-01,balance_eurosistema,6887588,2024-01-26,dato,
2024-02,balance_eurosistema,6830940,2024-02-23,dato,
2024-03,balance_eurosistema,6619689,2024-03-29,dato,
2024-04,balance_eurosistema,6598860,2024-04-26,dato,
2024-05,balance_eurosistema,6560665,2024-05-31,dato,
2024-06,balance_eurosistema,6522003,2024-06-28,dato,
2024-07,balance_eurosistema,6475497,2024-07-26,dato,
2024-08,balance_eurosistema,6473096,2024-08-30,dato,
2024-09,balance_eurosistema,6398397,2024-09-27,dato,
2024-10,balance_eurosistema,6414443,2024-10-25,dato,
2024-11,balance_eurosistema,6372760,2024-11-29,dato,
2024-12,balance_eurosistema,6357247,2024-12-27,dato,
2025-01,balance_eurosistema,6393680,2025-01-31,dato,
2025-02,balance_eurosistema,6319531,2025-02-28,dato,
2025-03,balance_eurosistema,6246998,2025-03-28,dato,
2025-04,balance_eurosistema,6329947,2025-04-25,dato,
2025-05,balance_eurosistema,6274536,2025-05-30,dato,
2025-06,balance_eurosistema,6232169,2025-06-27,dato,
2025-07,balance_eurosistema,6121778,2025-07-25,dato,
2025-08,balance_eurosistema,6089393,2025-08-29,dato,
2025-09,balance_eurosistema,6070838,2025-09-26,dato,
2025-10,balance_eurosistema,6170944,2025-10-31,dato,
2025-11,balance_eurosistema,6143717,2025-11-28,dato,
2025-12,balance_eurosistema,6163751,2025-12-26,dato,
2026-01,balance_eurosistema,6289997,2026-01-30,dato,ampliación de la zona del euro: Bulgaria
2026-02,balance_eurosistema,6226783,2026-02-27,dato,
2026-03,balance_eurosistema,6162122,2026-03-27,dato,
2026-04,balance_eurosistema,6215651,2026-04-24,dato,
2026-05,balance_eurosistema,6162017,2026-05-29,dato,
2026-06,balance_eurosistema,6117260,2026-06-26,dato,
2026-07,balance_eurosistema,5941248,2026-07-31,dato,
2026-08,balance_eurosistema,5915343,2026-08-28,dato,
2026-09,balance_eurosistema,5897262,2026-09-25,dato,
1998-04,balance_boj,800652,,dato,
1998-05,balance_boj,771888,,dato,
1998-06,balance_boj,753964,,dato,
1998-07,balance_boj,724375,,dato,
1998-08,balance_boj,763742,,dato,
1998-09,balance_boj,783667,,dato,
1998-10,balance_boj,775368,,dato,
1998-11,balance_boj,883012,,dato,
1998-12,balance_boj,912382,,dato,
1999-01,balance_boj,797188,,dato,
1999-02,balance_boj,755897,,dato,
1999-03,balance_boj,797450,,dato,
1999-04,balance_boj,791152,,dato,
1999-05,balance_boj,744742,,dato,
1999-06,balance_boj,734211,,dato,
1999-07,balance_boj,686329,,dato,
1999-08,balance_boj,680224,,dato,
1999-09,balance_boj,688207,,dato,
1999-10,balance_boj,680064,,dato,
1999-11,balance_boj,841508,,dato,
1999-12,balance_boj,1113478,,dato,
2000-01,balance_boj,905251,,dato,
2000-02,balance_boj,941085,,dato,
2000-03,balance_boj,1062017,,dato,
2000-04,balance_boj,797289,,dato,
2000-05,balance_boj,838507,,dato,
2000-06,balance_boj,837194,,dato,
2000-07,balance_boj,807840,,dato,
2000-08,balance_boj,885391,,dato,
2000-09,balance_boj,853390,,dato,
2000-10,balance_boj,920988,,dato,
2000-11,balance_boj,1054097,,dato,
2000-12,balance_boj,1067962,,dato,
2001-01,balance_boj,1078487,,dato,
2001-02,balance_boj,1102160,,dato,
2001-03,balance_boj,1150959,,dato,
2001-04,balance_boj,1123259,,dato,cambio contable de las operaciones repo: el total no es comparable con los meses anteriores
2001-05,balance_boj,1138146,,dato,
2001-06,balance_boj,1169329,,dato,
2001-07,balance_boj,1163779,,dato,
2001-08,balance_boj,1133882,,dato,
2001-09,balance_boj,1156156,,dato,
2001-10,balance_boj,1107271,,dato,
2001-11,balance_boj,1133942,,dato,
2001-12,balance_boj,1175079,,dato,
2002-01,balance_boj,1224388,,dato,
2002-02,balance_boj,1313520,,dato,
2002-03,balance_boj,1385648,,dato,
2002-04,balance_boj,1328094,,dato,
2002-05,balance_boj,1279453,,dato,
2002-06,balance_boj,1241193,,dato,
2002-07,balance_boj,1265421,,dato,
2002-08,balance_boj,1284793,,dato,
2002-09,balance_boj,1244691,,dato,
2002-10,balance_boj,1246432,,dato,
2002-11,balance_boj,1250866,,dato,
2002-12,balance_boj,1251263,,dato,
2003-01,balance_boj,1245386,,dato,
2003-02,balance_boj,1325273,,dato,
2003-03,balance_boj,1411674,,dato,
2003-04,balance_boj,1283101,,dato,
2003-05,balance_boj,1306815,,dato,
2003-06,balance_boj,1252605,,dato,
2003-07,balance_boj,1263771,,dato,
2003-08,balance_boj,1283228,,dato,
2003-09,balance_boj,1339295,,dato,
2003-10,balance_boj,1322521,,dato,
2003-11,balance_boj,1347558,,dato,
2003-12,balance_boj,1313685,,dato,
2004-01,balance_boj,1354300,,dato,
2004-02,balance_boj,1405509,,dato,
2004-03,balance_boj,1493819,,dato,
2004-04,balance_boj,1382514,,dato,
2004-05,balance_boj,1390667,,dato,
2004-06,balance_boj,1347362,,dato,
2004-07,balance_boj,1314783,,dato,
2004-08,balance_boj,1382251,,dato,
2004-09,balance_boj,1394564,,dato,
2004-10,balance_boj,1384015,,dato,
2004-11,balance_boj,1478802,,dato,
2004-12,balance_boj,1445467,,dato,
2005-01,balance_boj,1473561,,dato,
2005-02,balance_boj,1514085,,dato,
2005-03,balance_boj,1505173,,dato,
2005-04,balance_boj,1473513,,dato,
2005-05,balance_boj,1477619,,dato,
2005-06,balance_boj,1442122,,dato,
2005-07,balance_boj,1476503,,dato,
2005-08,balance_boj,1513847,,dato,
2005-09,balance_boj,1481357,,dato,
2005-10,balance_boj,1477546,,dato,
2005-11,balance_boj,1519701,,dato,
2005-12,balance_boj,1556071,,dato,
2006-01,balance_boj,1528656,,dato,
2006-02,balance_boj,1523477,,dato,
2006-03,balance_boj,1448629,,dato,
2006-04,balance_boj,1299799,,dato,
2006-05,balance_boj,1227935,,dato,
2006-06,balance_boj,1138328,,dato,
2006-07,balance_boj,1159675,,dato,
2006-08,balance_boj,1132672,,dato,
2006-09,balance_boj,1174523,,dato,
2006-10,balance_boj,1151993,,dato,
2006-11,balance_boj,1185414,,dato,
2006-12,balance_boj,1155436,,dato,
2007-01,balance_boj,1146223,,dato,
2007-02,balance_boj,1176947,,dato,
2007-03,balance_boj,1127409,,dato,
2007-04,balance_boj,1060053,,dato,
2007-05,balance_boj,1075105,,dato,
2007-06,balance_boj,1000712,,dato,
2007-07,balance_boj,1077171,,dato,
2007-08,balance_boj,1107917,,dato,
2007-09,balance_boj,1110324,,dato,
2007-10,balance_boj,1073472,,dato,
2007-11,balance_boj,1114939,,dato,
2007-12,balance_boj,1112844,,dato,
2008-01,balance_boj,1130604,,dato,
2008-02,balance_boj,1142477,,dato,
2008-03,balance_boj,1134262,,dato,
2008-04,balance_boj,1072225,,dato,
2008-05,balance_boj,1101273,,dato,
2008-06,balance_boj,1014199,,dato,
2008-07,balance_boj,1083652,,dato,
2008-08,balance_boj,1098870,,dato,
2008-09,balance_boj,1125287,,dato,
2008-10,balance_boj,1168028,,dato,
2008-11,balance_boj,1215262,,dato,
2008-12,balance_boj,1227708,,dato,
2009-01,balance_boj,1195135,,dato,
2009-02,balance_boj,1221730,,dato,
2009-03,balance_boj,1238886,,dato,
2009-04,balance_boj,1147983,,dato,
2009-05,balance_boj,1187973,,dato,
2009-06,balance_boj,1098429,,dato,
2009-07,balance_boj,1147349,,dato,
2009-08,balance_boj,1171842,,dato,
2009-09,balance_boj,1163248,,dato,
2009-10,balance_boj,1114000,,dato,
2009-11,balance_boj,1172964,,dato,
2009-12,balance_boj,1225336,,dato,
2010-01,balance_boj,1224342,,dato,
2010-02,balance_boj,1267675,,dato,
2010-03,balance_boj,1218241,,dato,
2010-04,balance_boj,1142013,,dato,
2010-05,balance_boj,1209586,,dato,
2010-06,balance_boj,1132336,,dato,
2010-07,balance_boj,1173742,,dato,
2010-08,balance_boj,1230414,,dato,
2010-09,balance_boj,1203317,,dato,
2010-10,balance_boj,1214171,,dato,
2010-11,balance_boj,1270457,,dato,
2010-12,balance_boj,1287104,,dato,
2011-01,balance_boj,1279996,,dato,
2011-02,balance_boj,1301181,,dato,
2011-03,balance_boj,1423631,,dato,
2011-04,balance_boj,1346213,,dato,
2011-05,balance_boj,1351200,,dato,
2011-06,balance_boj,1295844,,dato,
2011-07,balance_boj,1344737,,dato,
2011-08,balance_boj,1414829,,dato,
2011-09,balance_boj,1376890,,dato,
2011-10,balance_boj,1329858,,dato,
2011-11,balance_boj,1432056,,dato,
2011-12,balance_boj,1430219,,dato,
2012-01,balance_boj,1369064,,dato,
2012-02,balance_boj,1442443,,dato,
2012-03,balance_boj,1394569,,dato,
2012-04,balance_boj,1412065,,dato,
2012-05,balance_boj,1428007,,dato,
2012-06,balance_boj,1436265,,dato,
2012-07,balance_boj,1454954,,dato,
2012-08,balance_boj,1499672,,dato,
2012-09,balance_boj,1499208,,dato,
2012-10,balance_boj,1537316,,dato,
2012-11,balance_boj,1563579,,dato,
2012-12,balance_boj,1583627,,dato,
2013-01,balance_boj,1597903,,dato,
2013-02,balance_boj,1635325,,dato,
2013-03,balance_boj,1648127,,dato,
2013-04,balance_boj,1746913,,dato,
2013-05,balance_boj,1842861,,dato,
2013-06,balance_boj,1870684,,dato,
2013-07,balance_boj,1967581,,dato,
2013-08,balance_boj,2056918,,dato,
2013-09,balance_boj,2088625,,dato,
2013-10,balance_boj,2155142,,dato,
2013-11,balance_boj,2240888,,dato,
2013-12,balance_boj,2241897,,dato,
2014-01,balance_boj,2321780,,dato,
2014-02,balance_boj,2404502,,dato,
2014-03,balance_boj,2415798,,dato,
2014-04,balance_boj,2461764,,dato,
2014-05,balance_boj,2539730,,dato,
2014-06,balance_boj,2577613,,dato,
2014-07,balance_boj,2689676,,dato,
2014-08,balance_boj,2758955,,dato,
2014-09,balance_boj,2770994,,dato,
2014-10,balance_boj,2868380,,dato,
2014-11,balance_boj,2973747,,dato,
2014-12,balance_boj,3002117,,dato,
2015-01,balance_boj,3111731,,dato,
2015-02,balance_boj,3204418,,dato,
2015-03,balance_boj,3235937,,dato,
2015-04,balance_boj,3328186,,dato,
2015-05,balance_boj,3431402,,dato,
2015-06,balance_boj,3454395,,dato,
2015-07,balance_boj,3542941,,dato,
2015-08,balance_boj,3614591,,dato,
2015-09,balance_boj,3661278,,dato,
2015-10,balance_boj,3735537,,dato,
2015-11,balance_boj,3812542,,dato,
2015-12,balance_boj,3831076,,dato,
2016-01,balance_boj,3964498,,dato,
2016-02,balance_boj,4037909,,dato,
2016-03,balance_boj,4056481,,dato,
2016-04,balance_boj,4144163,,dato,
2016-05,balance_boj,4256697,,dato,
2016-06,balance_boj,4327586,,dato,
2016-07,balance_boj,4430848,,dato,
2016-08,balance_boj,4529802,,dato,
2016-09,balance_boj,4568058,,dato,
2016-10,balance_boj,4633922,,dato,
2016-11,balance_boj,4711310,,dato,
2016-12,balance_boj,4764980,,dato,
2017-01,balance_boj,4819817,,dato,
2017-02,balance_boj,4879011,,dato,
2017-03,balance_boj,4900893,,dato,
2017-04,balance_boj,4977463,,dato,
2017-05,balance_boj,5008008,,dato,
2017-06,balance_boj,5021084,,dato,
2017-07,balance_boj,5055602,,dato,
2017-08,balance_boj,5115845,,dato,
2017-09,balance_boj,5134438,,dato,
2017-10,balance_boj,5180461,,dato,
2017-11,balance_boj,5218600,,dato,
2017-12,balance_boj,5214161,,dato,
2018-01,balance_boj,5267036,,dato,
2018-02,balance_boj,5331792,,dato,
2018-03,balance_boj,5282856,,dato,
2018-04,balance_boj,5350510,,dato,
2018-05,balance_boj,5408036,,dato,
2018-06,balance_boj,5370168,,dato,
2018-07,balance_boj,5463108,,dato,
2018-08,balance_boj,5509363,,dato,
2018-09,balance_boj,5456615,,dato,
2018-10,balance_boj,5518054,,dato,
2018-11,balance_boj,5555010,,dato,
2018-12,balance_boj,5520843,,dato,
2019-01,balance_boj,5569180,,dato,
2019-02,balance_boj,5619262,,dato,
2019-03,balance_boj,5570243,,dato,
2019-04,balance_boj,5620357,,dato,
2019-05,balance_boj,5671565,,dato,
2019-06,balance_boj,5648665,,dato,
2019-07,balance_boj,5683142,,dato,
2019-08,balance_boj,5727192,,dato,
2019-09,balance_boj,5698026,,dato,
2019-10,balance_boj,5756702,,dato,
2019-11,balance_boj,5785322,,dato,
2019-12,balance_boj,5730531,,dato,
2020-01,balance_boj,5783352,,dato,
2020-02,balance_boj,5849208,,dato,
2020-03,balance_boj,6044846,,dato,
2020-04,balance_boj,6190306,,dato,
2020-05,balance_boj,6385922,,dato,
2020-06,balance_boj,6489462,,dato,
2020-07,balance_boj,6658852,,dato,
2020-08,balance_boj,6828990,,dato,
2020-09,balance_boj,6900269,,dato,
2020-10,balance_boj,6982309,,dato,
2020-11,balance_boj,7053047,,dato,
2020-12,balance_boj,7025822,,dato,
2021-01,balance_boj,7094935,,dato,
2021-02,balance_boj,7126021,,dato,
2021-03,balance_boj,7145566,,dato,
2021-04,balance_boj,7202316,,dato,
2021-05,balance_boj,7246409,,dato,
2021-06,balance_boj,7169006,,dato,
2021-07,balance_boj,7229429,,dato,
2021-08,balance_boj,7267102,,dato,
2021-09,balance_boj,7240579,,dato,
2021-10,balance_boj,7251886,,dato,
2021-11,balance_boj,7282186,,dato,
2021-12,balance_boj,7237659,,dato,
2022-01,balance_boj,7251444,,dato,
2022-02,balance_boj,7305553,,dato,
2022-03,balance_boj,7362535,,dato,
2022-04,balance_boj,7386915,,dato,
2022-05,balance_boj,7364911,,dato,
2022-06,balance_boj,7327306,,dato,
2022-07,balance_boj,7253573,,dato,
2022-08,balance_boj,7092488,,dato,
2022-09,balance_boj,6857902,,dato,
2022-10,balance_boj,6959532,,dato,
2022-11,balance_boj,6998931,,dato,
2022-12,balance_boj,7039414,,dato,
2023-01,balance_boj,7337761,,dato,
2023-02,balance_boj,7395800,,dato,
2023-03,balance_boj,7351165,,dato,
2023-04,balance_boj,7400726,,dato,
2023-05,balance_boj,7455518,,dato,
2023-06,balance_boj,7328285,,dato,
2023-07,balance_boj,7416142,,dato,
2023-08,balance_boj,7485376,,dato,
2023-09,balance_boj,7414910,,dato,
2023-10,balance_boj,7506502,,dato,
2023-11,balance_boj,7557805,,dato,
2023-12,balance_boj,7499632,,dato,
2024-01,balance_boj,7564336,,dato,
2024-02,balance_boj,7604307,,dato,
2024-03,balance_boj,7564231,,dato,
2024-04,balance_boj,7583199,,dato,
2024-05,balance_boj,7610851,,dato,
2024-06,balance_boj,7536709,,dato,
2024-07,balance_boj,7617141,,dato,
2024-08,balance_boj,7648115,,dato,
2024-09,balance_boj,7532992,,dato,
2024-10,balance_boj,7568635,,dato,
2024-11,balance_boj,7599596,,dato,
2024-12,balance_boj,7479920,,dato,
2025-01,balance_boj,7443455,,dato,
2025-02,balance_boj,7470520,,dato,
2025-03,balance_boj,7297669,,dato,
2025-04,balance_boj,7312029,,dato,
2025-05,balance_boj,7336035,,dato,
2025-06,balance_boj,7174942,,dato,
2025-07,balance_boj,7214098,,dato,
2025-08,balance_boj,7240302,,dato,
2025-09,balance_boj,6957819,,dato,
2025-10,balance_boj,6963487,,dato,
2025-11,balance_boj,6979490,,dato,
2025-12,balance_boj,6777762,,dato,
2026-01,balance_boj,6828680,,dato,
2026-02,balance_boj,6837705,,dato,
2026-03,balance_boj,6630250,,dato,
2026-04,balance_boj,6632533,,dato,
2026-05,balance_boj,6643630,,dato,
2026-06,balance_boj,6395509,,dato,
2026-07,balance_boj,6442957,,dato,
2026-08,balance_boj,6446620,,dato,
