fecha,walcl,tga,rrp,rrp_fecha_origen,s2_1_liquidez_neta,s2_2_var_13s_pct
2020-01-01,4173.626000,403.853000,64.087000,2019-12-31,3705.686000,
2020-01-08,4149.544000,350.840000,0.876000,2020-01-08,3797.828000,
2020-01-15,4175.850000,380.802000,0.675000,2020-01-15,3794.373000,
2020-01-22,4145.912000,411.708000,15.604000,2020-01-22,3718.600000,
2020-01-29,4151.630000,450.537000,0.300000,2020-01-29,3700.793000,
2020-02-05,4166.707000,416.585000,4.112000,2020-02-05,3746.010000,
2020-02-12,4182.689000,404.341000,0.309000,2020-02-12,3778.039000,
2020-02-19,4171.570000,421.051000,0.095000,2020-02-19,3750.424000,
2020-02-26,4158.637000,387.615000,2.300000,2020-02-26,3768.722000,
2020-03-04,4241.507000,381.302000,5.025000,2020-03-04,3855.180000,
2020-03-11,4311.911000,372.337000,1.325000,2020-03-11,3938.249000,
2020-03-18,4668.212000,401.354000,0.477000,2020-03-18,4266.381000,
2020-03-25,5254.278000,384.890000,97.411000,2020-03-25,4771.977000,
2020-04-01,5811.607000,506.933000,207.828000,2020-04-01,5096.846000,37.541227
2020-04-08,6083.141000,827.178000,53.483000,2020-04-08,5202.480000,36.985667
2020-04-15,6367.887000,856.155000,3.150000,2020-04-15,5508.582000,45.177662
2020-04-22,6573.136000,949.999000,10.825000,2020-04-22,5612.312000,50.925402
2020-04-29,6655.929000,1076.232000,1.450000,2020-04-29,5578.247000,50.731127
2020-05-06,6721.420000,1143.268000,1.175000,2020-05-06,5576.977000,48.877793
2020-05-13,6934.227000,1138.172000,13.825000,2020-05-13,5782.230000,53.048447
2020-05-20,7037.258000,1193.297000,9.726000,2020-05-20,5834.235000,55.562011
2020-05-27,7097.316000,1326.897000,4.326000,2020-05-27,5766.093000,52.998629
2020-06-03,7165.217000,1431.462000,0.013000,2020-06-03,5733.742000,48.728257
2020-06-10,7168.936000,1504.569000,0.012000,2020-06-10,5664.355000,43.829275
2020-06-17,7094.690000,1565.306000,0.001000,2020-06-17,5529.383000,29.603591
2020-06-24,7082.302000,1586.573000,0.001000,2020-06-24,5495.728000,15.166691
2020-07-01,7009.040000,1656.747000,0.002000,2020-07-01,5352.291000,5.011825
2020-07-08,6920.716000,1624.404000,0.001000,2020-07-08,5296.311000,1.803582
2020-07-15,6958.604000,1740.455000,0.001000,2020-07-15,5218.148000,-5.272391
2020-07-22,6964.755000,1777.180000,0.000000,2020-07-22,5187.575000,-7.567951
2020-07-29,6949.032000,1792.434000,0.001000,2020-07-29,5156.597000,-7.558826
2020-08-05,6945.237000,1706.637000,0.000000,2020-08-05,5238.600000,-6.067391
2020-08-12,6957.277000,1635.143000,0.103000,2020-08-12,5322.031000,-7.958850
2020-08-19,7010.637000,1636.393000,0.112000,2020-08-19,5374.132000,-7.886261
2020-08-26,6990.418000,1607.449000,0.009000,2020-08-26,5382.960000,-6.644586
2020-09-02,7017.492000,1651.823000,0.014000,2020-09-02,5365.655000,-6.419665
2020-09-09,7010.614000,1570.533000,0.001000,2020-09-09,5440.080000,-3.959409
2020-09-16,7064.475000,1692.809000,0.055000,2020-09-16,5371.611000,-2.853338
2020-09-23,7093.161000,1661.732000,0.001000,2020-09-23,5431.428000,-1.170000
2020-09-30,7056.129000,1781.679000,0.850000,2020-09-30,5273.600000,-1.470230
2020-10-07,7074.649000,1687.434000,0.011000,2020-10-07,5387.204000,1.716157
2020-10-14,7151.426000,1647.937000,0.000000,2020-10-14,5503.489000,5.468243
2020-10-21,7177.265000,1699.497000,0.000000,2020-10-21,5477.768000,5.594001
2020-10-28,7146.306000,1653.039000,0.005000,2020-10-28,5493.262000,6.528821
2020-11-04,7157.479000,1618.568000,0.000000,2020-11-04,5538.911000,5.732658
2020-11-11,7175.417000,1570.768000,0.000000,2020-11-10,5604.649000,5.310341
2020-11-18,7243.080000,1546.924000,0.103000,2020-11-18,5696.053000,5.990195
2020-11-25,7216.480000,1484.036000,0.000000,2020-11-25,5732.444000,6.492413
2020-12-02,7222.414000,1557.239000,0.001000,2020-12-02,5665.174000,5.582152
2020-12-09,7242.658000,1502.361000,0.003000,2020-12-09,5740.294000,5.518559
2020-12-16,7362.592000,1615.873000,0.026000,2020-12-16,5746.693000,6.982672
2020-12-23,7404.039000,1583.308000,0.857000,2020-12-23,5819.874000,7.151821
2020-12-30,7363.351000,1613.514000,0.652000,2020-12-30,5749.185000,9.018223
2021-01-06,7334.809000,1607.396000,0.004000,2021-01-06,5727.409000,6.315057
2021-01-13,7333.968000,1575.875000,0.000000,2021-01-13,5758.093000,4.626229
2021-01-20,7414.942000,1638.331000,1.806000,2021-01-20,5774.805000,5.422592
2021-01-27,7404.926000,1613.377000,1.152000,2021-01-27,5790.397000,5.409081
2021-02-03,7410.598000,1629.729000,0.178000,2021-02-03,5780.691000,4.365118
2021-02-10,7442.225000,1576.744000,0.000000,2021-02-10,5865.481000,4.653851
2021-02-17,7557.402000,1568.893000,0.050000,2021-02-17,5988.459000,5.133485
2021-02-24,7590.111000,1439.646000,0.001000,2021-02-24,6150.464000,7.292178
2021-03-03,7557.524000,1420.238000,0.507000,2021-03-03,6136.779000,8.324634
2021-03-10,7579.901000,1310.273000,0.100000,2021-03-10,6269.528000,9.219632
2021-03-17,7693.506000,1089.501000,0.000000,2021-03-17,6604.005000,14.918354
2021-03-24,7719.622000,1031.908000,21.902000,2021-03-24,6665.812000,14.535332
2021-03-31,7688.988000,1121.951000,134.307000,2021-03-31,6432.730000,11.889424
2021-04-07,7708.882000,954.968000,35.035000,2021-04-07,6718.879000,17.310969
2021-04-14,7793.104000,921.685000,50.856000,2021-04-14,6820.563000,18.451769
2021-04-21,7820.948000,1003.443000,81.329000,2021-04-21,6736.176000,16.647679
2021-04-28,7780.962000,932.287000,166.732000,2021-04-28,6681.943000,15.396975
2021-05-05,7810.486000,946.134000,162.800000,2021-05-05,6701.552000,15.929947
2021-05-12,7830.663000,864.253000,209.257000,2021-05-12,6757.153000,15.202027
2021-05-19,7922.883000,860.833000,293.998000,2021-05-19,6768.052000,13.018257
2021-05-26,7903.541000,778.912000,450.283000,2021-05-26,6674.346000,8.517764
2021-06-02,7935.703000,812.087000,438.778000,2021-06-02,6684.838000,8.930727
2021-06-09,7952.327000,673.555000,502.904000,2021-06-09,6775.868000,8.076206
2021-06-16,8064.257000,765.114000,520.942000,2021-06-16,6778.201000,2.637733
2021-06-23,8101.945000,733.877000,813.650000,2021-06-23,6554.418000,-1.671124
2021-06-30,8078.544000,851.929000,991.939000,2021-06-30,6234.676000,-3.078848
2021-07-07,8097.773000,724.898000,785.720000,2021-07-07,6587.155000,-1.960506
2021-07-14,8201.651000,657.542000,859.975000,2021-07-14,6684.134000,-2.000260
2021-07-21,8240.530000,616.294000,886.206000,2021-07-21,6738.030000,0.027523
2021-07-28,8221.473000,536.966000,965.189000,2021-07-28,6719.318000,0.559343
2021-08-04,8235.073000,505.871000,931.755000,2021-08-04,6797.447000,1.430937
2021-08-11,8257.159000,389.747000,1000.460000,2021-08-11,6866.952000,1.624930
2021-08-18,8342.598000,313.651000,1115.656000,2021-08-18,6913.291000,2.145950
2021-08-25,8332.743000,258.200000,1147.089000,2021-08-25,6927.454000,3.792252
2021-09-01,8349.173000,296.934000,1084.115000,2021-09-01,6968.124000,4.237739
2021-09-08,8357.314000,200.702000,1115.229000,2021-09-08,7041.383000,3.918539
2021-09-15,8448.770000,344.668000,1081.342000,2021-09-15,7022.760000,3.608022
2021-09-22,8489.824000,272.679000,1283.281000,2021-09-22,6933.864000,5.789164
2021-09-29,8447.981000,173.745000,1415.840000,2021-09-29,6858.396000,10.004048
2021-10-06,8464.032000,95.854000,1451.175000,2021-10-06,6917.003000,5.007443
2021-10-13,8480.942000,72.460000,1364.701000,2021-10-13,7043.781000,5.380607
2021-10-20,8564.943000,117.364000,1493.961000,2021-10-20,6953.618000,3.199570
2021-10-27,8556.181000,236.495000,1433.370000,2021-10-27,6886.316000,2.485342
2021-11-03,8574.871000,286.959000,1343.985000,2021-11-03,6943.927000,2.154927
2021-11-10,8663.117000,231.421000,1448.623000,2021-11-10,6983.073000,1.691012
2021-11-17,8674.970000,178.972000,1520.000000,2021-11-17,6975.998000,0.907050
2021-11-24,8681.771000,141.042000,1452.897000,2021-11-24,7087.832000,2.315107
2021-12-01,8650.402000,159.148000,1427.347000,2021-12-01,7063.907000,1.374588
2021-12-08,8664.524000,125.144000,1484.192000,2021-12-08,7055.188000,0.196055
2021-12-15,8756.666000,58.294000,1621.097000,2021-12-15,7077.275000,0.776262
2021-12-22,8790.495000,197.516000,1699.277000,2021-12-22,6893.702000,-0.579215
2021-12-29,8757.460000,283.995000,1642.506000,2021-12-29,6830.959000,-0.400050
2022-01-05,8765.721000,434.757000,1492.787000,2022-01-05,6838.177000,-1.139598
2022-01-12,8788.278000,489.679000,1536.981000,2022-01-12,6761.618000,-4.005846
2022-01-19,8867.834000,580.171000,1656.576000,2022-01-19,6631.087000,-4.638319
2022-01-26,8860.485000,639.620000,1613.046000,2022-01-26,6607.819000,-4.044209
2022-02-02,8873.211000,710.267000,1626.895000,2022-02-02,6536.049000,-5.873881
2022-02-09,8878.009000,679.019000,1653.153000,2022-02-09,6545.837000,-6.261369
2022-02-16,8911.033000,709.261000,1644.134000,2022-02-16,6557.638000,-5.997135
2022-02-23,8928.129000,674.797000,1738.322000,2022-02-23,6515.010000,-8.081766
2022-03-02,8904.455000,685.491000,1526.211000,2022-03-02,6692.753000,-5.254231
2022-03-09,8910.748000,609.369000,1542.504000,2022-03-09,6758.875000,-4.199931
2022-03-16,8954.306000,621.527000,1613.637000,2022-03-16,6719.142000,-5.060323
2022-03-23,8962.474000,576.442000,1803.186000,2022-03-23,6582.846000,-4.509275
2022-03-30,8937.142000,556.791000,1785.939000,2022-03-30,6594.412000,-3.462867
2022-04-06,8937.592000,545.584000,1731.472000,2022-04-06,6660.536000,-2.597783
2022-04-13,8965.487000,543.536000,1815.555000,2022-04-13,6606.396000,-2.295634
2022-04-20,8955.851000,907.526000,1866.560000,2022-04-20,6181.765000,-6.775993
2022-04-27,8939.199000,957.419000,1803.162000,2022-04-27,6178.618000,-6.495350
2022-05-04,8939.972000,964.412000,1815.656000,2022-05-04,6159.904000,-5.754929
2022-05-11,8942.008000,919.331000,1876.119000,2022-05-11,6146.558000,-6.099739
2022-05-18,8945.898000,866.726000,1973.373000,2022-05-18,6105.799000,-6.890271
2022-05-25,8914.281000,801.714000,1995.750000,2022-05-25,6116.817000,-6.111932
2022-06-01,8915.050000,780.575000,1965.015000,2022-06-01,6169.460000,-7.818800
2022-06-08,8918.254000,683.892000,2140.277000,2022-06-08,6094.085000,-9.835808
2022-06-15,8932.420000,769.937000,2162.924000,2022-06-15,5999.559000,-10.709448
2022-06-22,8934.346000,745.052000,2259.458000,2022-06-22,5929.836000,-9.919874
2022-06-29,8913.553000,759.845000,2226.976000,2022-06-29,5926.732000,-10.124936
2022-07-06,8891.851000,687.943000,2168.026000,2022-07-06,6035.882000,-9.378434
2022-07-13,8895.867000,618.740000,2155.290000,2022-07-13,6121.837000,-7.334695
2022-07-20,8899.213000,616.348000,2240.204000,2022-07-20,6042.661000,-2.250231
2022-07-27,8890.004000,615.515000,2188.994000,2022-07-27,6085.495000,-1.507182
2022-08-03,8874.620000,566.577000,2182.238000,2022-08-03,6125.805000,-0.553564
2022-08-10,8879.138000,561.140000,2177.646000,2022-08-10,6140.352000,-0.100967
2022-08-17,8849.762000,539.278000,2199.631000,2022-08-17,6110.853000,0.082774
2022-08-24,8851.436000,530.196000,2237.072000,2022-08-24,6084.168000,-0.533758
2022-08-31,8826.093000,669.911000,2251.025000,2022-08-31,5905.157000,-4.284054
2022-09-07,8822.401000,582.921000,2206.987000,2022-09-07,6032.493000,-1.010685
2022-09-14,8832.759000,617.997000,2225.579000,2022-09-14,5989.183000,-0.172946
2022-09-21,8816.802000,690.286000,2315.900000,2022-09-21,5810.616000,-2.010511
2022-09-28,8795.567000,661.920000,2366.798000,2022-09-28,5766.849000,-2.697659
2022-10-05,8759.053000,622.131000,2230.799000,2022-10-05,5906.123000,-2.149794
2022-10-12,8758.969000,583.513000,2247.206000,2022-10-12,5928.250000,-3.162237
2022-10-19,8743.922000,640.613000,2241.835000,2022-10-19,5861.474000,-2.998464
2022-10-26,8723.090000,636.327000,2186.856000,2022-10-26,5899.907000,-3.049678
2022-11-02,8676.870000,552.089000,2229.861000,2022-11-02,5894.920000,-3.769056
2022-11-09,8678.886000,517.340000,2237.812000,2022-11-09,5923.734000,-3.527778
2022-11-16,8625.620000,472.185000,2099.070000,2022-11-16,6054.365000,-0.924388
2022-11-23,8621.390000,492.754000,2069.174000,2022-11-23,6059.462000,-0.406070
2022-11-30,8584.576000,532.791000,2115.913000,2022-11-30,5935.872000,0.520139
2022-12-07,8582.735000,410.853000,2151.549000,2022-12-07,6020.333000,-0.201575
2022-12-14,8583.413000,342.104000,2192.864000,2022-12-14,6048.445000,0.989484
2022-12-21,8564.411000,434.922000,2206.965000,2022-12-21,5922.524000,1.925923
2022-12-28,8551.169000,409.809000,2293.003000,2022-12-28,5848.357000,1.413389
2023-01-04,8507.429000,379.620000,2229.542000,2023-01-04,5898.267000,-0.133015
2023-01-11,8508.587000,346.426000,2199.170000,2023-01-11,5962.991000,0.586025
2023-01-18,8489.039000,377.500000,2131.678000,2023-01-18,5979.861000,2.019748
2023-01-25,8470.557000,572.622000,2031.561000,2023-01-25,5866.374000,-0.568365
2023-02-01,8433.610000,500.852000,2038.262000,2023-02-01,5894.496000,-0.007193
2023-02-08,8435.369000,495.838000,2059.604000,2023-02-08,5879.927000,-0.739517
2023-02-15,8384.767000,439.703000,2011.998000,2023-02-15,5933.066000,-2.003497
2023-02-22,8382.190000,451.307000,2113.849000,2023-02-22,5817.034000,-4.000817
2023-03-01,8339.684000,351.015000,2133.950000,2023-03-01,5854.719000,-1.367162
2023-03-08,8342.283000,311.731000,2193.237000,2023-03-08,5837.315000,-3.039998
2023-03-15,8639.300000,277.643000,2055.823000,2023-03-15,6305.834000,4.255457
2023-03-22,8733.787000,199.856000,2279.608000,2023-03-22,6254.323000,5.602324
2023-03-29,8705.942000,162.758000,2264.862000,2023-03-29,6278.322000,7.351894
2023-04-05,8632.384000,140.688000,2243.011000,2023-04-05,6248.685000,5.941033
2023-04-12,8614.797000,86.554000,2303.862000,2023-04-12,6224.381000,4.383538
2023-04-19,8593.263000,265.095000,2294.677000,2023-04-19,6033.491000,0.896844
2023-04-26,8562.768000,296.209000,2279.561000,2023-04-26,5986.998000,2.056193
2023-05-03,8503.994000,188.309000,2258.222000,2023-05-03,6057.463000,2.764732
2023-05-10,8503.017000,154.808000,2233.149000,2023-05-10,6115.060000,3.998910
2023-05-17,8456.760000,68.332000,2213.676000,2023-05-17,6174.752000,4.073543
2023-05-24,8436.255000,49.473000,2250.709000,2023-05-24,6136.073000,5.484565
2023-05-31,8385.854000,48.512000,2254.859000,2023-05-31,6082.483000,3.890264
2023-06-07,8389.325000,77.500000,2161.556000,2023-06-07,6150.269000,5.361266
2023-06-14,8388.323000,134.857000,2109.105000,2023-06-14,6144.361000,-2.560692
2023-06-21,8362.060000,292.106000,2037.102000,2023-06-21,6032.852000,-3.541087
2023-06-28,8340.914000,408.561000,1945.211000,2023-06-28,5987.142000,-4.637863
2023-07-05,8298.312000,446.864000,1867.061000,2023-07-05,5984.387000,-4.229658
2023-07-12,8296.923000,517.418000,1820.146000,2023-07-12,5959.359000,-4.257805
2023-07-19,8274.552000,537.441000,1732.804000,2023-07-19,6004.307000,-0.483700
2023-07-26,8243.344000,549.897000,1749.733000,2023-07-26,5943.714000,-0.722967
2023-08-02,8206.764000,460.926000,1770.186000,2023-08-02,5975.652000,-1.350582
2023-08-09,8208.241000,432.262000,1796.519000,2023-08-09,5979.460000,-2.217476
2023-08-16,8145.727000,384.814000,1796.725000,2023-08-16,5964.188000,-3.410080
2023-08-23,8139.066000,416.031000,1816.533000,2023-08-23,5906.502000,-3.741334
2023-08-30,8121.316000,500.702000,1696.819000,2023-08-30,5923.795000,-2.608935
2023-09-06,8101.318000,481.552000,1606.244000,2023-09-06,6013.522000,-2.223431
2023-09-13,8098.779000,537.364000,1546.225000,2023-09-13,6015.190000,-2.102269
2023-09-20,8024.090000,661.717000,1486.984000,2023-09-20,5875.389000,-2.610092
2023-09-27,8002.064000,672.142000,1442.805000,2023-09-27,5887.117000,-1.670664
2023-10-04,7955.782000,678.959000,1342.031000,2023-10-04,5934.792000,-0.828740
2023-10-11,7952.054000,713.000000,1239.382000,2023-10-11,5999.672000,0.676465
2023-10-18,7933.162000,841.103000,1150.781000,2023-10-18,5941.278000,-1.049730
2023-10-25,7907.830000,847.717000,1100.617000,2023-10-25,5959.496000,0.265524
2023-11-01,7866.664000,753.008000,1079.462000,2023-11-01,6034.194000,0.979676
2023-11-08,7860.691000,763.459000,1024.451000,2023-11-08,6072.781000,1.560693
2023-11-15,7814.991000,669.976000,944.241000,2023-11-15,6200.774000,3.966776
2023-11-22,7810.814000,693.007000,931.604000,2023-11-22,6186.203000,4.735476
2023-11-29,7796.145000,753.570000,914.187000,2023-11-29,6128.388000,3.453749
2023-12-06,7737.385000,667.678000,846.498000,2023-12-06,6223.209000,3.486925
2023-12-13,7739.566000,630.618000,823.329000,2023-12-13,6285.619000,4.495768
2023-12-20,7724.063000,732.721000,779.143000,2023-12-20,6212.199000,5.732557
2023-12-27,7712.781000,713.064000,818.869000,2023-12-27,6180.848000,4.989386
2024-01-03,7681.024000,743.464000,719.897000,2024-01-03,6217.663000,4.766317
2024-01-10,7686.710000,727.856000,679.961000,2024-01-10,6278.893000,4.653938
2024-01-17,7673.741000,773.544000,590.191000,2024-01-17,6310.006000,6.206207
2024-01-24,7677.230000,815.159000,639.560000,2024-01-24,6222.511000,4.413377
2024-01-31,7630.124000,865.481000,615.379000,2024-01-31,6149.264000,1.906966
2024-02-07,7631.300000,821.575000,553.055000,2024-02-07,6256.670000,3.028085
2024-02-14,7633.874000,831.880000,575.332000,2024-02-14,6226.662000,0.417496
2024-02-21,7581.683000,788.759000,574.882000,2024-02-21,6218.042000,0.514678
2024-02-28,7567.807000,767.672000,569.855000,2024-02-28,6230.280000,1.662623
2024-03-06,7538.857000,760.550000,456.847000,2024-03-06,6321.460000,1.578784
2024-03-13,7541.969000,748.388000,521.738000,2024-03-13,6271.843000,-0.219167
2024-03-20,7514.348000,812.605000,496.245000,2024-03-20,6205.498000,-0.107868
2024-03-27,7484.739000,772.260000,518.357000,2024-03-27,6194.122000,0.214760
2024-04-03,7439.558000,732.828000,436.631000,2024-04-03,6270.099000,0.843339
2024-04-10,7438.176000,672.537000,445.816000,2024-04-10,6319.823000,0.651866
2024-04-17,7405.506000,929.932000,440.508000,2024-04-17,6035.066000,-4.357207
2024-04-24,7402.434000,929.379000,441.215000,2024-04-24,6031.840000,-3.064213
2024-05-01,7362.474000,890.442000,438.148000,2024-05-01,6033.884000,-1.876322
2024-05-08,7353.408000,816.809000,493.427000,2024-05-08,6043.172000,-3.412326
2024-05-15,7304.272000,706.108000,443.779000,2024-05-15,6154.385000,-1.160766
2024-05-22,7299.566000,710.882000,496.382000,2024-05-22,6092.302000,-2.022180
2024-05-29,7284.319000,716.020000,459.314000,2024-05-29,6108.985000,-1.946863
2024-06-05,7255.687000,703.314000,371.841000,2024-06-05,6180.532000,-2.229358
2024-06-12,7258.974000,650.212000,447.574000,2024-06-12,6161.188000,-1.764314
2024-06-19,7252.542000,782.158000,375.542000,2024-06-18,6094.842000,-1.783193
2024-06-26,7231.163000,744.206000,490.156000,2024-06-26,5996.801000,-3.185617
2024-07-03,7221.520000,745.608000,425.898000,2024-07-03,6050.014000,-3.510072
2024-07-10,7224.079000,722.328000,422.147000,2024-07-10,6079.604000,-3.801040
2024-07-17,7208.247000,766.779000,399.401000,2024-07-17,6042.067000,0.116005
2024-07-24,7205.455000,767.419000,399.121000,2024-07-24,6038.915000,0.117294
2024-07-31,7178.391000,854.001000,413.200000,2024-07-31,5911.190000,-2.033417
2024-08-07,7175.256000,785.233000,286.660000,2024-08-07,6103.363000,0.996017
2024-08-14,7177.688000,788.823000,328.472000,2024-08-14,6060.393000,-1.527236
2024-08-21,7139.952000,734.727000,321.329000,2024-08-21,6083.896000,-0.137977
2024-08-28,7123.238000,757.077000,388.890000,2024-08-28,5977.271000,-2.156070
2024-09-04,7112.567000,771.047000,337.312000,2024-09-04,6004.208000,-2.852894
2024-09-11,7115.001000,725.577000,279.215000,2024-09-11,6110.209000,-0.827422
2024-09-18,7109.137000,839.398000,305.831000,2024-09-18,5963.908000,-2.148276
2024-09-25,7080.059000,778.910000,416.193000,2024-09-25,5884.956000,-1.865078
2024-10-02,7046.925000,823.412000,383.398000,2024-10-02,5840.115000,-3.469397
2024-10-09,7046.840000,787.395000,343.448000,2024-10-09,5915.997000,-2.691080
2024-10-16,7039.284000,814.751000,272.028000,2024-10-16,5952.505000,-1.482307
2024-10-23,7029.408000,817.410000,270.839000,2024-10-23,5941.159000,-1.618768
2024-10-30,7013.490000,847.137000,228.946000,2024-10-30,5937.407000,0.443515
2024-11-06,6994.299000,840.227000,177.871000,2024-11-06,5976.201000,-2.083474
2024-11-13,6967.108000,808.857000,238.106000,2024-11-13,5920.145000,-2.314173
2024-11-20,6923.731000,737.834000,217.793000,2024-11-20,5968.104000,-1.903254
2024-11-27,6905.140000,782.704000,169.815000,2024-11-27,5952.621000,-0.412396
2024-12-04,6895.827000,815.011000,162.866000,2024-12-04,5917.950000,-1.436626
2024-12-11,6897.485000,711.354000,180.120000,2024-12-11,6006.011000,-1.705310
2024-12-18,6889.332000,803.975000,131.651000,2024-12-18,5953.706000,-0.171062
2024-12-25,6885.963000,735.039000,180.989000,2024-12-24,5969.935000,1.444004
2025-01-01,6852.491000,721.892000,473.460000,2024-12-31,5657.139000,-3.133089
2025-01-08,6853.554000,620.531000,185.144000,2025-01-08,6047.879000,2.229244
2025-01-15,6834.070000,651.187000,119.977000,2025-01-15,6062.906000,1.854698
2025-01-22,6831.760000,665.485000,123.981000,2025-01-22,6042.294000,1.702277
2025-01-29,6818.186000,811.549000,121.842000,2025-01-29,5884.795000,-0.886111
2025-02-05,6810.935000,817.953000,78.788000,2025-02-05,5914.194000,-1.037566
2025-02-12,6813.513000,809.154000,67.670000,2025-02-12,5936.689000,0.279453
2025-02-19,6782.332000,738.938000,73.196000,2025-02-19,5970.198000,0.035087
2025-02-26,6766.101000,568.550000,126.058000,2025-02-26,6071.493000,1.996969
2025-03-05,6756.764000,522.818000,139.493000,2025-03-05,6094.453000,2.982502
2025-03-12,6759.571000,450.713000,131.055000,2025-03-12,6177.803000,2.860334
2025-03-19,6755.982000,415.799000,193.378000,2025-03-19,6146.805000,3.243341
2025-03-26,6740.253000,315.970000,241.371000,2025-03-26,6182.912000,3.567493
2025-04-02,6723.452000,301.624000,233.488000,2025-04-02,6188.340000,9.389923
2025-04-09,6727.416000,315.189000,168.115000,2025-04-09,6244.112000,3.244658
2025-04-16,6727.113000,638.783000,54.772000,2025-04-16,6033.558000,-0.484058
2025-04-23,6726.930000,576.159000,171.780000,2025-04-23,5978.991000,-1.047665
2025-04-30,6709.277000,677.657000,250.601000,2025-04-30,5781.019000,-1.763460
2025-05-07,6710.889000,595.860000,154.859000,2025-05-07,5960.170000,0.777384
2025-05-14,6713.270000,562.433000,165.024000,2025-05-14,5985.813000,0.827465
2025-05-21,6688.726000,475.886000,162.802000,2025-05-21,6050.038000,1.337309
2025-05-28,6673.244000,436.627000,173.641000,2025-05-28,6062.976000,-0.140279
2025-06-04,6672.885000,376.160000,168.882000,2025-06-04,6127.843000,0.547875
2025-06-11,6677.155000,277.025000,204.625000,2025-06-11,6195.505000,0.286542
2025-06-18,6681.056000,383.851000,205.050000,2025-06-18,6092.155000,-0.889080
2025-06-25,6662.200000,334.579000,210.879000,2025-06-25,6116.742000,-1.070208
2025-07-02,6659.598000,372.232000,237.307000,2025-07-02,6050.059000,-2.234541
2025-07-09,6661.912000,311.048000,227.273000,2025-07-09,6123.591000,-1.930154
2025-07-16,6659.273000,312.085000,197.086000,2025-07-16,6150.102000,1.931597
2025-07-23,6657.715000,333.538000,189.632000,2025-07-23,6134.545000,2.601676
2025-07-30,6642.578000,419.446000,155.481000,2025-07-30,6067.651000,4.958157
2025-08-06,6640.843000,464.315000,91.966000,2025-08-06,6084.562000,2.087055
2025-08-13,6643.615000,515.469000,57.202000,2025-08-13,6070.944000,1.422213
2025-08-20,6618.415000,526.063000,34.999000,2025-08-20,6057.353000,0.120908
2025-08-27,6603.384000,595.798000,34.744000,2025-08-27,5972.842000,-1.486630
2025-09-03,6602.071000,661.939000,17.923000,2025-09-03,5922.209000,-3.355732
2025-09-10,6605.962000,667.585000,29.400000,2025-09-10,5908.977000,-4.624772
2025-09-17,6608.597000,807.142000,13.963000,2025-09-17,5787.492000,-5.000907
2025-09-24,6608.395000,757.970000,29.172000,2025-09-24,5821.253000,-4.830823
2025-10-01,6587.119000,819.378000,10.179000,2025-10-01,5757.562000,-4.834614
2025-10-08,6590.815000,794.054000,5.231000,2025-10-08,5791.530000,-5.422652
2025-10-15,6596.454000,851.952000,5.484000,2025-10-15,5739.018000,-6.684182
2025-10-22,6589.533000,905.074000,4.005000,2025-10-22,5680.454000,-7.402195
2025-10-29,6587.034000,983.859000,19.504000,2025-10-29,5583.671000,-7.976398
2025-11-05,6572.732000,942.700000,12.814000,2025-11-05,5617.218000,-7.680816
2025-11-12,6580.462000,943.145000,5.886000,2025-11-12,5631.431000,-7.239615
2025-11-19,6555.283000,900.832000,1.129000,2025-11-19,5653.322000,-6.670092
2025-11-26,6552.419000,899.678000,2.217000,2025-11-26,5650.524000,-5.396393
2025-12-03,6535.781000,908.523000,2.514000,2025-12-03,5624.744000,-5.022872
2025-12-10,6539.303000,805.827000,5.045000,2025-12-10,5728.431000,-3.055453
2025-12-17,6556.861000,861.417000,10.361000,2025-12-17,5685.083000,-1.769488
2025-12-24,6581.231000,801.537000,4.803000,2025-12-24,5774.891000,-0.796426
2025-12-31,6640.618000,872.853000,105.993000,2025-12-31,5661.772000,-1.663725
2026-01-07,6573.602000,783.571000,4.582000,2026-01-07,5785.449000,-0.104998
2026-01-14,6581.700000,777.061000,3.223000,2026-01-14,5801.416000,1.087259
2026-01-21,6584.580000,871.169000,3.344000,2026-01-21,5710.067000,0.521314
2026-01-28,6587.568000,952.705000,1.103000,2026-01-28,5633.760000,0.897062
2026-02-04,6605.909000,907.737000,2.414000,2026-02-04,5695.758000,1.398201
2026-02-11,6622.382000,910.533000,1.048000,2026-02-11,5710.801000,1.409411
2026-02-18,6613.395000,888.854000,0.856000,2026-02-18,5723.685000,1.244631
2026-02-25,6613.797000,838.975000,1.159000,2026-02-25,5773.663000,2.179249
2026-03-04,6628.894000,846.979000,0.877000,2026-03-04,5781.038000,2.778686
2026-03-11,6646.344000,805.806000,0.552000,2026-03-11,5839.986000,1.947392
2026-03-18,6655.939000,875.833000,0.698000,2026-03-18,5779.408000,1.659167
2026-03-25,6657.161000,837.412000,0.777000,2026-03-25,5818.972000,0.763322
2026-04-01,6675.344000,803.553000,2.107000,2026-04-01,5869.684000,3.672207
2026-04-08,6693.871000,697.079000,0.177000,2026-04-08,5996.615000,3.649950
2026-04-15,6705.696000,924.435000,0.223000,2026-04-15,5781.038000,-0.351259
2026-04-22,6707.419000,1007.172000,0.538000,2026-04-22,5699.709000,-0.181399
2026-04-29,6699.950000,988.102000,0.747000,2026-04-29,5711.101000,1.372813
2026-05-06,6709.505000,862.757000,1.633000,2026-05-06,5845.115000,2.622250
2026-05-13,6728.502000,807.420000,3.719000,2026-05-13,5917.363000,3.617041
2026-05-20,6713.643000,781.979000,24.867000,2026-05-20,5906.797000,3.199198
2026-05-27,6704.383000,842.660000,1.853000,2026-05-27,5859.870000,1.493108
2026-06-03,6711.495000,845.722000,2.062000,2026-06-03,5863.711000,1.430072
2026-06-10,6725.397000,801.084000,0.387000,2026-06-10,5923.926000,1.437332
2026-06-17,6736.424000,956.502000,6.828000,2026-06-17,5773.094000,-0.109250
2026-06-24,6735.645000,901.845000,4.534000,2026-06-24,5829.266000,0.176904
2026-07-01,6724.564000,807.359000,1.001000,2026-07-01,5916.204000,0.792547
2026-07-08,6735.609000,749.244000,3.347000,2026-07-08,5983.018000,-0.226745
2026-07-15,6743.028000,795.976000,0.151000,2026-07-15,5946.901000,2.869087
2026-07-22,6747.378000,835.417000,0.376000,2026-07-22,5911.585000,3.717313
2026-07-29,6738.190000,970.442000,2.576000,2026-07-29,5765.172000,0.946770
2026-08-05,6748.567000,929.325000,1.650000,2026-08-05,5817.592000,-0.470872
2026-08-12,6759.955000,959.405000,0.725000,2026-08-12,5799.825000,-1.986324
2026-08-19,6745.699000,936.406000,0.317000,2026-08-19,5808.976000,-1.656075
2026-08-26,6730.912000,959.435000,0.702000,2026-08-26,5770.775000,-1.520426
2026-09-02,6737.204000,944.364000,0.525000,2026-09-02,5792.315000,-1.217591
2026-09-09,6740.619000,843.705000,0.432000,2026-09-09,5896.482000,-0.463274
2026-09-16,6746.548000,991.708000,5.375000,2026-09-16,5749.465000,-0.409295
2026-09-23,6747.704000,947.317000,0.461000,2026-09-23,5799.926000,-0.503322
2026-09-30,6743.031000,984.046000,11.539000,2026-09-30,5747.446000,-2.852471
