mes,oro_usd_oz,oro_error_redondeo_pct,oro_definicion,oro_contraste_fmi,plata_usd_oz,plata_error_redondeo_pct,plata_estado,plata_contraste_fmi,pink_sheet_edicion,btc_usd
1960-01,35.27,0.0142,fixing de la tarde de Londres,sin comparar,0.9137,0.0055,estimación,sin comparar,2025-01-03,
1960-02,35.27,0.0142,fixing de la tarde de Londres,sin comparar,0.9137,0.0055,estimación,sin comparar,2025-01-03,
1960-03,35.27,0.0142,fixing de la tarde de Londres,sin comparar,0.9137,0.0055,estimación,sin comparar,2025-01-03,
1960-04,35.27,0.0142,fixing de la tarde de Londres,sin comparar,0.9137,0.0055,estimación,sin comparar,2025-01-03,
1960-05,35.27,0.0142,fixing de la tarde de Londres,sin comparar,0.9137,0.0055,estimación,sin comparar,2025-01-03,
1960-06,35.27,0.0142,fixing de la tarde de Londres,sin comparar,0.9137,0.0055,estimación,sin comparar,2025-01-03,
1960-07,35.27,0.0142,fixing de la tarde de Londres,sin comparar,0.9137,0.0055,estimación,sin comparar,2025-01-03,
1960-08,35.27,0.0142,fixing de la tarde de Londres,sin comparar,0.9137,0.0055,estimación,sin comparar,2025-01-03,
1960-09,35.27,0.0142,fixing de la tarde de Londres,sin comparar,0.9137,0.0055,estimación,sin comparar,2025-01-03,
1960-10,35.27,0.0142,fixing de la tarde de Londres,sin comparar,0.9137,0.0055,estimación,sin comparar,2025-01-03,
1960-11,35.27,0.0142,fixing de la tarde de Londres,sin comparar,0.9137,0.0055,estimación,sin comparar,2025-01-03,
1960-12,35.27,0.0142,fixing de la tarde de Londres,sin comparar,0.9137,0.0055,estimación,sin comparar,2025-01-03,
1961-01,35.25,0.0142,fixing de la tarde de Londres,sin comparar,0.9137,0.0055,estimación,sin comparar,2025-01-03,
1961-02,35.25,0.0142,fixing de la tarde de Londres,sin comparar,0.9137,0.0055,estimación,sin comparar,2025-01-03,
1961-03,35.25,0.0142,fixing de la tarde de Londres,sin comparar,0.9137,0.0055,estimación,sin comparar,2025-01-03,
1961-04,35.25,0.0142,fixing de la tarde de Londres,sin comparar,0.9137,0.0055,estimación,sin comparar,2025-01-03,
1961-05,35.25,0.0142,fixing de la tarde de Londres,sin comparar,0.9137,0.0055,estimación,sin comparar,2025-01-03,
1961-06,35.25,0.0142,fixing de la tarde de Londres,sin comparar,0.9137,0.0055,estimación,sin comparar,2025-01-03,
1961-07,35.25,0.0142,fixing de la tarde de Londres,sin comparar,0.9137,0.0055,estimación,sin comparar,2025-01-03,
1961-08,35.25,0.0142,fixing de la tarde de Londres,sin comparar,0.9137,0.0055,estimación,sin comparar,2025-01-03,
1961-09,35.25,0.0142,fixing de la tarde de Londres,sin comparar,0.9137,0.0055,estimación,sin comparar,2025-01-03,
1961-10,35.25,0.0142,fixing de la tarde de Londres,sin comparar,0.9137,0.0055,estimación,sin comparar,2025-01-03,
1961-11,35.25,0.0142,fixing de la tarde de Londres,sin comparar,0.9231,0.0054,estimación,sin comparar,2025-01-03,
1961-12,35.25,0.0142,fixing de la tarde de Londres,sin comparar,1.0332,0.0048,estimación,sin comparar,2025-01-03,
1962-01,35.23,0.0142,fixing de la tarde de Londres,sin comparar,1.0428,0.0048,estimación,sin comparar,2025-01-03,
1962-02,35.23,0.0142,fixing de la tarde de Londres,sin comparar,1.0247,0.0049,estimación,sin comparar,2025-01-03,
1962-03,35.23,0.0142,fixing de la tarde de Londres,sin comparar,1.015,0.0493,estimación,sin comparar,2025-01-03,
1962-04,35.23,0.0142,fixing de la tarde de Londres,sin comparar,1.015,0.0493,estimación,sin comparar,2025-01-03,
1962-05,35.23,0.0142,fixing de la tarde de Londres,sin comparar,1.015,0.0493,estimación,sin comparar,2025-01-03,
1962-06,35.23,0.0142,fixing de la tarde de Londres,sin comparar,1.0227,0.0049,estimación,sin comparar,2025-01-03,
1962-07,35.23,0.0142,fixing de la tarde de Londres,sin comparar,1.0355,0.0048,estimación,sin comparar,2025-01-03,
1962-08,35.23,0.0142,fixing de la tarde de Londres,sin comparar,1.083,0.0462,estimación,sin comparar,2025-01-03,
1962-09,35.23,0.0142,fixing de la tarde de Londres,sin comparar,1.1546,0.0043,estimación,sin comparar,2025-01-03,
1962-10,35.23,0.0142,fixing de la tarde de Londres,sin comparar,1.206,0.0415,estimación,sin comparar,2025-01-03,
1962-11,35.23,0.0142,fixing de la tarde de Londres,sin comparar,1.1917,0.0042,estimación,sin comparar,2025-01-03,
1962-12,35.23,0.0142,fixing de la tarde de Londres,sin comparar,1.1987,0.0042,estimación,sin comparar,2025-01-03,
1963-01,35.09,0.0142,fixing de la tarde de Londres,sin comparar,1.2438,0.004,estimación,sin comparar,2025-01-03,
1963-02,35.09,0.0142,fixing de la tarde de Londres,sin comparar,1.2564,0.004,estimación,sin comparar,2025-01-03,
1963-03,35.09,0.0142,fixing de la tarde de Londres,sin comparar,1.2714,0.0039,estimación,sin comparar,2025-01-03,
1963-04,35.09,0.0142,fixing de la tarde de Londres,sin comparar,1.2729,0.0039,estimación,sin comparar,2025-01-03,
1963-05,35.09,0.0142,fixing de la tarde de Londres,sin comparar,1.2787,0.0039,estimación,sin comparar,2025-01-03,
1963-06,35.09,0.0142,fixing de la tarde de Londres,sin comparar,1.2768,0.0039,estimación,sin comparar,2025-01-03,
1963-07,35.09,0.0142,fixing de la tarde de Londres,sin comparar,1.2899,0.0039,estimación,sin comparar,2025-01-03,
1963-08,35.09,0.0142,fixing de la tarde de Londres,sin comparar,1.2878,0.0039,estimación,sin comparar,2025-01-03,
1963-09,35.09,0.0142,fixing de la tarde de Londres,sin comparar,1.2926,0.0039,estimación,sin comparar,2025-01-03,
1963-10,35.09,0.0142,fixing de la tarde de Londres,sin comparar,1.293,0.0387,estimación,sin comparar,2025-01-03,
1963-11,35.09,0.0142,fixing de la tarde de Londres,sin comparar,1.293,0.0387,estimación,sin comparar,2025-01-03,
1963-12,35.09,0.0142,fixing de la tarde de Londres,sin comparar,1.293,0.0387,estimación,sin comparar,2025-01-03,
1964-01,35.1,0.1425,fixing de la tarde de Londres,sin comparar,1.293,0.0387,estimación,sin comparar,2025-01-03,
1964-02,35.1,0.1425,fixing de la tarde de Londres,sin comparar,1.293,0.0387,estimación,sin comparar,2025-01-03,
1964-03,35.1,0.1425,fixing de la tarde de Londres,sin comparar,1.293,0.0387,estimación,sin comparar,2025-01-03,
1964-04,35.1,0.1425,fixing de la tarde de Londres,sin comparar,1.293,0.0387,estimación,sin comparar,2025-01-03,
1964-05,35.1,0.1425,fixing de la tarde de Londres,sin comparar,1.293,0.0387,estimación,sin comparar,2025-01-03,
1964-06,35.1,0.1425,fixing de la tarde de Londres,sin comparar,1.293,0.0387,estimación,sin comparar,2025-01-03,
1964-07,35.1,0.1425,fixing de la tarde de Londres,sin comparar,1.293,0.0387,estimación,sin comparar,2025-01-03,
1964-08,35.1,0.1425,fixing de la tarde de Londres,sin comparar,1.293,0.0387,estimación,sin comparar,2025-01-03,
1964-09,35.1,0.1425,fixing de la tarde de Londres,sin comparar,1.293,0.0387,estimación,sin comparar,2025-01-03,
1964-10,35.1,0.1425,fixing de la tarde de Londres,sin comparar,1.293,0.0387,estimación,sin comparar,2025-01-03,
1964-11,35.1,0.1425,fixing de la tarde de Londres,sin comparar,1.293,0.0387,estimación,sin comparar,2025-01-03,
1964-12,35.1,0.1425,fixing de la tarde de Londres,sin comparar,1.293,0.0387,estimación,sin comparar,2025-01-03,
1965-01,35.12,0.0142,fixing de la tarde de Londres,sin comparar,1.293,0.0387,estimación,sin comparar,2025-01-03,
1965-02,35.12,0.0142,fixing de la tarde de Londres,sin comparar,1.293,0.0387,estimación,sin comparar,2025-01-03,
1965-03,35.12,0.0142,fixing de la tarde de Londres,sin comparar,1.293,0.0387,estimación,sin comparar,2025-01-03,
1965-04,35.12,0.0142,fixing de la tarde de Londres,sin comparar,1.293,0.0387,estimación,sin comparar,2025-01-03,
1965-05,35.12,0.0142,fixing de la tarde de Londres,sin comparar,1.293,0.0387,estimación,sin comparar,2025-01-03,
1965-06,35.12,0.0142,fixing de la tarde de Londres,sin comparar,1.293,0.0387,estimación,sin comparar,2025-01-03,
1965-07,35.12,0.0142,fixing de la tarde de Londres,sin comparar,1.293,0.0387,estimación,sin comparar,2025-01-03,
1965-08,35.12,0.0142,fixing de la tarde de Londres,sin comparar,1.293,0.0387,estimación,sin comparar,2025-01-03,
1965-09,35.12,0.0142,fixing de la tarde de Londres,sin comparar,1.293,0.0387,estimación,sin comparar,2025-01-03,
1965-10,35.12,0.0142,fixing de la tarde de Londres,sin comparar,1.293,0.0387,estimación,sin comparar,2025-01-03,
1965-11,35.12,0.0142,fixing de la tarde de Londres,sin comparar,1.293,0.0387,estimación,sin comparar,2025-01-03,
1965-12,35.12,0.0142,fixing de la tarde de Londres,sin comparar,1.293,0.0387,estimación,sin comparar,2025-01-03,
1966-01,35.13,0.0142,fixing de la tarde de Londres,sin comparar,1.293,0.0387,estimación,sin comparar,2025-01-03,
1966-02,35.13,0.0142,fixing de la tarde de Londres,sin comparar,1.293,0.0387,estimación,sin comparar,2025-01-03,
1966-03,35.13,0.0142,fixing de la tarde de Londres,sin comparar,1.293,0.0387,estimación,sin comparar,2025-01-03,
1966-04,35.13,0.0142,fixing de la tarde de Londres,sin comparar,1.293,0.0387,estimación,sin comparar,2025-01-03,
1966-05,35.13,0.0142,fixing de la tarde de Londres,sin comparar,1.293,0.0387,estimación,sin comparar,2025-01-03,
1966-06,35.13,0.0142,fixing de la tarde de Londres,sin comparar,1.293,0.0387,estimación,sin comparar,2025-01-03,
1966-07,35.13,0.0142,fixing de la tarde de Londres,sin comparar,1.293,0.0387,estimación,sin comparar,2025-01-03,
1966-08,35.13,0.0142,fixing de la tarde de Londres,sin comparar,1.293,0.0387,estimación,sin comparar,2025-01-03,
1966-09,35.13,0.0142,fixing de la tarde de Londres,sin comparar,1.293,0.0387,estimación,sin comparar,2025-01-03,
1966-10,35.13,0.0142,fixing de la tarde de Londres,sin comparar,1.293,0.0387,estimación,sin comparar,2025-01-03,
1966-11,35.13,0.0142,fixing de la tarde de Londres,sin comparar,1.293,0.0387,estimación,sin comparar,2025-01-03,
1966-12,35.13,0.0142,fixing de la tarde de Londres,sin comparar,1.293,0.0387,estimación,sin comparar,2025-01-03,
1967-01,34.95,0.0143,fixing de la tarde de Londres,sin comparar,1.293,0.0387,estimación,sin comparar,2025-01-03,
1967-02,34.95,0.0143,fixing de la tarde de Londres,sin comparar,1.293,0.0387,estimación,sin comparar,2025-01-03,
1967-03,34.95,0.0143,fixing de la tarde de Londres,sin comparar,1.293,0.0387,estimación,sin comparar,2025-01-03,
1967-04,34.95,0.0143,fixing de la tarde de Londres,sin comparar,1.293,0.0387,estimación,sin comparar,2025-01-03,
1967-05,34.95,0.0143,fixing de la tarde de Londres,sin comparar,1.2959,0.0039,estimación,sin comparar,2025-01-03,
1967-06,34.95,0.0143,fixing de la tarde de Londres,sin comparar,1.301,0.0384,estimación,sin comparar,2025-01-03,
1967-07,34.95,0.0143,fixing de la tarde de Londres,sin comparar,1.5929,0.0031,estimación,sin comparar,2025-01-03,
1967-08,34.95,0.0143,fixing de la tarde de Londres,sin comparar,1.7498,0.0029,estimación,sin comparar,2025-01-03,
1967-09,34.95,0.0143,fixing de la tarde de Londres,sin comparar,1.6795,0.003,estimación,sin comparar,2025-01-03,
1967-10,34.95,0.0143,fixing de la tarde de Londres,sin comparar,1.7859,0.0028,estimación,sin comparar,2025-01-03,
1967-11,34.95,0.0143,fixing de la tarde de Londres,sin comparar,1.9532,0.0026,estimación,sin comparar,2025-01-03,
1967-12,34.95,0.0143,fixing de la tarde de Londres,sin comparar,2.06,0.2427,estimación,sin comparar,2025-01-03,
1968-01,35.5,0.1408,fixing de la tarde de Londres,sin comparar,1.9899,0.0025,estimación,sin comparar,2025-01-03,
1968-02,36,1.3889,fixing de la tarde de Londres,sin comparar,1.8547,0.0027,estimación,sin comparar,2025-01-03,
1968-03,37,1.3514,fixing de la tarde de Londres,sin comparar,2.1805,0.0023,estimación,sin comparar,2025-01-03,
1968-04,37.86,0.0132,fixing de la tarde de Londres,sin comparar,2.2028,0.0023,estimación,sin comparar,2025-01-03,
1968-05,40.7,0.1229,fixing de la tarde de Londres,sin comparar,2.3768,0.0021,estimación,sin comparar,2025-01-03,
1968-06,41.14,0.0122,fixing de la tarde de Londres,sin comparar,2.4641,0.002,estimación,sin comparar,2025-01-03,
1968-07,39.46,0.0127,fixing de la tarde de Londres,sin comparar,2.3138,0.0022,estimación,sin comparar,2025-01-03,
1968-08,39.19,0.0128,fixing de la tarde de Londres,sin comparar,2.1946,0.0023,estimación,sin comparar,2025-01-03,
1968-09,40.18,0.0124,fixing de la tarde de Londres,sin comparar,2.2085,0.0023,estimación,sin comparar,2025-01-03,
1968-10,39.21,0.0128,fixing de la tarde de Londres,sin comparar,1.9728,0.0025,estimación,sin comparar,2025-01-03,
1968-11,39.78,0.0126,fixing de la tarde de Londres,sin comparar,2.0178,0.0025,estimación,sin comparar,2025-01-03,
1968-12,41.08,0.0122,fixing de la tarde de Londres,sin comparar,1.9593,0.0026,estimación,sin comparar,2025-01-03,
1969-01,42.3,0.1182,fixing de la tarde de Londres,sin comparar,1.9789,0.0025,estimación,sin comparar,2025-01-03,
1969-02,42.6,0.1174,fixing de la tarde de Londres,sin comparar,1.8397,0.0027,estimación,sin comparar,2025-01-03,
1969-03,43.16,0.0116,fixing de la tarde de Londres,sin comparar,1.8257,0.0027,estimación,sin comparar,2025-01-03,
1969-04,43.31,0.0115,fixing de la tarde de Londres,sin comparar,1.7781,0.0028,estimación,sin comparar,2025-01-03,
1969-05,43.46,0.0115,fixing de la tarde de Londres,sin comparar,1.761,0.0284,estimación,sin comparar,2025-01-03,
1969-06,41.44,0.0121,fixing de la tarde de Londres,sin comparar,1.6455,0.003,estimación,sin comparar,2025-01-03,
1969-07,41.76,0.012,fixing de la tarde de Londres,sin comparar,1.6183,0.0031,estimación,sin comparar,2025-01-03,
1969-08,41.09,0.0122,fixing de la tarde de Londres,sin comparar,1.6526,0.003,estimación,sin comparar,2025-01-03,
1969-09,40.87,0.0122,fixing de la tarde de Londres,sin comparar,1.7855,0.0028,estimación,sin comparar,2025-01-03,
1969-10,40.44,0.0124,fixing de la tarde de Londres,sin comparar,1.8725,0.0027,estimación,sin comparar,2025-01-03,
1969-11,37.4,0.1337,fixing de la tarde de Londres,sin comparar,1.9231,0.0026,estimación,sin comparar,2025-01-03,
1969-12,35.17,0.0142,fixing de la tarde de Londres,sin comparar,1.8071,0.0028,estimación,sin comparar,2025-01-03,
1970-01,34.94,0.0143,fixing de la tarde de Londres,sin comparar,1.8765,0.0027,estimación,sin comparar,2025-01-03,
1970-02,34.99,0.0143,fixing de la tarde de Londres,sin comparar,1.8958,0.0026,estimación,sin comparar,2025-01-03,
1970-03,35.09,0.0142,fixing de la tarde de Londres,sin comparar,1.8885,0.0026,estimación,sin comparar,2025-01-03,
1970-04,35.62,0.014,fixing de la tarde de Londres,sin comparar,1.8529,0.0027,estimación,sin comparar,2025-01-03,
1970-05,35.95,0.0139,fixing de la tarde de Londres,sin comparar,1.67,0.2994,estimación,sin comparar,2025-01-03,
1970-06,35.42,0.0141,fixing de la tarde de Londres,sin comparar,1.6394,0.003,estimación,sin comparar,2025-01-03,
1970-07,35.32,0.0142,fixing de la tarde de Londres,sin comparar,1.6866,0.003,estimación,sin comparar,2025-01-03,
1970-08,35.38,0.0141,fixing de la tarde de Londres,sin comparar,1.7977,0.0028,estimación,sin comparar,2025-01-03,
1970-09,36.19,0.0138,fixing de la tarde de Londres,sin comparar,1.8016,0.0028,estimación,sin comparar,2025-01-03,
1970-10,37.52,0.0133,fixing de la tarde de Londres,sin comparar,1.7458,0.0029,estimación,sin comparar,2025-01-03,
1970-11,37.44,0.0134,fixing de la tarde de Londres,sin comparar,1.7604,0.0028,estimación,sin comparar,2025-01-03,
1970-12,37.44,0.0134,fixing de la tarde de Londres,sin comparar,1.6348,0.0031,estimación,sin comparar,2025-01-03,
1971-01,37.88,0.0132,fixing de la tarde de Londres,sin comparar,1.6396,0.003,estimación,sin comparar,2025-01-03,
1971-02,38.74,0.0129,fixing de la tarde de Londres,sin comparar,1.6003,0.0031,estimación,sin comparar,2025-01-03,
1971-03,38.87,0.0129,fixing de la tarde de Londres,sin comparar,1.669,0.03,estimación,sin comparar,2025-01-03,
1971-04,39.01,0.0128,fixing de la tarde de Londres,sin comparar,1.726,0.029,estimación,sin comparar,2025-01-03,
1971-05,40.52,0.0123,fixing de la tarde de Londres,sin comparar,1.6667,0.003,estimación,sin comparar,2025-01-03,
1971-06,40.1,0.1247,fixing de la tarde de Londres,sin comparar,1.6081,0.0031,estimación,sin comparar,2025-01-03,
1971-07,40.95,0.0122,fixing de la tarde de Londres,sin comparar,1.5808,0.0032,estimación,sin comparar,2025-01-03,
1971-08,42.71,0.0117,fixing de la tarde de Londres,sin comparar,1.5866,0.0032,estimación,sin comparar,2025-01-03,
1971-09,42.03,0.0119,fixing de la tarde de Londres,sin comparar,1.4214,0.0035,estimación,sin comparar,2025-01-03,
1971-10,42.5,0.1176,fixing de la tarde de Londres,sin comparar,1.3358,0.0037,estimación,sin comparar,2025-01-03,
1971-11,42.86,0.0117,fixing de la tarde de Londres,sin comparar,1.3199,0.0038,estimación,sin comparar,2025-01-03,
1971-12,43.48,0.0115,fixing de la tarde de Londres,sin comparar,1.3935,0.0036,estimación,sin comparar,2025-01-03,
1972-01,45.75,0.0109,fixing de la tarde de Londres,sin comparar,1.4731,0.0034,estimación,sin comparar,2025-01-03,
1972-02,48.26,0.0104,fixing de la tarde de Londres,sin comparar,1.5036,0.0033,estimación,sin comparar,2025-01-03,
1972-03,48.33,0.0103,fixing de la tarde de Londres,sin comparar,1.5364,0.0033,estimación,sin comparar,2025-01-03,
1972-04,49.03,0.0102,fixing de la tarde de Londres,sin comparar,1.572,0.0318,estimación,sin comparar,2025-01-03,
1972-05,54.62,0.0092,fixing de la tarde de Londres,sin comparar,1.583,0.0316,estimación,sin comparar,2025-01-03,
1972-06,62.09,0.0081,fixing de la tarde de Londres,sin comparar,1.569,0.0319,estimación,sin comparar,2025-01-03,
1972-07,65.66,0.0076,fixing de la tarde de Londres,sin comparar,1.7358,0.0029,estimación,sin comparar,2025-01-03,
1972-08,67.03,0.0075,fixing de la tarde de Londres,sin comparar,1.8461,0.0027,estimación,sin comparar,2025-01-03,
1972-09,65.46,0.0076,fixing de la tarde de Londres,sin comparar,1.7767,0.0028,estimación,sin comparar,2025-01-03,
1972-10,64.86,0.0077,fixing de la tarde de Londres,sin comparar,1.8106,0.0028,estimación,sin comparar,2025-01-03,
1972-11,62.91,0.0079,fixing de la tarde de Londres,sin comparar,1.8325,0.0027,estimación,sin comparar,2025-01-03,
1972-12,63.91,0.0078,fixing de la tarde de Londres,sin comparar,1.976,0.0253,estimación,sin comparar,2025-01-03,
1973-01,65.14,0.0077,fixing de la tarde de Londres,sin comparar,2.0166,0.0025,estimación,sin comparar,2025-01-03,
1973-02,74.2,0.0674,fixing de la tarde de Londres,sin comparar,2.2362,0.0022,estimación,sin comparar,2025-01-03,
1973-03,84.37,0.0059,fixing de la tarde de Londres,sin comparar,2.3092,0.0022,estimación,sin comparar,2025-01-03,
1973-04,90.5,0.0552,fixing de la tarde de Londres,sin comparar,2.2072,0.0023,estimación,sin comparar,2025-01-03,
1973-05,101.96,0.0049,fixing de la tarde de Londres,sin comparar,2.4012,0.0021,estimación,sin comparar,2025-01-03,
1973-06,120.12,0.0042,fixing de la tarde de Londres,sin comparar,2.6209,0.0019,estimación,sin comparar,2025-01-03,
1973-07,120.17,0.0042,fixing de la tarde de Londres,sin comparar,2.7056,0.0018,estimación,sin comparar,2025-01-03,
1973-08,106.76,0.0047,fixing de la tarde de Londres,sin comparar,2.6365,0.0019,estimación,sin comparar,2025-01-03,
1973-09,102.97,0.0049,fixing de la tarde de Londres,sin comparar,2.6751,0.0019,estimación,sin comparar,2025-01-03,
1973-10,100.08,0.005,fixing de la tarde de Londres,sin comparar,2.8856,0.0017,estimación,sin comparar,2025-01-03,
1973-11,94.92,0.0053,fixing de la tarde de Londres,sin comparar,2.8599,0.0017,estimación,sin comparar,2025-01-03,
1973-12,106.72,0.0047,fixing de la tarde de Londres,sin comparar,3.1367,0.0016,estimación,sin comparar,2025-01-03,
1974-01,129.19,0.0039,fixing de la tarde de Londres,sin comparar,3.63695,0.0001,estimación,sin comparar,2025-01-03,
1974-02,150.13,0.0033,fixing de la tarde de Londres,sin comparar,5.35895,0.0001,estimación,sin comparar,2025-01-03,
1974-03,168.42,0.003,fixing de la tarde de Londres,sin comparar,5.32552,0.0001,estimación,sin comparar,2025-01-03,
1974-04,172.24,0.0029,fixing de la tarde de Londres,sin comparar,5.03595,0.0001,estimación,sin comparar,2025-01-03,
1974-05,163.27,0.0031,fixing de la tarde de Londres,sin comparar,5.43182,0.0001,estimación,sin comparar,2025-01-03,
1974-06,154.1,0.0324,fixing de la tarde de Londres,sin comparar,4.8961,0.001,estimación,sin comparar,2025-01-03,
1974-07,142.98,0.0035,fixing de la tarde de Londres,sin comparar,4.41545,0.0001,estimación,sin comparar,2025-01-03,
1974-08,154.64,0.0032,fixing de la tarde de Londres,sin comparar,4.43136,0.0001,estimación,sin comparar,2025-01-03,
1974-09,151.75,0.0033,fixing de la tarde de Londres,sin comparar,4.04875,0.0001,estimación,sin comparar,2025-01-03,
1974-10,158.78,0.0031,fixing de la tarde de Londres,sin comparar,4.82977,0.0001,estimación,sin comparar,2025-01-03,
1974-11,181.66,0.0028,fixing de la tarde de Londres,sin comparar,4.69389,0.0001,estimación,sin comparar,2025-01-03,
1974-12,183.78,0.0027,fixing de la tarde de Londres,sin comparar,4.39125,0.0001,estimación,sin comparar,2025-01-03,
1975-01,176.27,0.0028,fixing de la tarde de Londres,sin comparar,4.1925,0.0012,estimación,sin comparar,2025-01-03,
1975-02,179.6,0.0278,fixing de la tarde de Londres,sin comparar,4.37,0.1144,estimación,sin comparar,2025-01-03,
1975-03,178.16,0.0028,fixing de la tarde de Londres,sin comparar,4.3315,0.0012,estimación,sin comparar,2025-01-03,
1975-04,169.84,0.0029,fixing de la tarde de Londres,sin comparar,4.20918,0.0001,estimación,sin comparar,2025-01-03,
1975-05,167.39,0.003,fixing de la tarde de Londres,sin comparar,4.5381,0.0011,estimación,sin comparar,2025-01-03,
1975-06,164.24,0.003,fixing de la tarde de Londres,sin comparar,4.48914,0.0001,estimación,sin comparar,2025-01-03,
1975-07,165.17,0.003,fixing de la tarde de Londres,sin comparar,4.70455,0.0001,estimación,sin comparar,2025-01-03,
1975-08,163,0.3067,fixing de la tarde de Londres,sin comparar,4.9251,0.001,estimación,sin comparar,2025-01-03,
1975-09,144.17,0.0035,fixing de la tarde de Londres,sin comparar,4.51595,0.0001,estimación,sin comparar,2025-01-03,
1975-10,142.79,0.0035,fixing de la tarde de Londres,sin comparar,4.32886,0.0001,estimación,sin comparar,2025-01-03,
1975-11,142.42,0.0035,fixing de la tarde de Londres,sin comparar,4.33244,0.0001,estimación,sin comparar,2025-01-03,
1975-12,139.3,0.0359,fixing de la tarde de Londres,sin comparar,4.08486,0.0001,estimación,sin comparar,2025-01-03,
1976-01,131.05,0.0038,fixing de la tarde de Londres,sin comparar,4.06265,0.0001,estimación,sin comparar,2025-01-03,
1976-02,131.06,0.0038,fixing de la tarde de Londres,sin comparar,4.08642,0.0001,estimación,sin comparar,2025-01-03,
1976-03,132.76,0.0038,fixing de la tarde de Londres,sin comparar,4.18913,0.0001,estimación,sin comparar,2025-01-03,
1976-04,127.94,0.0039,fixing de la tarde de Londres,sin comparar,4.35552,0.0001,estimación,sin comparar,2025-01-03,
1976-05,126.92,0.0039,fixing de la tarde de Londres,sin comparar,4.48845,0.0001,estimación,sin comparar,2025-01-03,
1976-06,125.71,0.004,fixing de la tarde de Londres,sin comparar,4.81173,0.0001,estimación,sin comparar,2025-01-03,
1976-07,117.73,0.0042,fixing de la tarde de Londres,sin comparar,4.7606,0.0011,estimación,sin comparar,2025-01-03,
1976-08,109.93,0.0045,fixing de la tarde de Londres,sin comparar,4.2766,0.0012,estimación,sin comparar,2025-01-03,
1976-09,114.15,0.0044,fixing de la tarde de Londres,sin comparar,4.3035,0.0012,estimación,sin comparar,2025-01-03,
1976-10,116.15,0.0043,fixing de la tarde de Londres,sin comparar,4.2195,0.0012,estimación,sin comparar,2025-01-03,
1976-11,130.46,0.0038,fixing de la tarde de Londres,sin comparar,4.3533,0.0011,estimación,sin comparar,2025-01-03,
1976-12,133.93,0.0037,fixing de la tarde de Londres,sin comparar,4.3601,0.0011,estimación,sin comparar,2025-01-03,
1977-01,132.26,0.0038,fixing de la tarde de Londres,sin comparar,4.4192,0.0011,estimación,sin comparar,2025-01-03,
1977-02,136.24,0.0037,fixing de la tarde de Londres,sin comparar,4.5325,0.0011,estimación,sin comparar,2025-01-03,
1977-03,148.23,0.0034,fixing de la tarde de Londres,sin comparar,4.8653,0.001,estimación,sin comparar,2025-01-03,
1977-04,149.17,0.0034,fixing de la tarde de Londres,sin comparar,4.79,0.1044,estimación,sin comparar,2025-01-03,
1977-05,146.61,0.0034,fixing de la tarde de Londres,sin comparar,4.6998,0.0011,estimación,sin comparar,2025-01-03,
1977-06,140.78,0.0036,fixing de la tarde de Londres,sin comparar,4.4815,0.0011,estimación,sin comparar,2025-01-03,
1977-07,143.39,0.0035,fixing de la tarde de Londres,sin comparar,4.5323,0.0011,estimación,sin comparar,2025-01-03,
1977-08,144.94,0.0034,fixing de la tarde de Londres,sin comparar,4.4732,0.0011,estimación,sin comparar,2025-01-03,
1977-09,149.53,0.0033,fixing de la tarde de Londres,sin comparar,4.538,0.011,estimación,sin comparar,2025-01-03,
1977-10,158.95,0.0031,fixing de la tarde de Londres,sin comparar,4.7586,0.0011,estimación,sin comparar,2025-01-03,
1977-11,162.1,0.0308,fixing de la tarde de Londres,sin comparar,4.8258,0.001,estimación,sin comparar,2025-01-03,
1977-12,160.45,0.0031,fixing de la tarde de Londres,sin comparar,4.7168,0.0011,estimación,sin comparar,2025-01-03,
1978-01,173.18,0.0029,fixing de la tarde de Londres,sin comparar,4.9238,0.001,estimación,sin comparar,2025-01-03,
1978-02,178.14,0.0028,fixing de la tarde de Londres,sin comparar,4.9607,0.001,estimación,sin comparar,2025-01-03,
1978-03,183.61,0.0027,fixing de la tarde de Londres,sin comparar,5.2731,0.0009,estimación,sin comparar,2025-01-03,
1978-04,175.28,0.0029,fixing de la tarde de Londres,sin comparar,5.1672,0.001,estimación,sin comparar,2025-01-03,
1978-05,176.31,0.0028,fixing de la tarde de Londres,sin comparar,5.1337,0.001,estimación,sin comparar,2025-01-03,
1978-06,183.75,0.0027,fixing de la tarde de Londres,sin comparar,5.3288,0.0009,estimación,sin comparar,2025-01-03,
1978-07,188.73,0.0026,fixing de la tarde de Londres,sin comparar,5.3613,0.0009,estimación,sin comparar,2025-01-03,
1978-08,206.3,0.0242,fixing de la tarde de Londres,sin comparar,5.5361,0.0009,estimación,sin comparar,2025-01-03,
1978-09,212.08,0.0024,fixing de la tarde de Londres,sin comparar,5.5884,0.0009,estimación,sin comparar,2025-01-03,
1978-10,227.44,0.0022,fixing de la tarde de Londres,sin comparar,5.9447,0.0008,estimación,sin comparar,2025-01-03,
1978-11,206.2,0.0242,fixing de la tarde de Londres,sin comparar,5.8724,0.0009,estimación,sin comparar,2025-01-03,
1978-12,207.85,0.0024,fixing de la tarde de Londres,sin comparar,5.935,0.0084,estimación,sin comparar,2025-01-03,
1979-01,227.28,0.0022,fixing de la tarde de Londres,sin comparar,6.2027,0.0008,estimación,sin comparar,2025-01-03,
1979-02,245.67,0.002,fixing de la tarde de Londres,sin comparar,7.3494,0.0007,estimación,sin comparar,2025-01-03,
1979-03,242.05,0.0021,fixing de la tarde de Londres,sin comparar,7.4159,0.0007,estimación,sin comparar,2025-01-03,
1979-04,239.11,0.0021,fixing de la tarde de Londres,sin comparar,7.4371,0.0007,estimación,sin comparar,2025-01-03,
1979-05,257.59,0.0019,fixing de la tarde de Londres,sin comparar,8.376,0.006,estimación,sin comparar,2025-01-03,
1979-06,279.07,0.0018,fixing de la tarde de Londres,sin comparar,8.5596,0.0006,estimación,sin comparar,2025-01-03,
1979-07,294.74,0.0017,fixing de la tarde de Londres,sin comparar,9.0545,0.0006,estimación,sin comparar,2025-01-03,
1979-08,300.82,0.0017,fixing de la tarde de Londres,sin comparar,9.3067,0.0005,estimación,sin comparar,2025-01-03,
1979-09,354.95,0.0014,fixing de la tarde de Londres,sin comparar,13.7593,0.0004,estimación,sin comparar,2025-01-03,
1979-10,391.66,0.0013,fixing de la tarde de Londres,sin comparar,16.6331,0.0003,estimación,sin comparar,2025-01-03,
1979-11,391.99,0.0013,fixing de la tarde de Londres,sin comparar,16.6502,0.0003,estimación,sin comparar,2025-01-03,
1979-12,455.08,0.0011,fixing de la tarde de Londres,sin comparar,22.4504,0.0002,estimación,sin comparar,2025-01-03,
1980-01,675.31,0.0007,fixing de la tarde de Londres,dentro del umbral,38.8756,0.0001,estimación,"valor en disputa: Pink Sheet 38.8756, FMI 39.2843, diferencia -1.040 %",2025-01-03,
1980-02,665.32,0.0008,fixing de la tarde de Londres,dentro del umbral,35.2435,0.0001,estimación,dentro del umbral,2025-01-03,
1980-03,553.58,0.0009,fixing de la tarde de Londres,dentro del umbral,24.73,0.0202,estimación,dentro del umbral,2025-01-03,
1980-04,517.41,0.001,fixing de la tarde de Londres,dentro del umbral,14.9487,0.0003,estimación,dentro del umbral,2025-01-03,
1980-05,513.8,0.0097,fixing de la tarde de Londres,dentro del umbral,12.6761,0.0004,estimación,dentro del umbral,2025-01-03,
1980-06,600.72,0.0008,fixing de la tarde de Londres,dentro del umbral,15.7834,0.0003,estimación,dentro del umbral,2025-01-03,
1980-07,643.27,0.0008,fixing de la tarde de Londres,dentro del umbral,16.322,0.0031,estimación,dentro del umbral,2025-01-03,
1980-08,627.15,0.0008,fixing de la tarde de Londres,dentro del umbral,15.9418,0.0003,estimación,dentro del umbral,2025-01-03,
1980-09,673.63,0.0007,fixing de la tarde de Londres,dentro del umbral,19.8868,0.0003,estimación,dentro del umbral,2025-01-03,
1980-10,661.15,0.0008,fixing de la tarde de Londres,dentro del umbral,20.2004,0.0002,estimación,dentro del umbral,2025-01-03,
1980-11,624.77,0.0008,fixing de la tarde de Londres,dentro del umbral,18.5823,0.0003,estimación,dentro del umbral,2025-01-03,
1980-12,538.26,0.0009,fixing de la tarde de Londres,dentro del umbral,16.4618,0.0003,estimación,dentro del umbral,2025-01-03,
1981-01,557.39,0.0009,fixing de la tarde de Londres,dentro del umbral,14.7885,0.0003,estimación,dentro del umbral,2025-01-03,
1981-02,499.76,0.001,fixing de la tarde de Londres,dentro del umbral,13.0646,0.0004,estimación,dentro del umbral,2025-01-03,
1981-03,499.11,0.001,fixing de la tarde de Londres,dentro del umbral,12.3407,0.0004,estimación,dentro del umbral,2025-01-03,
1981-04,495.8,0.0101,fixing de la tarde de Londres,dentro del umbral,11.4736,0.0004,estimación,dentro del umbral,2025-01-03,
1981-05,479.7,0.0104,fixing de la tarde de Londres,dentro del umbral,10.8502,0.0005,estimación,dentro del umbral,2025-01-03,
1981-06,461.09,0.0011,fixing de la tarde de Londres,dentro del umbral,9.9981,0.0005,estimación,dentro del umbral,2025-01-03,
1981-07,409.07,0.0012,fixing de la tarde de Londres,dentro del umbral,8.5812,0.0006,estimación,dentro del umbral,2025-01-03,
1981-08,410.16,0.0012,fixing de la tarde de Londres,dentro del umbral,8.9159,0.0006,estimación,dentro del umbral,2025-01-03,
1981-09,443.75,0.0011,fixing de la tarde de Londres,dentro del umbral,10.0502,0.0005,estimación,dentro del umbral,2025-01-03,
1981-10,437.76,0.0011,fixing de la tarde de Londres,dentro del umbral,9.2282,0.0005,estimación,dentro del umbral,2025-01-03,
1981-11,413.37,0.0012,fixing de la tarde de Londres,dentro del umbral,8.5389,0.0006,estimación,dentro del umbral,2025-01-03,
1981-12,410.09,0.0012,fixing de la tarde de Londres,dentro del umbral,8.4481,0.0006,estimación,dentro del umbral,2025-01-03,
1982-01,384.14,0.0013,fixing de la tarde de Londres,dentro del umbral,7.9881,0.0006,estimación,dentro del umbral,2025-01-03,
1982-02,374.13,0.0013,fixing de la tarde de Londres,dentro del umbral,8.2848,0.0006,estimación,dentro del umbral,2025-01-03,
1982-03,330.25,0.0015,fixing de la tarde de Londres,dentro del umbral,7.2327,0.0007,estimación,dentro del umbral,2025-01-03,
1982-04,350.3,0.0143,fixing de la tarde de Londres,dentro del umbral,7.3087,0.0007,estimación,dentro del umbral,2025-01-03,
1982-05,333.71,0.0015,fixing de la tarde de Londres,dentro del umbral,6.6834,0.0007,estimación,dentro del umbral,2025-01-03,
1982-06,314.98,0.0016,fixing de la tarde de Londres,dentro del umbral,5.5616,0.0009,estimación,dentro del umbral,2025-01-03,
1982-07,338.97,0.0015,fixing de la tarde de Londres,dentro del umbral,6.4626,0.0008,estimación,dentro del umbral,2025-01-03,
1982-08,364.23,0.0014,fixing de la tarde de Londres,dentro del umbral,7.1078,0.0007,estimación,dentro del umbral,2025-01-03,
1982-09,437.31,0.0011,fixing de la tarde de Londres,dentro del umbral,8.7818,0.0006,estimación,dentro del umbral,2025-01-03,
1982-10,422.15,0.0012,fixing de la tarde de Londres,dentro del umbral,9.3875,0.0005,estimación,dentro del umbral,2025-01-03,
1982-11,414.89,0.0012,fixing de la tarde de Londres,dentro del umbral,9.7906,0.0005,estimación,dentro del umbral,2025-01-03,
1982-12,444.5,0.0112,fixing de la tarde de Londres,dentro del umbral,10.5691,0.0005,estimación,dentro del umbral,2025-01-03,
1983-01,481.29,0.001,fixing de la tarde de Londres,dentro del umbral,12.339,0.0041,estimación,dentro del umbral,2025-01-03,
1983-02,491.09,0.001,fixing de la tarde de Londres,dentro del umbral,13.9756,0.0004,estimación,dentro del umbral,2025-01-03,
1983-03,419.7,0.0119,fixing de la tarde de Londres,dentro del umbral,10.6403,0.0005,estimación,dentro del umbral,2025-01-03,
1983-04,432.88,0.0012,fixing de la tarde de Londres,dentro del umbral,11.6129,0.0004,estimación,dentro del umbral,2025-01-03,
1983-05,438.01,0.0011,fixing de la tarde de Londres,dentro del umbral,12.9162,0.0004,estimación,dentro del umbral,2025-01-03,
1983-06,412.84,0.0012,fixing de la tarde de Londres,dentro del umbral,11.739,0.0043,estimación,dentro del umbral,2025-01-03,
1983-07,402.91,0.0012,fixing de la tarde de Londres,dentro del umbral,12.0293,0.0004,estimación,dentro del umbral,2025-01-03,
1983-08,416.2,0.012,fixing de la tarde de Londres,dentro del umbral,12.0626,0.0004,estimación,dentro del umbral,2025-01-03,
1983-09,411.8,0.0121,fixing de la tarde de Londres,dentro del umbral,11.9562,0.0004,estimación,dentro del umbral,2025-01-03,
1983-10,393.6,0.0127,fixing de la tarde de Londres,dentro del umbral,9.8867,0.0005,estimación,dentro del umbral,2025-01-03,
1983-11,381.7,0.0131,fixing de la tarde de Londres,dentro del umbral,8.8122,0.0006,estimación,dentro del umbral,2025-01-03,
1983-12,388.34,0.0013,fixing de la tarde de Londres,dentro del umbral,9.1454,0.0005,estimación,dentro del umbral,2025-01-03,
1984-01,370.89,0.0013,fixing de la tarde de Londres,dentro del umbral,8.2538,0.0006,estimación,dentro del umbral,2025-01-03,
1984-02,385.96,0.0013,fixing de la tarde de Londres,dentro del umbral,9.1182,0.0005,estimación,dentro del umbral,2025-01-03,
1984-03,394.26,0.0013,fixing de la tarde de Londres,dentro del umbral,9.648,0.0052,estimación,dentro del umbral,2025-01-03,
1984-04,381.37,0.0013,fixing de la tarde de Londres,dentro del umbral,9.2472,0.0005,estimación,dentro del umbral,2025-01-03,
1984-05,377.4,0.0132,fixing de la tarde de Londres,dentro del umbral,8.9676,0.0006,estimación,dentro del umbral,2025-01-03,
1984-06,377.7,0.0132,fixing de la tarde de Londres,dentro del umbral,8.7721,0.0006,estimación,dentro del umbral,2025-01-03,
1984-07,347.71,0.0014,fixing de la tarde de Londres,dentro del umbral,7.4553,0.0007,estimación,dentro del umbral,2025-01-03,
1984-08,347.7,0.0144,fixing de la tarde de Londres,dentro del umbral,7.5974,0.0007,estimación,dentro del umbral,2025-01-03,
1984-09,340.2,0.0147,fixing de la tarde de Londres,dentro del umbral,7.2533,0.0007,estimación,dentro del umbral,2025-01-03,
1984-10,341,0.1466,fixing de la tarde de Londres,dentro del umbral,7.2903,0.0007,estimación,dentro del umbral,2025-01-03,
1984-11,342,0.1462,fixing de la tarde de Londres,dentro del umbral,7.4896,0.0007,estimación,dentro del umbral,2025-01-03,
1984-12,319.54,0.0016,fixing de la tarde de Londres,dentro del umbral,6.6355,0.0008,estimación,dentro del umbral,2025-01-03,
1985-01,302.79,0.0017,fixing de la tarde de Londres,dentro del umbral,6.0992,0.0008,estimación,dentro del umbral,2025-01-03,
1985-02,299.1,0.0167,fixing de la tarde de Londres,dentro del umbral,6.0628,0.0008,estimación,dentro del umbral,2025-01-03,
1985-03,313.5,0.0159,fixing de la tarde de Londres,"valor en disputa: Pink Sheet 313.5, FMI 303.94, diferencia 3.145 %",5.994,0.0083,estimación,dentro del umbral,2025-01-03,
1985-04,326.8,0.0153,fixing de la tarde de Londres,dentro del umbral,6.4446,0.0008,estimación,dentro del umbral,2025-01-03,
1985-05,316,0.1582,fixing de la tarde de Londres,dentro del umbral,6.2688,0.0008,estimación,dentro del umbral,2025-01-03,
1985-06,316.5,0.0158,fixing de la tarde de Londres,dentro del umbral,6.1771,0.0008,estimación,dentro del umbral,2025-01-03,
1985-07,317.2,0.0158,fixing de la tarde de Londres,dentro del umbral,5.9997,0.0008,estimación,"valor en disputa: Pink Sheet 5.9997, FMI 6.0836, diferencia -1.379 %",2025-01-03,
1985-08,330.4,0.0151,fixing de la tarde de Londres,dentro del umbral,6.1511,0.0008,estimación,"valor en disputa: Pink Sheet 6.1511, FMI 6.2498, diferencia -1.580 %",2025-01-03,
1985-09,323.35,0.0015,fixing de la tarde de Londres,dentro del umbral,6.0549,0.0008,estimación,dentro del umbral,2025-01-03,
1985-10,325.85,0.0015,fixing de la tarde de Londres,dentro del umbral,6.1766,0.0008,estimación,dentro del umbral,2025-01-03,
1985-11,321.5,0.0156,fixing de la tarde de Londres,"valor en disputa: Pink Sheet 321.5, FMI 325.24, diferencia -1.150 %",6.1018,0.0008,estimación,dentro del umbral,2025-01-03,
1985-12,321.9,0.0155,fixing de la tarde de Londres,dentro del umbral,5.8522,0.0009,estimación,dentro del umbral,2025-01-03,
1986-01,347.48,0.0014,fixing de la tarde de Londres,"valor en disputa: Pink Sheet 347.48, FMI 345.38, diferencia 0.608 %",6.0164,0.0008,estimación,dentro del umbral,2025-01-03,
1986-02,338.89,0.0015,fixing de la tarde de Londres,dentro del umbral,5.8588,0.0009,estimación,dentro del umbral,2025-01-03,
1986-03,345.7,0.0145,fixing de la tarde de Londres,dentro del umbral,5.6226,0.0009,estimación,dentro del umbral,2025-01-03,
1986-04,340.44,0.0015,fixing de la tarde de Londres,dentro del umbral,5.188,0.0096,estimación,dentro del umbral,2025-01-03,
1986-05,342.4,0.0146,fixing de la tarde de Londres,dentro del umbral,5.0728,0.001,estimación,dentro del umbral,2025-01-03,
1986-06,342.7,0.0146,fixing de la tarde de Londres,dentro del umbral,5.1321,0.001,estimación,dentro del umbral,2025-01-03,
1986-07,348.34,0.0014,fixing de la tarde de Londres,dentro del umbral,5.0259,0.001,estimación,dentro del umbral,2025-01-03,
1986-08,376.66,0.0013,fixing de la tarde de Londres,dentro del umbral,5.1823,0.001,estimación,dentro del umbral,2025-01-03,
1986-09,417.73,0.0012,fixing de la tarde de Londres,dentro del umbral,5.6299,0.0009,estimación,dentro del umbral,2025-01-03,
1986-10,423.51,0.0012,fixing de la tarde de Londres,dentro del umbral,5.6398,0.0009,estimación,dentro del umbral,2025-01-03,
1986-11,397.56,0.0013,fixing de la tarde de Londres,dentro del umbral,5.5513,0.0009,estimación,dentro del umbral,2025-01-03,
1986-12,390.92,0.0013,fixing de la tarde de Londres,dentro del umbral,5.3504,0.0009,estimación,dentro del umbral,2025-01-03,
1987-01,408.26,0.0012,fixing de la tarde de Londres,dentro del umbral,5.507,0.0091,estimación,dentro del umbral,2025-01-03,
1987-02,401.12,0.0012,fixing de la tarde de Londres,dentro del umbral,5.4842,0.0009,estimación,dentro del umbral,2025-01-03,
1987-03,408.91,0.0012,fixing de la tarde de Londres,dentro del umbral,5.6644,0.0009,estimación,dentro del umbral,2025-01-03,
1987-04,438.35,0.0011,fixing de la tarde de Londres,dentro del umbral,7.3495,0.0007,estimación,"valor en disputa: Pink Sheet 7.3495, FMI 7.4727, diferencia -1.649 %",2025-01-03,
1987-05,460.23,0.0011,fixing de la tarde de Londres,dentro del umbral,8.4602,0.0006,estimación,dentro del umbral,2025-01-03,
1987-06,449.59,0.0011,fixing de la tarde de Londres,dentro del umbral,7.4164,0.0007,estimación,dentro del umbral,2025-01-03,
1987-07,450.52,0.0011,fixing de la tarde de Londres,dentro del umbral,7.6087,0.0007,estimación,dentro del umbral,2025-01-03,
1987-08,461.15,0.0011,fixing de la tarde de Londres,dentro del umbral,7.8424,0.0006,estimación,dentro del umbral,2025-01-03,
1987-09,460.38,0.0011,fixing de la tarde de Londres,dentro del umbral,7.6064,0.0007,estimación,dentro del umbral,2025-01-03,
1987-10,465.35,0.0011,fixing de la tarde de Londres,dentro del umbral,7.6074,0.0007,estimación,dentro del umbral,2025-01-03,
1987-11,467.57,0.0011,fixing de la tarde de Londres,dentro del umbral,6.762,0.0074,estimación,dentro del umbral,2025-01-03,
1987-12,486.24,0.001,fixing de la tarde de Londres,dentro del umbral,6.8125,0.0007,estimación,dentro del umbral,2025-01-03,
1988-01,476.58,0.001,fixing de la tarde de Londres,dentro del umbral,6.7446,0.0007,estimación,dentro del umbral,2025-01-03,
1988-02,442.07,0.0011,fixing de la tarde de Londres,dentro del umbral,6.3414,0.0008,estimación,dentro del umbral,2025-01-03,
1988-03,443.61,0.0011,fixing de la tarde de Londres,dentro del umbral,6.4105,0.0008,estimación,dentro del umbral,2025-01-03,
1988-04,451.55,0.0011,fixing de la tarde de Londres,dentro del umbral,6.4803,0.0008,estimación,dentro del umbral,2025-01-03,
1988-05,451.07,0.0011,fixing de la tarde de Londres,dentro del umbral,6.5404,0.0008,estimación,dentro del umbral,2025-01-03,
1988-06,451.33,0.0011,fixing de la tarde de Londres,dentro del umbral,7.0155,0.0007,estimación,dentro del umbral,2025-01-03,
1988-07,437.63,0.0011,fixing de la tarde de Londres,dentro del umbral,7.0412,0.0007,estimación,dentro del umbral,2025-01-03,
1988-08,431.28,0.0012,fixing de la tarde de Londres,dentro del umbral,6.7131,0.0007,estimación,dentro del umbral,2025-01-03,
1988-09,413.46,0.0012,fixing de la tarde de Londres,dentro del umbral,6.3781,0.0008,estimación,dentro del umbral,2025-01-03,
1988-10,406.78,0.0012,fixing de la tarde de Londres,dentro del umbral,6.2812,0.0008,estimación,dentro del umbral,2025-01-03,
1988-11,420.17,0.0012,fixing de la tarde de Londres,dentro del umbral,6.2947,0.0008,estimación,dentro del umbral,2025-01-03,
1988-12,419.05,0.0012,fixing de la tarde de Londres,dentro del umbral,6.1245,0.0008,estimación,dentro del umbral,2025-01-03,
1989-01,404.01,0.0012,fixing de la tarde de Londres,dentro del umbral,5.995,0.0083,estimación,dentro del umbral,2025-01-03,
1989-02,387.51,0.0013,fixing de la tarde de Londres,dentro del umbral,5.8847,0.0008,estimación,dentro del umbral,2025-01-03,
1989-03,390.15,0.0013,fixing de la tarde de Londres,dentro del umbral,5.9592,0.0008,estimación,dentro del umbral,2025-01-03,
1989-04,384.4,0.013,fixing de la tarde de Londres,dentro del umbral,5.7926,0.0009,estimación,dentro del umbral,2025-01-03,
1989-05,371.05,0.0013,fixing de la tarde de Londres,dentro del umbral,5.4531,0.0009,estimación,dentro del umbral,2025-01-03,
1989-06,367.6,0.0136,fixing de la tarde de Londres,dentro del umbral,5.2707,0.0009,estimación,dentro del umbral,2025-01-03,
1989-07,375.04,0.0013,fixing de la tarde de Londres,dentro del umbral,5.2167,0.001,estimación,dentro del umbral,2025-01-03,
1989-08,365.14,0.0014,fixing de la tarde de Londres,dentro del umbral,5.1823,0.001,estimación,dentro del umbral,2025-01-03,
1989-09,361.75,0.0014,fixing de la tarde de Londres,dentro del umbral,5.1338,0.001,estimación,dentro del umbral,2025-01-03,
1989-10,366.88,0.0014,fixing de la tarde de Londres,dentro del umbral,5.1449,0.001,estimación,dentro del umbral,2025-01-03,
1989-11,394.26,0.0013,fixing de la tarde de Londres,dentro del umbral,5.4833,0.0009,estimación,dentro del umbral,2025-01-03,
1989-12,409.39,0.0012,fixing de la tarde de Londres,dentro del umbral,5.5688,0.0009,estimación,dentro del umbral,2025-01-03,
1990-01,410.11,0.0012,fixing de la tarde de Londres,dentro del umbral,5.2462,0.001,estimación,dentro del umbral,2025-01-03,
1990-02,416.81,0.0012,fixing de la tarde de Londres,dentro del umbral,5.2893,0.0009,estimación,dentro del umbral,2025-01-03,
1990-03,393.06,0.0013,fixing de la tarde de Londres,dentro del umbral,5.0766,0.001,estimación,dentro del umbral,2025-01-03,
1990-04,374.24,0.0013,fixing de la tarde de Londres,dentro del umbral,5.0655,0.001,estimación,dentro del umbral,2025-01-03,
1990-05,369.05,0.0014,fixing de la tarde de Londres,dentro del umbral,5.0791,0.001,estimación,dentro del umbral,2025-01-03,
1990-06,352.33,0.0014,fixing de la tarde de Londres,dentro del umbral,4.9182,0.001,estimación,dentro del umbral,2025-01-03,
1990-07,362.53,0.0014,fixing de la tarde de Londres,dentro del umbral,4.8749,0.001,estimación,dentro del umbral,2025-01-03,
1990-08,394.73,0.0013,fixing de la tarde de Londres,dentro del umbral,5.008,0.01,estimación,dentro del umbral,2025-01-03,
1990-09,389.32,0.0013,fixing de la tarde de Londres,dentro del umbral,4.8038,0.001,estimación,dentro del umbral,2025-01-03,
1990-10,380.74,0.0013,fixing de la tarde de Londres,dentro del umbral,4.3891,0.0011,estimación,dentro del umbral,2025-01-03,
1990-11,381.73,0.0013,fixing de la tarde de Londres,dentro del umbral,4.1729,0.0012,estimación,dentro del umbral,2025-01-03,
1990-12,376.95,0.0013,fixing de la tarde de Londres,dentro del umbral,4.0751,0.0012,estimación,dentro del umbral,2025-01-03,
1991-01,383.64,0.0013,fixing de la tarde de Londres,dentro del umbral,4.0517,0.0012,estimación,dentro del umbral,2025-01-03,
1991-02,363.83,0.0014,fixing de la tarde de Londres,dentro del umbral,3.7376,0.0013,estimación,dentro del umbral,2025-01-03,
1991-03,363.34,0.0014,fixing de la tarde de Londres,dentro del umbral,3.9428,0.0013,estimación,dentro del umbral,2025-01-03,
1991-04,358.38,0.0014,fixing de la tarde de Londres,dentro del umbral,3.9755,0.0013,estimación,dentro del umbral,2025-01-03,
1991-05,356.95,0.0014,fixing de la tarde de Londres,dentro del umbral,4.0462,0.0012,estimación,dentro del umbral,2025-01-03,
1991-06,366.72,0.0014,fixing de la tarde de Londres,dentro del umbral,4.3898,0.0011,estimación,dentro del umbral,2025-01-03,
1991-07,367.69,0.0014,fixing de la tarde de Londres,dentro del umbral,4.3475,0.0012,estimación,dentro del umbral,2025-01-03,
1991-08,356.31,0.0014,fixing de la tarde de Londres,dentro del umbral,3.9573,0.0013,estimación,dentro del umbral,2025-01-03,
1991-09,348.74,0.0014,fixing de la tarde de Londres,dentro del umbral,4.0375,0.0012,estimación,dentro del umbral,2025-01-03,
1991-10,358.69,0.0014,fixing de la tarde de Londres,dentro del umbral,4.1154,0.0012,estimación,dentro del umbral,2025-01-03,
1991-11,360.17,0.0014,fixing de la tarde de Londres,dentro del umbral,4.0723,0.0012,estimación,dentro del umbral,2025-01-03,
1991-12,361.73,0.0014,fixing de la tarde de Londres,dentro del umbral,3.9427,0.0013,estimación,dentro del umbral,2025-01-03,
1992-01,354.45,0.0014,fixing de la tarde de Londres,dentro del umbral,4.11,0.1217,estimación,dentro del umbral,2025-01-03,
1992-02,353.91,0.0014,fixing de la tarde de Londres,dentro del umbral,4.1457,0.0012,estimación,dentro del umbral,2025-01-03,
1992-03,344.34,0.0015,fixing de la tarde de Londres,dentro del umbral,4.1101,0.0012,estimación,dentro del umbral,2025-01-03,
1992-04,338.62,0.0015,fixing de la tarde de Londres,dentro del umbral,4.0505,0.0012,estimación,dentro del umbral,2025-01-03,
1992-05,337.24,0.0015,fixing de la tarde de Londres,dentro del umbral,4.0715,0.0012,estimación,dentro del umbral,2025-01-03,
1992-06,340.81,0.0015,fixing de la tarde de Londres,dentro del umbral,4.0639,0.0012,estimación,dentro del umbral,2025-01-03,
1992-07,352.72,0.0014,fixing de la tarde de Londres,dentro del umbral,3.9675,0.0013,estimación,dentro del umbral,2025-01-03,
1992-08,343.06,0.0015,fixing de la tarde de Londres,dentro del umbral,3.8123,0.0013,estimación,dentro del umbral,2025-01-03,
1992-09,345.43,0.0014,fixing de la tarde de Londres,dentro del umbral,3.7719,0.0013,estimación,dentro del umbral,2025-01-03,
1992-10,344.38,0.0015,fixing de la tarde de Londres,dentro del umbral,3.7525,0.0013,estimación,dentro del umbral,2025-01-03,
1992-11,335.02,0.0015,fixing de la tarde de Londres,dentro del umbral,3.771,0.0133,estimación,dentro del umbral,2025-01-03,
1992-12,334.82,0.0015,fixing de la tarde de Londres,dentro del umbral,3.7252,0.0013,estimación,dentro del umbral,2025-01-03,
1993-01,329.01,0.0015,fixing de la tarde de Londres,dentro del umbral,3.6835,0.0014,estimación,dentro del umbral,2025-01-03,
1993-02,329.31,0.0015,fixing de la tarde de Londres,dentro del umbral,3.6555,0.0014,estimación,dentro del umbral,2025-01-03,
1993-03,330.08,0.0015,fixing de la tarde de Londres,dentro del umbral,3.647,0.0137,estimación,dentro del umbral,2025-01-03,
1993-04,342.15,0.0015,fixing de la tarde de Londres,dentro del umbral,3.9516,0.0013,estimación,dentro del umbral,2025-01-03,
1993-05,367.18,0.0014,fixing de la tarde de Londres,dentro del umbral,4.464,0.0112,estimación,dentro del umbral,2025-01-03,
1993-06,371.89,0.0013,fixing de la tarde de Londres,dentro del umbral,4.3757,0.0011,estimación,dentro del umbral,2025-01-03,
1993-07,392.19,0.0013,fixing de la tarde de Londres,dentro del umbral,5.0194,0.001,estimación,dentro del umbral,2025-01-03,
1993-08,378.84,0.0013,fixing de la tarde de Londres,dentro del umbral,4.8377,0.001,estimación,dentro del umbral,2025-01-03,
1993-09,355.28,0.0014,fixing de la tarde de Londres,dentro del umbral,4.2185,0.0012,estimación,dentro del umbral,2025-01-03,
1993-10,364.18,0.0014,fixing de la tarde de Londres,dentro del umbral,4.343,0.0115,estimación,dentro del umbral,2025-01-03,
1993-11,373.83,0.0013,fixing de la tarde de Londres,dentro del umbral,4.5332,0.0011,estimación,dentro del umbral,2025-01-03,
1993-12,383.3,0.013,fixing de la tarde de Londres,dentro del umbral,4.9717,0.001,estimación,dentro del umbral,2025-01-03,
1994-01,386.88,0.0013,fixing de la tarde de Londres,dentro del umbral,5.1458,0.001,estimación,dentro del umbral,2025-01-03,
1994-02,381.91,0.0013,fixing de la tarde de Londres,dentro del umbral,5.2473,0.001,estimación,dentro del umbral,2025-01-03,
1994-03,384.13,0.0013,fixing de la tarde de Londres,dentro del umbral,5.435,0.0092,estimación,dentro del umbral,2025-01-03,
1994-04,377.27,0.0013,fixing de la tarde de Londres,dentro del umbral,5.352,0.0093,estimación,dentro del umbral,2025-01-03,
1994-05,381.43,0.0013,fixing de la tarde de Londres,dentro del umbral,5.4195,0.0009,estimación,dentro del umbral,2025-01-03,
1994-06,385.64,0.0013,fixing de la tarde de Londres,dentro del umbral,5.3876,0.0009,estimación,dentro del umbral,2025-01-03,
1994-07,385.49,0.0013,fixing de la tarde de Londres,dentro del umbral,5.2823,0.0009,estimación,dentro del umbral,2025-01-03,
1994-08,380.36,0.0013,fixing de la tarde de Londres,dentro del umbral,5.1972,0.001,estimación,dentro del umbral,2025-01-03,
1994-09,391.58,0.0013,fixing de la tarde de Londres,dentro del umbral,5.5237,0.0009,estimación,dentro del umbral,2025-01-03,
1994-10,389.77,0.0013,fixing de la tarde de Londres,dentro del umbral,5.4541,0.0009,estimación,dentro del umbral,2025-01-03,
1994-11,384.39,0.0013,fixing de la tarde de Londres,dentro del umbral,5.1924,0.001,estimación,dentro del umbral,2025-01-03,
1994-12,379.29,0.0013,fixing de la tarde de Londres,dentro del umbral,4.7795,0.001,estimación,dentro del umbral,2025-01-03,
1995-01,378.55,0.0013,fixing de la tarde de Londres,dentro del umbral,4.7731,0.001,estimación,dentro del umbral,2025-01-03,
1995-02,376.64,0.0013,fixing de la tarde de Londres,dentro del umbral,4.7215,0.0011,estimación,dentro del umbral,2025-01-03,
1995-03,382.12,0.0013,fixing de la tarde de Londres,dentro del umbral,4.6485,0.0011,estimación,dentro del umbral,2025-01-03,
1995-04,391.03,0.0013,fixing de la tarde de Londres,dentro del umbral,5.4777,0.0009,estimación,dentro del umbral,2025-01-03,
1995-05,385.22,0.0013,fixing de la tarde de Londres,dentro del umbral,5.5598,0.0009,estimación,dentro del umbral,2025-01-03,
1995-06,387.56,0.0013,fixing de la tarde de Londres,dentro del umbral,5.3637,0.0009,estimación,dentro del umbral,2025-01-03,
1995-07,386.23,0.0013,fixing de la tarde de Londres,dentro del umbral,5.1648,0.001,estimación,dentro del umbral,2025-01-03,
1995-08,383.67,0.0013,fixing de la tarde de Londres,dentro del umbral,5.3982,0.0009,estimación,dentro del umbral,2025-01-03,
1995-09,383.06,0.0013,fixing de la tarde de Londres,dentro del umbral,5.4295,0.0009,estimación,dentro del umbral,2025-01-03,
1995-10,383.14,0.0013,fixing de la tarde de Londres,dentro del umbral,5.3741,0.0009,estimación,dentro del umbral,2025-01-03,
1995-11,385.31,0.0013,fixing de la tarde de Londres,dentro del umbral,5.3151,0.0009,estimación,dentro del umbral,2025-01-03,
1995-12,387.44,0.0013,fixing de la tarde de Londres,dentro del umbral,5.1769,0.001,estimación,dentro del umbral,2025-01-03,
1996-01,399.45,0.0013,fixing de la tarde de Londres,dentro del umbral,5.4605,0.0009,estimación,dentro del umbral,2025-01-03,
1996-02,404.76,0.0012,fixing de la tarde de Londres,dentro del umbral,5.6567,0.0009,estimación,dentro del umbral,2025-01-03,
1996-03,396.21,0.0013,fixing de la tarde de Londres,dentro del umbral,5.5241,0.0009,estimación,dentro del umbral,2025-01-03,
1996-04,392.85,0.0013,fixing de la tarde de Londres,dentro del umbral,5.4209,0.0009,estimación,dentro del umbral,2025-01-03,
1996-05,391.93,0.0013,fixing de la tarde de Londres,dentro del umbral,5.3652,0.0009,estimación,dentro del umbral,2025-01-03,
1996-06,385.27,0.0013,fixing de la tarde de Londres,dentro del umbral,5.1615,0.001,estimación,dentro del umbral,2025-01-03,
1996-07,383.47,0.0013,fixing de la tarde de Londres,dentro del umbral,5.0653,0.001,estimación,dentro del umbral,2025-01-03,
1996-08,387.35,0.0013,fixing de la tarde de Londres,dentro del umbral,5.1354,0.001,estimación,dentro del umbral,2025-01-03,
1996-09,383.14,0.0013,fixing de la tarde de Londres,dentro del umbral,5.0388,0.001,estimación,dentro del umbral,2025-01-03,
1996-10,381.07,0.0013,fixing de la tarde de Londres,dentro del umbral,4.9276,0.001,estimación,dentro del umbral,2025-01-03,
1996-11,377.85,0.0013,fixing de la tarde de Londres,dentro del umbral,4.8332,0.001,estimación,dentro del umbral,2025-01-03,
1996-12,369,0.1355,fixing de la tarde de Londres,dentro del umbral,4.8264,0.001,estimación,dentro del umbral,2025-01-03,
1997-01,355.11,0.0014,fixing de la tarde de Londres,dentro del umbral,4.7747,0.001,estimación,dentro del umbral,2025-01-03,
1997-02,346.58,0.0014,fixing de la tarde de Londres,dentro del umbral,5.0722,0.001,estimación,dentro del umbral,2025-01-03,
1997-03,351.81,0.0014,fixing de la tarde de Londres,dentro del umbral,5.1962,0.001,estimación,dentro del umbral,2025-01-03,
1997-04,344.47,0.0015,fixing de la tarde de Londres,dentro del umbral,4.7726,0.001,estimación,dentro del umbral,2025-01-03,
1997-05,343.84,0.0015,fixing de la tarde de Londres,dentro del umbral,4.7496,0.0011,estimación,dentro del umbral,2025-01-03,
1997-06,340.76,0.0015,fixing de la tarde de Londres,dentro del umbral,4.7569,0.0011,estimación,dentro del umbral,2025-01-03,
1997-07,324.1,0.0154,fixing de la tarde de Londres,dentro del umbral,4.3724,0.0011,estimación,dentro del umbral,2025-01-03,
1997-08,324.01,0.0015,fixing de la tarde de Londres,dentro del umbral,4.4964,0.0011,estimación,dentro del umbral,2025-01-03,
1997-09,322.82,0.0015,fixing de la tarde de Londres,"valor en disputa: Pink Sheet 322.82, FMI 324.4762, diferencia -0.510 %",4.7319,0.0011,estimación,dentro del umbral,2025-01-03,
1997-10,324.87,0.0015,fixing de la tarde de Londres,dentro del umbral,5.0348,0.001,estimación,dentro del umbral,2025-01-03,
1997-11,306.04,0.0016,fixing de la tarde de Londres,dentro del umbral,5.0779,0.001,estimación,dentro del umbral,2025-01-03,
1997-12,288.74,0.0017,fixing de la tarde de Londres,dentro del umbral,5.8368,0.0009,estimación,dentro del umbral,2025-01-03,
1998-01,289.1,0.0173,fixing de la tarde de Londres,dentro del umbral,5.8871,0.0008,estimación,dentro del umbral,2025-01-03,
1998-02,297.49,0.0017,fixing de la tarde de Londres,dentro del umbral,6.8069,0.0007,estimación,dentro del umbral,2025-01-03,
1998-03,295.94,0.0017,fixing de la tarde de Londres,dentro del umbral,6.2429,0.0008,estimación,dentro del umbral,2025-01-03,
1998-04,308.29,0.0016,fixing de la tarde de Londres,dentro del umbral,6.341,0.0079,estimación,dentro del umbral,2025-01-03,
1998-05,299.1,0.0167,fixing de la tarde de Londres,dentro del umbral,5.575,0.009,estimación,dentro del umbral,2025-01-03,
1998-06,292.32,0.0017,fixing de la tarde de Londres,dentro del umbral,5.263,0.0095,estimación,dentro del umbral,2025-01-03,
1998-07,292.87,0.0017,fixing de la tarde de Londres,dentro del umbral,5.4552,0.0009,estimación,dentro del umbral,2025-01-03,
1998-08,284.11,0.0018,fixing de la tarde de Londres,dentro del umbral,5.1792,0.001,estimación,dentro del umbral,2025-01-03,
1998-09,288.98,0.0017,fixing de la tarde de Londres,dentro del umbral,4.9992,0.001,estimación,dentro del umbral,2025-01-03,
1998-10,295.93,0.0017,fixing de la tarde de Londres,dentro del umbral,5.0092,0.001,estimación,dentro del umbral,2025-01-03,
1998-11,294.12,0.0017,fixing de la tarde de Londres,dentro del umbral,4.9733,0.001,estimación,dentro del umbral,2025-01-03,
1998-12,291.68,0.0017,fixing de la tarde de Londres,dentro del umbral,4.8775,0.001,estimación,dentro del umbral,2025-01-03,
1999-01,287.08,0.0017,fixing de la tarde de Londres,dentro del umbral,5.1393,0.001,estimación,dentro del umbral,2025-01-03,
1999-02,287.33,0.0017,fixing de la tarde de Londres,dentro del umbral,5.5306,0.0009,estimación,dentro del umbral,2025-01-03,
1999-03,285.96,0.0017,fixing de la tarde de Londres,dentro del umbral,5.1942,0.001,estimación,dentro del umbral,2025-01-03,
1999-04,282.62,0.0018,fixing de la tarde de Londres,dentro del umbral,5.0603,0.001,estimación,dentro del umbral,2025-01-03,
1999-05,276.44,0.0018,fixing de la tarde de Londres,dentro del umbral,5.2619,0.001,estimación,dentro del umbral,2025-01-03,
1999-06,261.31,0.0019,fixing de la tarde de Londres,dentro del umbral,5.0269,0.001,estimación,dentro del umbral,2025-01-03,
1999-07,256.08,0.002,fixing de la tarde de Londres,dentro del umbral,5.1797,0.001,estimación,dentro del umbral,2025-01-03,
1999-08,256.69,0.0019,fixing de la tarde de Londres,dentro del umbral,5.2603,0.001,estimación,dentro del umbral,2025-01-03,
1999-09,264.74,0.0019,fixing de la tarde de Londres,dentro del umbral,5.2089,0.001,estimación,dentro del umbral,2025-01-03,
1999-10,310.72,0.0016,fixing de la tarde de Londres,dentro del umbral,5.4123,0.0009,estimación,dentro del umbral,2025-01-03,
1999-11,293.18,0.0017,fixing de la tarde de Londres,dentro del umbral,5.1538,0.001,estimación,dentro del umbral,2025-01-03,
1999-12,283.07,0.0018,fixing de la tarde de Londres,dentro del umbral,5.1573,0.001,estimación,dentro del umbral,2025-01-03,
2000-01,284.32,0.0018,fixing de la tarde de Londres,dentro del umbral,5.1882,0.001,estimación,dentro del umbral,2025-01-03,
2000-02,299.86,0.0017,fixing de la tarde de Londres,dentro del umbral,5.2467,0.001,estimación,dentro del umbral,2025-01-03,
2000-03,286.39,0.0017,fixing de la tarde de Londres,dentro del umbral,5.0649,0.001,estimación,dentro del umbral,2025-01-03,
2000-04,279.69,0.0018,fixing de la tarde de Londres,dentro del umbral,5.0645,0.001,estimación,dentro del umbral,2025-01-03,
2000-05,275.19,0.0018,fixing de la tarde de Londres,"valor en disputa: Pink Sheet 275.19, FMI 276.7409, diferencia -0.560 %",4.9796,0.001,estimación,dentro del umbral,2025-01-03,
2000-06,285.73,0.0017,fixing de la tarde de Londres,dentro del umbral,4.9976,0.001,estimación,dentro del umbral,2025-01-03,
2000-07,281.59,0.0018,fixing de la tarde de Londres,dentro del umbral,4.9692,0.001,estimación,dentro del umbral,2025-01-03,
2000-08,274.47,0.0018,fixing de la tarde de Londres,dentro del umbral,4.8864,0.001,estimación,dentro del umbral,2025-01-03,
2000-09,273.68,0.0018,fixing de la tarde de Londres,dentro del umbral,4.8904,0.001,estimación,dentro del umbral,2025-01-03,
2000-10,270,0.1852,fixing de la tarde de Londres,dentro del umbral,4.8302,0.001,estimación,dentro del umbral,2025-01-03,
2000-11,266.01,0.0019,fixing de la tarde de Londres,dentro del umbral,4.6814,0.0011,estimación,dentro del umbral,2025-01-03,
2000-12,271.45,0.0018,fixing de la tarde de Londres,dentro del umbral,4.6398,0.0011,estimación,dentro del umbral,2025-01-03,
2001-01,265.49,0.0019,fixing de la tarde de Londres,dentro del umbral,4.6571,0.0011,estimación,dentro del umbral,2025-01-03,
2001-02,261.87,0.0019,fixing de la tarde de Londres,dentro del umbral,4.5574,0.0011,estimación,dentro del umbral,2025-01-03,
2001-03,263.03,0.0019,fixing de la tarde de Londres,dentro del umbral,4.404,0.0114,estimación,dentro del umbral,2025-01-03,
2001-04,260.48,0.0019,fixing de la tarde de Londres,dentro del umbral,4.365,0.0115,estimación,dentro del umbral,2025-01-03,
2001-05,272.36,0.0018,fixing de la tarde de Londres,dentro del umbral,4.4333,0.0011,estimación,dentro del umbral,2025-01-03,
2001-06,270.23,0.0019,fixing de la tarde de Londres,dentro del umbral,4.3738,0.0011,estimación,dentro del umbral,2025-01-03,
2001-07,267.53,0.0019,fixing de la tarde de Londres,dentro del umbral,4.2543,0.0012,estimación,dentro del umbral,2025-01-03,
2001-08,272.39,0.0018,fixing de la tarde de Londres,dentro del umbral,4.2208,0.0012,estimación,dentro del umbral,2025-01-03,
2001-09,283.42,0.0018,fixing de la tarde de Londres,dentro del umbral,4.353,0.0115,estimación,dentro del umbral,2025-01-03,
2001-10,283.06,0.0018,fixing de la tarde de Londres,dentro del umbral,4.4012,0.0011,estimación,dentro del umbral,2025-01-03,
2001-11,276.16,0.0018,fixing de la tarde de Londres,dentro del umbral,4.1226,0.0012,estimación,dentro del umbral,2025-01-03,
2001-12,275.85,0.0018,fixing de la tarde de Londres,dentro del umbral,4.3695,0.0011,estimación,dentro del umbral,2025-01-03,
2002-01,281.51,0.0018,fixing de la tarde de Londres,dentro del umbral,4.5149,0.0011,estimación,dentro del umbral,2025-01-03,
2002-02,295.5,0.0169,fixing de la tarde de Londres,dentro del umbral,4.4232,0.0011,estimación,dentro del umbral,2025-01-03,
2002-03,294.06,0.0017,fixing de la tarde de Londres,dentro del umbral,4.5393,0.0011,estimación,dentro del umbral,2025-01-03,
2002-04,302.68,0.0017,fixing de la tarde de Londres,dentro del umbral,4.5757,0.0011,estimación,dentro del umbral,2025-01-03,
2002-05,314.49,0.0016,fixing de la tarde de Londres,dentro del umbral,4.6992,0.0011,estimación,dentro del umbral,2025-01-03,
2002-06,321.18,0.0016,fixing de la tarde de Londres,dentro del umbral,4.9044,0.001,estimación,dentro del umbral,2025-01-03,
2002-07,313.29,0.0016,fixing de la tarde de Londres,dentro del umbral,4.9186,0.001,estimación,dentro del umbral,2025-01-03,
2002-08,310.26,0.0016,fixing de la tarde de Londres,dentro del umbral,4.5403,0.0011,estimación,dentro del umbral,2025-01-03,
2002-09,319.14,0.0016,fixing de la tarde de Londres,dentro del umbral,4.5536,0.0011,estimación,dentro del umbral,2025-01-03,
2002-10,316.56,0.0016,fixing de la tarde de Londres,dentro del umbral,4.4013,0.0011,estimación,dentro del umbral,2025-01-03,
2002-11,319.07,0.0016,fixing de la tarde de Londres,dentro del umbral,4.5108,0.0011,estimación,dentro del umbral,2025-01-03,
2002-12,331.92,0.0015,fixing de la tarde de Londres,dentro del umbral,4.6313,0.0011,estimación,dentro del umbral,2025-01-03,
2003-01,356.859,0.0001,fixing de la tarde de Londres,dentro del umbral,4.8062,0.001,estimación,dentro del umbral,2025-01-03,
2003-02,358.97,0.0014,fixing de la tarde de Londres,dentro del umbral,4.6551,0.0011,estimación,dentro del umbral,2025-01-03,
2003-03,340.55,0.0015,fixing de la tarde de Londres,dentro del umbral,4.5283,0.0011,estimación,dentro del umbral,2025-01-03,
2003-04,328.18,0.0015,fixing de la tarde de Londres,dentro del umbral,4.4932,0.0011,estimación,dentro del umbral,2025-01-03,
2003-05,355.683,0.0001,fixing de la tarde de Londres,dentro del umbral,4.7413,0.0011,estimación,dentro del umbral,2025-01-03,
2003-06,356.352,0.0001,fixing de la tarde de Londres,dentro del umbral,4.5262,0.0011,estimación,dentro del umbral,2025-01-03,
2003-07,351.02,0.0014,fixing de la tarde de Londres,dentro del umbral,4.797,0.0104,estimación,dentro del umbral,2025-01-03,
2003-08,359.768,0.0001,fixing de la tarde de Londres,dentro del umbral,4.9893,0.001,estimación,dentro del umbral,2025-01-03,
2003-09,378.945,0.0001,fixing de la tarde de Londres,dentro del umbral,5.1708,0.001,estimación,dentro del umbral,2025-01-03,
2003-10,378.92,0.0013,fixing de la tarde de Londres,dentro del umbral,5.0022,0.001,estimación,dentro del umbral,2025-01-03,
2003-11,389.91,0.0013,fixing de la tarde de Londres,dentro del umbral,5.1777,0.001,estimación,dentro del umbral,2025-01-03,
2003-12,406.953,0.0001,fixing de la tarde de Londres,dentro del umbral,5.6276,0.0009,estimación,dentro del umbral,2025-01-03,
2004-01,413.788,0.0001,fixing de la tarde de Londres,dentro del umbral,6.3005,0.0008,estimación,dentro del umbral,2025-01-03,
2004-02,404.878,0.0001,fixing de la tarde de Londres,dentro del umbral,6.4406,0.0008,estimación,dentro del umbral,2025-01-03,
2004-03,406.667,0.0001,fixing de la tarde de Londres,dentro del umbral,7.2254,0.0007,estimación,dentro del umbral,2025-01-03,
2004-04,403.26,0.0012,fixing de la tarde de Londres,dentro del umbral,7.1486,0.0007,estimación,"valor en disputa: Pink Sheet 7.1486, FMI 7.055, diferencia 1.327 %",2025-01-03,
2004-05,383.779,0.0001,fixing de la tarde de Londres,dentro del umbral,5.8674,0.0009,estimación,dentro del umbral,2025-01-03,
2004-06,392.373,0.0001,fixing de la tarde de Londres,dentro del umbral,5.8618,0.0009,estimación,dentro del umbral,2025-01-03,
2004-07,398.091,0.0001,fixing de la tarde de Londres,dentro del umbral,6.3141,0.0008,estimación,dentro del umbral,2025-01-03,
2004-08,400.51,0.0012,fixing de la tarde de Londres,dentro del umbral,6.66,0.0751,estimación,dentro del umbral,2025-01-03,
2004-09,405.275,0.0001,fixing de la tarde de Londres,dentro del umbral,6.4034,0.0008,estimación,dentro del umbral,2025-01-03,
2004-10,420.464,0.0001,fixing de la tarde de Londres,dentro del umbral,7.095,0.007,estimación,dentro del umbral,2025-01-03,
2004-11,439.375,0.0001,fixing de la tarde de Londres,dentro del umbral,7.4926,0.0007,estimación,dentro del umbral,2025-01-03,
2004-12,442.079,0.0001,fixing de la tarde de Londres,dentro del umbral,7.085,0.0071,estimación,dentro del umbral,2025-01-03,
2005-01,424.03,0.0012,fixing de la tarde de Londres,dentro del umbral,6.619,0.0076,estimación,dentro del umbral,2025-01-03,
2005-02,423.35,0.0012,fixing de la tarde de Londres,dentro del umbral,7.03,0.0711,estimación,dentro del umbral,2025-01-03,
2005-03,433.85,0.0012,fixing de la tarde de Londres,dentro del umbral,7.2282,0.0007,estimación,dentro del umbral,2025-01-03,
2005-04,429.233,0.0001,fixing de la tarde de Londres,dentro del umbral,7.1188,0.0007,estimación,dentro del umbral,2025-01-03,
2005-05,421.873,0.0001,fixing de la tarde de Londres,dentro del umbral,7.0224,0.0007,estimación,dentro del umbral,2025-01-03,
2005-06,430.657,0.0001,fixing de la tarde de Londres,dentro del umbral,7.3105,0.0007,estimación,dentro del umbral,2025-01-03,
2005-07,424.479,0.0001,fixing de la tarde de Londres,dentro del umbral,7.0145,0.0007,estimación,dentro del umbral,2025-01-03,
2005-08,437.93,0.0011,fixing de la tarde de Londres,dentro del umbral,7.0334,0.0007,estimación,dentro del umbral,2025-01-03,
2005-09,456.048,0.0001,fixing de la tarde de Londres,dentro del umbral,7.1536,0.0007,estimación,dentro del umbral,2025-01-03,
2005-10,469.898,0.0001,fixing de la tarde de Londres,dentro del umbral,7.6705,0.0007,estimación,dentro del umbral,2025-01-03,
2005-11,476.666,0.0001,fixing de la tarde de Londres,dentro del umbral,7.8725,0.0006,estimación,dentro del umbral,2025-01-03,
2005-12,510.097,0.0001,fixing de la tarde de Londres,dentro del umbral,8.627,0.0058,estimación,dentro del umbral,2025-01-03,
2006-01,549.864,0.0001,fixing de la tarde de Londres,dentro del umbral,9.1391,0.0005,estimación,dentro del umbral,2025-01-03,
2006-02,554.995,0.0001,fixing de la tarde de Londres,dentro del umbral,9.5349,0.0005,estimación,dentro del umbral,2025-01-03,
2006-03,557.093,0.0001,fixing de la tarde de Londres,dentro del umbral,10.3838,0.0005,estimación,dentro del umbral,2025-01-03,
2006-04,610.653,0.0001,fixing de la tarde de Londres,dentro del umbral,12.6144,0.0004,estimación,dentro del umbral,2025-01-03,
2006-05,675.393,0.0001,fixing de la tarde de Londres,dentro del umbral,13.3772,0.0004,estimación,dentro del umbral,2025-01-03,
2006-06,596.145,0.0001,fixing de la tarde de Londres,dentro del umbral,10.7964,0.0005,estimación,dentro del umbral,2025-01-03,
2006-07,633.71,0.0008,fixing de la tarde de Londres,dentro del umbral,11.2324,0.0004,estimación,dentro del umbral,2025-01-03,
2006-08,632.593,0.0001,fixing de la tarde de Londres,dentro del umbral,12.1874,0.0004,estimación,dentro del umbral,2025-01-03,
2006-09,598.186,0.0001,fixing de la tarde de Londres,dentro del umbral,11.6769,0.0004,estimación,dentro del umbral,2025-01-03,
2006-10,585.78,0.0009,fixing de la tarde de Londres,dentro del umbral,11.5586,0.0004,estimación,dentro del umbral,2025-01-03,
2006-11,627.827,0.0001,fixing de la tarde de Londres,dentro del umbral,12.9311,0.0004,estimación,dentro del umbral,2025-01-03,
2006-12,629.791,0.0001,fixing de la tarde de Londres,dentro del umbral,13.2786,0.0004,estimación,dentro del umbral,2025-01-03,
2007-01,631.166,0.0001,fixing de la tarde de Londres,dentro del umbral,12.8413,0.0004,estimación,dentro del umbral,2025-01-03,
2007-02,664.745,0.0001,fixing de la tarde de Londres,dentro del umbral,13.91,0.0359,estimación,dentro del umbral,2025-01-03,
2007-03,654.895,0.0001,fixing de la tarde de Londres,dentro del umbral,13.1843,0.0004,estimación,dentro del umbral,2025-01-03,
2007-04,679.368,0.0001,fixing de la tarde de Londres,dentro del umbral,13.7233,0.0004,estimación,dentro del umbral,2025-01-03,
2007-05,667.31,0.0007,fixing de la tarde de Londres,dentro del umbral,13.1478,0.0004,estimación,dentro del umbral,2025-01-03,
2007-06,655.66,0.0008,fixing de la tarde de Londres,dentro del umbral,13.1443,0.0004,estimación,dentro del umbral,2025-01-03,
2007-07,665.38,0.0008,fixing de la tarde de Londres,dentro del umbral,12.9093,0.0004,estimación,dentro del umbral,2025-01-03,
2007-08,665.411,0.0001,fixing de la tarde de Londres,dentro del umbral,12.3343,0.0004,estimación,dentro del umbral,2025-01-03,
2007-09,712.653,0.0001,fixing de la tarde de Londres,dentro del umbral,12.8335,0.0004,estimación,dentro del umbral,2025-01-03,
2007-10,754.604,0.0001,fixing de la tarde de Londres,dentro del umbral,13.6704,0.0004,estimación,dentro del umbral,2025-01-03,
2007-11,806.248,0.0001,fixing de la tarde de Londres,dentro del umbral,14.7016,0.0003,estimación,dentro del umbral,2025-01-03,
2007-12,803.203,0.0001,fixing de la tarde de Londres,dentro del umbral,14.3036,0.0003,estimación,dentro del umbral,2025-01-03,
2008-01,889.595,0.0001,fixing de la tarde de Londres,dentro del umbral,15.9089,0.0003,estimación,dentro del umbral,2025-01-03,
2008-02,922.298,0.0001,fixing de la tarde de Londres,dentro del umbral,17.569,0.0028,estimación,dentro del umbral,2025-01-03,
2008-03,968.434,0.0001,fixing de la tarde de Londres,dentro del umbral,19.3174,0.0003,estimación,dentro del umbral,2025-01-03,
2008-04,909.705,0.0001,fixing de la tarde de Londres,dentro del umbral,17.5,0.2857,estimación,dentro del umbral,2025-01-03,
2008-05,888.663,0.0001,fixing de la tarde de Londres,dentro del umbral,17.06,0.0293,estimación,dentro del umbral,2025-01-03,
2008-06,889.488,0.0001,fixing de la tarde de Londres,dentro del umbral,16.969,0.0029,estimación,dentro del umbral,2025-01-03,
2008-07,939.772,0.0001,fixing de la tarde de Londres,dentro del umbral,18.0339,0.0003,estimación,dentro del umbral,2025-01-03,
2008-08,839.025,0.0001,fixing de la tarde de Londres,dentro del umbral,14.635,0.0034,estimación,dentro del umbral,2025-01-03,
2008-09,829.932,0.0001,fixing de la tarde de Londres,dentro del umbral,12.373,0.004,estimación,dentro del umbral,2025-01-03,
2008-10,806.62,0.0006,fixing de la tarde de Londres,dentro del umbral,10.4413,0.0005,estimación,dentro del umbral,2025-01-03,
2008-11,760.863,0.0001,fixing de la tarde de Londres,dentro del umbral,9.8652,0.0005,estimación,dentro del umbral,2025-01-03,
2008-12,816.092,0.0001,fixing de la tarde de Londres,dentro del umbral,10.2857,0.0005,estimación,dentro del umbral,2025-01-03,
2009-01,858.69,0.0006,fixing de la tarde de Londres,dentro del umbral,11.2682,0.0004,estimación,dentro del umbral,2025-01-03,
2009-02,943,0.053,fixing de la tarde de Londres,dentro del umbral,13.4125,0.0004,estimación,dentro del umbral,2025-01-03,
2009-03,924.273,0.0001,fixing de la tarde de Londres,dentro del umbral,13.1168,0.0004,estimación,dentro del umbral,2025-01-03,
2009-04,890.2,0.0056,fixing de la tarde de Londres,dentro del umbral,12.4793,0.0004,estimación,dentro del umbral,2025-01-03,
2009-05,928.645,0.0001,fixing de la tarde de Londres,dentro del umbral,13.9838,0.0004,estimación,dentro del umbral,2025-01-03,
2009-06,945.67,0.0005,fixing de la tarde de Londres,dentro del umbral,14.6543,0.0003,estimación,dentro del umbral,2025-01-03,
2009-07,934.228,0.0001,fixing de la tarde de Londres,dentro del umbral,13.3617,0.0004,estimación,dentro del umbral,2025-01-03,
2009-08,949.375,0.0001,fixing de la tarde de Londres,dentro del umbral,14.3567,0.0003,estimación,dentro del umbral,2025-01-03,
2009-09,996.591,0.0001,fixing de la tarde de Londres,dentro del umbral,16.3895,0.0003,estimación,dentro del umbral,2025-01-03,
2009-10,1043.159,0,fixing de la tarde de Londres,dentro del umbral,17.2361,0.0003,estimación,dentro del umbral,2025-01-03,
2009-11,1127.036,0,fixing de la tarde de Londres,dentro del umbral,17.8213,0.0003,estimación,dentro del umbral,2025-01-03,
2009-12,1134.724,0,fixing de la tarde de Londres,dentro del umbral,17.6422,0.0003,estimación,dentro del umbral,2025-01-03,
2010-01,1117.963,0,fixing de la tarde de Londres,dentro del umbral,17.749,0.0028,estimación,dentro del umbral,2025-01-03,
2010-02,1095.413,0,fixing de la tarde de Londres,dentro del umbral,15.873,0.0032,estimación,dentro del umbral,2025-01-03,
2010-03,1113.337,0,fixing de la tarde de Londres,dentro del umbral,17.1061,0.0003,estimación,dentro del umbral,2025-01-03,
2010-04,1148.688,0,fixing de la tarde de Londres,dentro del umbral,18.0623,0.0003,estimación,dentro del umbral,2025-01-03,
2010-05,1205.434,0,fixing de la tarde de Londres,dentro del umbral,18.4333,0.0003,estimación,dentro del umbral,2025-01-03,
2010-06,1232.92,0.0004,fixing de la tarde de Londres,dentro del umbral,18.4548,0.0003,estimación,dentro del umbral,2025-01-03,
2010-07,1192.966,0,fixing de la tarde de Londres,dentro del umbral,17.9605,0.0003,estimación,dentro del umbral,2025-01-03,
2010-08,1215.81,0.0004,fixing de la tarde de Londres,dentro del umbral,18.3877,0.0003,estimación,dentro del umbral,2025-01-03,
2010-09,1270.977,0,fixing de la tarde de Londres,dentro del umbral,20.5498,0.0002,estimación,dentro del umbral,2025-01-03,
2010-10,1342.024,0,fixing de la tarde de Londres,dentro del umbral,23.3933,0.0002,estimación,dentro del umbral,2025-01-03,
2010-11,1369.886,0,fixing de la tarde de Londres,dentro del umbral,26.5409,0.0002,estimación,dentro del umbral,2025-01-03,
2010-12,1390.553,0,fixing de la tarde de Londres,dentro del umbral,29.3248,0.0002,estimación,dentro del umbral,2025-01-03,
2011-01,1360.46,0.0004,fixing de la tarde de Londres,dentro del umbral,28.5086,0.0002,estimación,dentro del umbral,2025-01-03,
2011-02,1374.68,0.0004,fixing de la tarde de Londres,dentro del umbral,30.7785,0.0002,estimación,dentro del umbral,2025-01-03,
2011-03,1423.26,0.0004,fixing de la tarde de Londres,dentro del umbral,35.8135,0.0001,estimación,dentro del umbral,2025-01-03,
2011-04,1480.89,0.0003,fixing de la tarde de Londres,dentro del umbral,42.6952,0.0001,estimación,"valor en disputa: Pink Sheet 42.6952, FMI 41.9656, diferencia 1.739 %",2025-01-03,
2011-05,1512.58,0.0003,fixing de la tarde de Londres,dentro del umbral,37.3359,0.0001,estimación,"valor en disputa: Pink Sheet 37.3359, FMI 36.75, diferencia 1.594 %",2025-01-03,
2011-06,1529.36,0.0003,fixing de la tarde de Londres,dentro del umbral,35.795,0.0014,estimación,dentro del umbral,2025-01-03,
2011-07,1572.75,0.0003,fixing de la tarde de Londres,dentro del umbral,37.9171,0.0001,estimación,dentro del umbral,2025-01-03,
2011-08,1759.01,0.0003,fixing de la tarde de Londres,dentro del umbral,40.3313,0.0001,estimación,dentro del umbral,2025-01-03,
2011-09,1772.14,0.0003,fixing de la tarde de Londres,dentro del umbral,38.1545,0.0001,estimación,dentro del umbral,2025-01-03,
2011-10,1666.43,0.0003,fixing de la tarde de Londres,dentro del umbral,31.9748,0.0002,estimación,dentro del umbral,2025-01-03,
2011-11,1739,0.0288,fixing de la tarde de Londres,dentro del umbral,33.0818,0.0002,estimación,dentro del umbral,2025-01-03,
2011-12,1639.97,0.0003,fixing de la tarde de Londres,"valor en disputa: Pink Sheet 1639.97, FMI 1652.3056, diferencia -0.747 %",30.3032,0.0002,estimación,dentro del umbral,2025-01-03,
2012-01,1654.05,0.0003,fixing de la tarde de Londres,dentro del umbral,30.6509,0.0002,estimación,dentro del umbral,2025-01-03,
2012-02,1744.82,0.0003,fixing de la tarde de Londres,dentro del umbral,34.1405,0.0001,estimación,dentro del umbral,2025-01-03,
2012-03,1675.95,0.0003,fixing de la tarde de Londres,dentro del umbral,32.9532,0.0002,estimación,dentro del umbral,2025-01-03,
2012-04,1649.2,0.003,fixing de la tarde de Londres,dentro del umbral,31.5255,0.0002,estimación,dentro del umbral,2025-01-03,
2012-05,1589.04,0.0003,fixing de la tarde de Londres,dentro del umbral,28.7196,0.0002,estimación,dentro del umbral,2025-01-03,
2012-06,1598.76,0.0003,fixing de la tarde de Londres,dentro del umbral,27.9836,0.0002,estimación,dentro del umbral,2025-01-03,
2012-07,1594.29,0.0003,fixing de la tarde de Londres,dentro del umbral,27.4318,0.0002,estimación,dentro del umbral,2025-01-03,
2012-08,1630.31,0.0003,fixing de la tarde de Londres,dentro del umbral,28.8002,0.0002,estimación,dentro del umbral,2025-01-03,
2012-09,1744.81,0.0003,fixing de la tarde de Londres,dentro del umbral,33.6085,0.0001,estimación,dentro del umbral,2025-01-03,
2012-10,1746.58,0.0003,fixing de la tarde de Londres,dentro del umbral,33.1874,0.0002,estimación,dentro del umbral,2025-01-03,
2012-11,1721.64,0.0003,fixing de la tarde de Londres,dentro del umbral,32.7732,0.0002,estimación,dentro del umbral,2025-01-03,
2012-12,1684.762,0,fixing de la tarde de Londres,dentro del umbral,31.8745,0.0002,estimación,dentro del umbral,2025-01-03,
2013-01,1671.847826,0,fixing de la tarde de Londres,dentro del umbral,31.06173913,0,estimación,dentro del umbral,2025-01-03,15.61802125
2013-02,1627.57,0.0003,fixing de la tarde de Londres,dentro del umbral,30.3288,0.0002,estimación,dentro del umbral,2025-01-03,26.09345709
2013-03,1593.08619,0,fixing de la tarde de Londres,dentro del umbral,28.79095238,0,estimación,dentro del umbral,2025-01-03,57.66423358
2013-04,1487.857273,0,fixing de la tarde de Londres,dentro del umbral,25.355,0.002,estimación,dentro del umbral,2025-01-03,128.5075072
2013-05,1414.026957,0,fixing de la tarde de Londres,dentro del umbral,23.03826087,0,estimación,dentro del umbral,2025-01-03,117.6218539
2013-06,1343.35,0.0004,fixing de la tarde de Londres,dentro del umbral,21.109,0.0024,estimación,dentro del umbral,2025-01-03,104.88062
2013-07,1285.515652,0,fixing de la tarde de Londres,dentro del umbral,19.71021739,0,estimación,dentro del umbral,2025-01-03,85.63026708
2013-08,1351.741818,0,fixing de la tarde de Londres,dentro del umbral,21.89386364,0,estimación,dentro del umbral,2025-01-03,103.7471304
2013-09,1348.6,0.0037,fixing de la tarde de Londres,dentro del umbral,22.5638,0.0002,estimación,dentro del umbral,2025-01-03,124.6466302
2013-10,1316.58,0.0004,fixing de la tarde de Londres,dentro del umbral,21.917,0.0023,estimación,dentro del umbral,2025-01-03,154.1630475
2013-11,1275.86,0.0004,fixing de la tarde de Londres,dentro del umbral,20.7576,0.0002,estimación,dentro del umbral,2025-01-03,546.3373339
2013-12,1221.511905,0,fixing de la tarde de Londres,dentro del umbral,19.67,0.0254,estimación,dentro del umbral,2025-01-03,790.4378137
2014-01,1244.27,0.0004,fixing de la tarde de Londres,dentro del umbral,19.875,0.0025,estimación,dentro del umbral,2025-01-03,818.7494382
2014-02,1299.58,0.0004,fixing de la tarde de Londres,dentro del umbral,20.845,0.0024,estimación,dentro del umbral,2025-01-03,659.7726451
2014-03,1336.08,0.0004,fixing de la tarde de Londres,dentro del umbral,20.716,0.0024,estimación,dentro del umbral,2025-01-03,593.8357571
2014-04,1298.45,0.0004,fixing de la tarde de Londres,dentro del umbral,19.736,0.0025,estimación,dentro del umbral,2025-01-03,463.2757441
2014-05,1288.74,0.0004,fixing de la tarde de Londres,dentro del umbral,19.342,0.0026,estimación,dentro del umbral,2025-01-03,488.3541081
2014-06,1279.1,0.0039,fixing de la tarde de Londres,dentro del umbral,19.892,0.0025,estimación,dentro del umbral,2025-01-03,615.1821913
2014-07,1310.59,0.0004,fixing de la tarde de Londres,dentro del umbral,20.923,0.0024,estimación,dentro del umbral,2025-01-03,618.0322193
2014-08,1295.13,0.0004,fixing de la tarde de Londres,dentro del umbral,19.736,0.0025,estimación,dentro del umbral,2025-01-03,536.2484527
2014-09,1236.55,0.0004,fixing de la tarde de Londres,dentro del umbral,18.369,0.0027,estimación,dentro del umbral,2025-01-03,443.9055957
2014-10,1222.49,0.0004,fixing de la tarde de Londres,dentro del umbral,17.163,0.0029,estimación,dentro del umbral,2025-01-03,362.9962297
2014-11,1175.33,0.0004,fixing de la tarde de Londres,dentro del umbral,15.966,0.0031,estimación,dentro del umbral,2025-01-03,365.9209596
2014-12,1200.62,0.0004,fixing de la tarde de Londres,dentro del umbral,16.295,0.0031,estimación,dentro del umbral,2025-01-03,341.9829019
2015-01,1250.75,0.0004,fixing de la tarde de Londres,dentro del umbral,17.236,0.0029,estimación,dentro del umbral,2025-01-03,249.761381
2015-02,1227.08,0.0004,fixing de la tarde de Londres,dentro del umbral,16.787,0.003,estimación,dentro del umbral,2025-01-03,234.8393663
2015-03,1178.63,0.0004,fixing de la tarde de Londres,dentro del umbral,16.24,0.0308,estimación,dentro del umbral,2025-01-03,269.7339313
2015-04,1198.93,0.0004,fixing de la tarde de Londres,dentro del umbral,16.341,0.0031,estimación,dentro del umbral,2025-01-03,235.7140868
2015-05,1198.63,0.0004,fixing de la tarde de Londres,dentro del umbral,16.833,0.003,estimación,dentro del umbral,2025-01-03,237.0273869
2015-06,1181.5,0.0042,fixing de la tarde de Londres,dentro del umbral,16.075,0.0031,estimación,dentro del umbral,2025-01-03,238.0088416
2015-07,1128.31,0.0004,fixing de la tarde de Londres,dentro del umbral,15.053,0.0033,estimación,dentro del umbral,2025-01-03,280.0017953
2015-08,1117.93,0.0004,fixing de la tarde de Londres,dentro del umbral,14.941,0.0033,estimación,dentro del umbral,2025-01-03,251.4423447
2015-09,1124.77,0.0004,fixing de la tarde de Londres,dentro del umbral,14.75,0.0339,estimación,dentro del umbral,2025-01-03,234.0723081
2015-10,1159.25,0.0004,fixing de la tarde de Londres,dentro del umbral,15.813,0.0032,estimación,dentro del umbral,2025-01-03,265.8932944
2015-11,1086.44,0.0005,fixing de la tarde de Londres,dentro del umbral,14.452,0.0035,estimación,dentro del umbral,2025-01-03,348.858916
2015-12,1075.74,0.0005,fixing de la tarde de Londres,"valor en disputa: Pink Sheet 1075.74, FMI 1068.2526, diferencia 0.701 %",14.127,0.0035,estimación,dentro del umbral,2025-01-03,424.4016722
2016-01,1097.91,0.0005,fixing de la tarde de Londres,dentro del umbral,14.106,0.0035,estimación,dentro del umbral,2025-01-03,411.038873
2016-02,1199.5,0.0042,fixing de la tarde de Londres,dentro del umbral,15.167,0.0033,estimación,dentro del umbral,2025-01-03,403.377491
2016-03,1245.14,0.0004,fixing de la tarde de Londres,dentro del umbral,15.465,0.0032,estimación,dentro del umbral,2025-01-03,414.8574216
2016-04,1242.26,0.0004,fixing de la tarde de Londres,dentro del umbral,16.36,0.0306,estimación,dentro del umbral,2025-01-03,435.3880445
2016-05,1260.95,0.0004,fixing de la tarde de Londres,dentro del umbral,16.947,0.003,estimación,dentro del umbral,2025-01-03,462.9538646
2016-06,1276.4,0.0039,fixing de la tarde de Londres,dentro del umbral,17.286,0.0029,estimación,dentro del umbral,2025-01-03,643.1096876
2016-07,1336.66,0.0004,fixing de la tarde de Londres,dentro del umbral,19.992,0.0025,estimación,dentro del umbral,2025-01-03,662.6238428
2016-08,1340.17,0.0004,fixing de la tarde de Londres,dentro del umbral,19.587,0.0026,estimación,dentro del umbral,2025-01-03,579.1488073
2016-09,1326.61,0.0004,fixing de la tarde de Londres,dentro del umbral,19.357,0.0026,estimación,dentro del umbral,2025-01-03,606.2804273
2016-10,1266.55,0.0004,fixing de la tarde de Londres,dentro del umbral,17.655,0.0028,estimación,dentro del umbral,2025-01-03,642.6681859
2016-11,1238.35,0.0004,fixing de la tarde de Londres,dentro del umbral,17.407,0.0029,estimación,dentro del umbral,2025-01-03,725.3583771
2016-12,1157.36,0.0004,fixing de la tarde de Londres,"valor en disputa: Pink Sheet 1157.36, FMI 1151.4028, diferencia 0.517 %",16.432,0.003,estimación,dentro del umbral,2025-01-03,825.3648875
2017-01,1192.1,0.0042,fixing de la tarde de Londres,dentro del umbral,16.902,0.003,estimación,dentro del umbral,2025-01-03,912.790355
2017-02,1234.2,0.0041,fixing de la tarde de Londres,dentro del umbral,17.933,0.0028,estimación,dentro del umbral,2025-01-03,1066.562249
2017-03,1231.42,0.0004,fixing de la tarde de Londres,dentro del umbral,17.631,0.0028,estimación,dentro del umbral,2025-01-03,1129.096446
2017-04,1266.88,0.0004,fixing de la tarde de Londres,dentro del umbral,18.033,0.0028,estimación,dentro del umbral,2025-01-03,1220.09937
2017-05,1246.04,0.0004,fixing de la tarde de Londres,dentro del umbral,16.745,0.003,estimación,dentro del umbral,2025-01-03,1887.750385
2017-06,1260.26,0.0004,fixing de la tarde de Londres,dentro del umbral,16.931,0.003,estimación,dentro del umbral,2025-01-03,2616.203041
2017-07,1236.84,0.0004,fixing de la tarde de Londres,dentro del umbral,16.152,0.0031,estimación,dentro del umbral,2025-01-03,2509.201264
2017-08,1283.04,0.0004,fixing de la tarde de Londres,dentro del umbral,16.952,0.0029,estimación,dentro del umbral,2025-01-03,3874.592792
2017-09,1314.07,0.0004,fixing de la tarde de Londres,dentro del umbral,17.432,0.0029,estimación,dentro del umbral,2025-01-03,4102.380564
2017-10,1279.51,0.0004,fixing de la tarde de Londres,dentro del umbral,16.941,0.003,estimación,dentro del umbral,2025-01-03,5348.377616
2017-11,1281.9,0.0039,fixing de la tarde de Londres,dentro del umbral,16.977,0.0029,estimación,dentro del umbral,2025-01-03,7781.032137
2017-12,1264.45,0.0004,fixing de la tarde de Londres,dentro del umbral,16.165,0.0031,estimación,dentro del umbral,2025-01-03,15194.10498
2018-01,1331.3,0.0038,fixing de la tarde de Londres,dentro del umbral,17.127,0.0029,estimación,dentro del umbral,2025-01-03,12891.06052
2018-02,1330.73,0.0004,fixing de la tarde de Londres,dentro del umbral,16.582,0.003,estimación,dentro del umbral,2025-01-03,9396.599651
2018-03,1324.66,0.0004,fixing de la tarde de Londres,dentro del umbral,16.473,0.003,estimación,dentro del umbral,2025-01-03,8992.046455
2018-04,1334.76,0.0004,fixing de la tarde de Londres,dentro del umbral,16.648,0.003,estimación,dentro del umbral,2025-01-03,8018.054272
2018-05,1303.45,0.0004,fixing de la tarde de Londres,dentro del umbral,16.49,0.0303,estimación,dentro del umbral,2025-01-03,8423.247831
2018-06,1281.57,0.0004,fixing de la tarde de Londres,dentro del umbral,16.541,0.003,estimación,dentro del umbral,2025-01-03,6769.324413
2018-07,1237.71,0.0004,fixing de la tarde de Londres,dentro del umbral,15.723,0.0032,estimación,dentro del umbral,2025-01-03,7118.68124
2018-08,1201.71,0.0004,fixing de la tarde de Londres,dentro del umbral,14.987,0.0033,estimación,dentro del umbral,2025-01-03,6677.730917
2018-09,1198.39,0.0004,fixing de la tarde de Londres,dentro del umbral,14.272,0.0035,estimación,dentro del umbral,2025-01-03,6590.20004
2018-10,1215.39,0.0004,fixing de la tarde de Londres,dentro del umbral,14.597,0.0034,estimación,dentro del umbral,2025-01-03,6415.114232
2018-11,1220.65,0.0004,fixing de la tarde de Londres,dentro del umbral,14.353,0.0035,estimación,dentro del umbral,2025-01-03,5345.764675
2018-12,1250.4,0.004,fixing de la tarde de Londres,dentro del umbral,14.772,0.0034,estimación,dentro del umbral,2025-01-03,3665.740837
2019-01,1291.75,0.0004,fixing de la tarde de Londres,dentro del umbral,15.624,0.0032,estimación,dentro del umbral,2025-01-03,3659.232664
2019-02,1320.07,0.0004,fixing de la tarde de Londres,dentro del umbral,15.815,0.0032,estimación,dentro del umbral,2025-01-03,3659.201131
2019-03,1300.9,0.0038,fixing de la tarde de Londres,dentro del umbral,15.296,0.0033,estimación,dentro del umbral,2025-01-03,3923.417411
2019-04,1285.91,0.0004,fixing de la tarde de Londres,dentro del umbral,15.055,0.0033,estimación,dentro del umbral,2025-01-03,5145.797055
2019-05,1283.7,0.0039,fixing de la tarde de Londres,dentro del umbral,14.662,0.0034,estimación,dentro del umbral,2025-01-03,7292.919984
2019-06,1359.04,0.0004,fixing de la tarde de Londres,dentro del umbral,15.036,0.0033,estimación,dentro del umbral,2025-01-03,9393.020062
2019-07,1412.89,0.0004,fixing de la tarde de Londres,dentro del umbral,15.791,0.0032,estimación,dentro del umbral,2025-01-03,10659.62493
2019-08,1500.41,0.0003,fixing de la tarde de Londres,dentro del umbral,17.224,0.0029,estimación,dentro del umbral,2025-01-03,10628.7441
2019-09,1510.58,0.0003,fixing de la tarde de Londres,dentro del umbral,18.16,0.0275,estimación,dentro del umbral,2025-01-03,9792.419261
2019-10,1494.81,0.0003,fixing de la tarde de Londres,dentro del umbral,17.645,0.0028,estimación,dentro del umbral,2025-01-03,8387.159828
2019-11,1470.79,0.0003,fixing de la tarde de Londres,dentro del umbral,17.165,0.0029,estimación,dentro del umbral,2025-01-03,8339.68838
2019-12,1479.13,0.0003,fixing de la tarde de Londres,dentro del umbral,17.138,0.0029,estimación,dentro del umbral,2025-01-03,7246.166451
2020-01,1560.67,0.0003,fixing de la tarde de Londres,dentro del umbral,17.972,0.0028,estimación,dentro del umbral,2025-01-03,8365.735932
2020-02,1597.1,0.0031,fixing de la tarde de Londres,dentro del umbral,17.88,0.028,estimación,dentro del umbral,2025-01-03,9646.192816
2020-03,1591.93,0.0003,fixing de la tarde de Londres,dentro del umbral,14.884,0.0034,estimación,dentro del umbral,2025-01-03,6885.037265
2020-04,1683.17,0.0003,fixing de la tarde de Londres,dentro del umbral,15.065,0.0033,estimación,dentro del umbral,2025-01-03,7224.347704
2020-05,1715.91,0.0003,fixing de la tarde de Londres,dentro del umbral,16.256,0.0031,estimación,dentro del umbral,2025-01-03,9264.668143
2020-06,1732.22,0.0003,fixing de la tarde de Londres,dentro del umbral,17.713,0.0028,estimación,dentro del umbral,2025-01-03,9478.762562
2020-07,1846.51,0.0003,fixing de la tarde de Londres,dentro del umbral,20.647,0.0024,estimación,"valor en disputa: Pink Sheet 20.647, FMI 20.405, diferencia 1.186 %",2025-01-03,9597.276009
2020-08,1968.63,0.0003,fixing de la tarde de Londres,dentro del umbral,27.003,0.0019,estimación,dentro del umbral,2025-01-03,11648.20995
2020-09,1921.92,0.0003,fixing de la tarde de Londres,dentro del umbral,25.742,0.0019,estimación,dentro del umbral,2025-01-03,10647.19364
2020-10,1900.27,0.0003,fixing de la tarde de Londres,dentro del umbral,24.23,0.0206,estimación,dentro del umbral,2025-01-03,11895.12661
2020-11,1866.3,0.0027,fixing de la tarde de Londres,dentro del umbral,24.079,0.0021,estimación,dentro del umbral,2025-01-03,16670.62745
2020-12,1858.42,0.0003,fixing de la tarde de Londres,dentro del umbral,24.968,0.002,estimación,dentro del umbral,2025-01-03,21995.87367
2021-01,1866.98,0.0003,fixing de la tarde de Londres,dentro del umbral,25.88,0.0193,estimación,dentro del umbral,2025-01-03,34752.85856
2021-02,1808.17,0.0003,fixing de la tarde de Londres,dentro del umbral,27.293,0.0018,estimación,dentro del umbral,2025-01-03,46316.12199
2021-03,1718.23,0.0003,fixing de la tarde de Londres,dentro del umbral,25.648,0.0019,estimación,dentro del umbral,2025-01-03,54933.49141
2021-04,1760.04,0.0003,fixing de la tarde de Londres,dentro del umbral,25.687,0.0019,estimación,dentro del umbral,2025-01-03,57105.45609
2021-05,1850.26,0.0003,fixing de la tarde de Londres,dentro del umbral,27.504,0.0018,estimación,dentro del umbral,2025-01-03,46507.35034
2021-06,1834.57,0.0003,fixing de la tarde de Londres,dentro del umbral,26.995,0.0019,estimación,dentro del umbral,2025-01-03,35811.81382
2021-07,1807.84,0.0003,fixing de la tarde de Londres,dentro del umbral,25.677,0.0019,estimación,dentro del umbral,2025-01-03,34412.27599
2021-08,1785.28,0.0003,fixing de la tarde de Londres,dentro del umbral,23.986,0.0021,estimación,dentro del umbral,2025-01-03,45746.96164
2021-09,1775.14,0.0003,fixing de la tarde de Londres,dentro del umbral,23.185,0.0022,estimación,dentro del umbral,2025-01-03,45927.46135
2021-10,1776.85,0.0003,fixing de la tarde de Londres,dentro del umbral,23.413,0.0021,estimación,dentro del umbral,2025-01-03,57915.46731
2021-11,1821.76,0.0003,fixing de la tarde de Londres,dentro del umbral,24.175,0.0021,estimación,dentro del umbral,2025-01-03,60684.55066
2021-12,1790.43,0.0003,fixing de la tarde de Londres,dentro del umbral,22.532,0.0022,estimación,dentro del umbral,2025-01-03,49356.95457
2022-01,1816.02,0.0003,fixing de la tarde de Londres,dentro del umbral,23.158,0.0022,estimación,dentro del umbral,2025-01-03,41113.14966
2022-02,1856.3,0.0027,fixing de la tarde de Londres,dentro del umbral,23.542,0.0021,estimación,dentro del umbral,2025-01-03,40756.41008
2022-03,1947.83,0.0003,fixing de la tarde de Londres,dentro del umbral,25.314,0.002,estimación,dentro del umbral,2025-01-03,41973.92291
2022-04,1936.86,0.0003,fixing de la tarde de Londres,dentro del umbral,24.545,0.002,estimación,dentro del umbral,2025-01-03,41441.33701
2022-05,1848.5,0.0027,fixing de la tarde de Londres,dentro del umbral,21.905,0.0023,estimación,dentro del umbral,2025-01-03,31706.78679
2022-06,1836.57,0.0003,fixing de la tarde de Londres,dentro del umbral,21.556,0.0023,estimación,dentro del umbral,2025-01-03,24352.58442
2022-07,1732.74,0.0003,fixing de la tarde de Londres,dentro del umbral,19.075,0.0026,estimación,dentro del umbral,2025-01-03,21545.18049
2022-08,1764.56,0.0003,fixing de la tarde de Londres,dentro del umbral,19.724,0.0025,estimación,dentro del umbral,2025-01-03,22362.41746
2022-09,1680.78,0.0003,fixing de la tarde de Londres,dentro del umbral,18.944,0.0026,estimación,dentro del umbral,2025-01-03,19792.86988
2022-10,1664.45,0.0003,fixing de la tarde de Londres,dentro del umbral,19.426,0.0026,estimación,dentro del umbral,2025-01-03,19647.71691
2022-11,1725.07,0.0003,fixing de la tarde de Londres,dentro del umbral,21.018,0.0024,estimación,dentro del umbral,2025-01-03,17579.60671
2022-12,1797.55,0.0003,fixing de la tarde de Londres,dentro del umbral,23.326,0.0021,estimación,dentro del umbral,2025-01-03,16937.16357
2023-01,1897.71,0.0003,fixing de la tarde de Londres,dentro del umbral,23.653,0.0021,estimación,dentro del umbral,2025-01-03,20239.86577
2023-02,1854.54,0.0003,fixing de la tarde de Londres,dentro del umbral,21.921,0.0023,estimación,dentro del umbral,2025-01-03,23303.39557
2023-03,1912.73,0.0003,fixing de la tarde de Londres,dentro del umbral,21.976,0.0023,estimación,dentro del umbral,2025-01-03,25123.1823
2023-04,1999.77,0.0003,fixing de la tarde de Londres,dentro del umbral,25.01,0.02,estimación,dentro del umbral,2025-01-03,28855.59136
2023-05,1992.13,0.0003,fixing de la tarde de Londres,dentro del umbral,24.267,0.0021,estimación,dentro del umbral,2025-01-03,27516.26549
2023-06,1942.9,0.0026,fixing de la tarde de Londres,dentro del umbral,23.417,0.0021,estimación,dentro del umbral,2025-01-03,27760.89314
2023-07,1951.02,0.0003,fixing de la tarde de Londres,dentro del umbral,24.256,0.0021,estimación,dentro del umbral,2025-01-03,30050.34558
2023-08,1918.7,0.0026,fixing de la tarde de Londres,dentro del umbral,23.437,0.0021,estimación,dentro del umbral,2025-01-03,27845.16817
2023-09,1915.95,0.0003,fixing de la tarde de Londres,dentro del umbral,23.101,0.0022,estimación,dentro del umbral,2025-01-03,26306.33648
2023-10,1916.25,0.0003,fixing de la tarde de Londres,dentro del umbral,22.379,0.0022,estimación,dentro del umbral,2025-01-03,29748.87131
2023-11,1984.11,0.0003,fixing de la tarde de Londres,dentro del umbral,23.488,0.0021,estimación,dentro del umbral,2025-01-03,36604.63068
2023-12,2026.18,0.0002,fixing de la tarde de Londres,dentro del umbral,23.878,0.0021,estimación,dentro del umbral,2025-01-03,42548.02586
2024-01,2034.04,0.0002,fixing de la tarde de Londres,dentro del umbral,22.916,0.0022,estimación,dentro del umbral,2025-01-03,42911.79087
2024-02,2023.24,0.0002,fixing de la tarde de Londres,dentro del umbral,22.657,0.0022,estimación,dentro del umbral,2025-01-03,49872.90728
2024-03,2158.01,0.0002,fixing de la tarde de Londres,dentro del umbral,24.518,0.002,estimación,dentro del umbral,2025-01-03,67711.85272
2024-04,2331.45,0.0002,fixing de la tarde de Londres,dentro del umbral,27.494,0.0018,estimación,dentro del umbral,2025-01-03,65915.19862
2024-05,2351.13,0.0002,fixing de la tarde de Londres,dentro del umbral,29.36,0.017,estimación,dentro del umbral,2025-01-03,65255.59593
2024-06,2326.44,0.0002,fixing de la tarde de Londres,dentro del umbral,29.577,0.0017,estimación,dentro del umbral,2025-01-03,65903.24148
2024-07,2398.2,0.0021,fixing de la tarde de Londres,dentro del umbral,29.773,0.0017,estimación,dentro del umbral,2025-01-03,62837.64233
2024-08,2470.15,0.0002,fixing de la tarde de Londres,dentro del umbral,28.53,0.0175,estimación,dentro del umbral,2025-01-03,59963.00688
2024-09,2570.55,0.0002,fixing de la tarde de Londres,dentro del umbral,30.131,0.0017,estimación,dentro del umbral,2025-01-03,60337.91305
2024-10,2690.08,0.0002,fixing de la tarde de Londres,dentro del umbral,32.416,0.0015,estimación,dentro del umbral,2025-01-03,65582.58307
2024-11,2651.13,0.0002,fixing de la tarde de Londres,dentro del umbral,31.094,0.0016,estimación,dentro del umbral,2025-01-03,86569.09438
2024-12,2648.01,0.0002,fixing de la tarde de Londres,dentro del umbral,30.764,0.0016,estimación,"valor en disputa: Pink Sheet 30.764, FMI 30.3707, diferencia 1.295 %",2025-01-03,98246.95645
2025-01,2710,0.0185,fixing de la tarde de Londres,dentro del umbral,30.4,0.1645,estimación,dentro del umbral,vigente,100008.3836
2025-02,2895,0.0173,fixing de la tarde de Londres,dentro del umbral,32.2,0.1553,estimación,dentro del umbral,vigente,95251.1975
2025-03,2983,0.0168,fixing de la tarde de Londres,dentro del umbral,33.2,0.1506,estimación,dentro del umbral,vigente,85064.3092
2025-04,3218,0.0155,fixing de la tarde de Londres,dentro del umbral,32.2,0.1553,estimación,dentro del umbral,vigente,86436.34876
2025-05,3309,0.0151,fixing de la tarde de Londres,"valor en disputa: Pink Sheet 3309.0, FMI 3288.0095, diferencia 0.638 %",32.8,0.1524,estimación,dentro del umbral,vigente,103629.4339
2025-06,3353,0.0149,spot,dentro del umbral,36,0.1389,estimación,dentro del umbral,vigente,105806.6994
2025-07,3340,0.015,spot,dentro del umbral,37.7,0.1326,estimación,dentro del umbral,vigente,115353.5645
2025-08,3368,0.0148,spot,dentro del umbral,38.2,0.1309,estimación,dentro del umbral,vigente,114845.9371
2025-09,3668,0.0136,spot,dentro del umbral,42.8,0.1168,estimación,dentro del umbral,vigente,113170.9175
2025-10,4058,0.0123,spot,dentro del umbral,49.4,0.1012,estimación,dentro del umbral,vigente,114119.525
2025-11,4087,0.0122,spot,dentro del umbral,50.4,0.0992,estimación,dentro del umbral,vigente,96282.01455
2025-12,4309,0.0116,spot,dentro del umbral,62.3,0.0803,estimación,"valor en disputa: Pink Sheet 62.3, FMI 64.7325, diferencia -3.758 %",vigente,88915.91902
2026-01,4753,0.0105,spot,"valor en disputa: Pink Sheet 4753.0, FMI 4719.7059, diferencia 0.705 %",92.1,0.0543,estimación,dentro del umbral,vigente,90477.77407
2026-02,5020,0.01,spot,dentro del umbral,81.9,0.0611,estimación,dentro del umbral,vigente,68855.45191
2026-03,4856,0.0103,spot,dentro del umbral,77.9,0.0642,estimación,dentro del umbral,vigente,69532.57665
2026-04,4721,0.0106,spot,dentro del umbral,75.9,0.0659,estimación,dentro del umbral,vigente,73725.33582
2026-05,4587,0.0109,spot,dentro del umbral,78,0.0641,estimación,dentro del umbral,vigente,77985.60571
2026-06,4228,0.0118,spot,dentro del umbral,66.7,0.075,estimación,dentro del umbral,vigente,62972.21527
2026-07,4073,0.0123,spot,dentro del umbral,58.8,0.085,estimación,dentro del umbral,vigente,63867.6336
2026-08,4411,0.0113,spot,dentro del umbral,65.4,0.0765,estimación,dentro del umbral,vigente,69472.36113
2026-09,4319,0.0116,spot,sin comparar,64.6,0.0774,estimación,sin comparar,vigente,80473.07924
