mes,par,valor,estado
1960-01,oro_plata,38.88888889,estimación
1960-02,oro_plata,38.88888889,estimación
1960-03,oro_plata,38.88888889,estimación
1960-04,oro_plata,38.88888889,estimación
1960-05,oro_plata,38.88888889,estimación
1960-06,oro_plata,38.88888889,estimación
1960-07,oro_plata,38.88888889,estimación
1960-08,oro_plata,38.88888889,estimación
1960-09,oro_plata,38.88888889,estimación
1960-10,oro_plata,38.88888889,estimación
1960-11,oro_plata,38.88888889,estimación
1960-12,oro_plata,38.88888889,estimación
1961-01,oro_plata,38.88888889,estimación
1961-02,oro_plata,38.88888889,estimación
1961-03,oro_plata,38.88888889,estimación
1961-04,oro_plata,38.88888889,estimación
1961-05,oro_plata,38.88888889,estimación
1961-06,oro_plata,38.88888889,estimación
1961-07,oro_plata,38.88888889,estimación
1961-08,oro_plata,38.88888889,estimación
1961-09,oro_plata,38.88888889,estimación
1961-10,oro_plata,38.88888889,estimación
1961-11,oro_plata,38.88888889,estimación
1961-12,oro_plata,35,estimación
1962-01,oro_plata,35,estimación
1962-02,oro_plata,35,estimación
1962-03,oro_plata,35,estimación
1962-04,oro_plata,35,estimación
1962-05,oro_plata,35,estimación
1962-06,oro_plata,35,estimación
1962-07,oro_plata,35,estimación
1962-08,oro_plata,31.81818182,estimación
1962-09,oro_plata,29.16666667,estimación
1962-10,oro_plata,29.16666667,estimación
1962-11,oro_plata,29.16666667,estimación
1962-12,oro_plata,29.16666667,estimación
1963-01,oro_plata,29.16666667,estimación
1963-02,oro_plata,26.92307692,estimación
1963-03,oro_plata,26.92307692,estimación
1963-04,oro_plata,26.92307692,estimación
1963-05,oro_plata,26.92307692,estimación
1963-06,oro_plata,26.92307692,estimación
1963-07,oro_plata,26.92307692,estimación
1963-08,oro_plata,26.92307692,estimación
1963-09,oro_plata,26.92307692,estimación
1963-10,oro_plata,26.92307692,estimación
1963-11,oro_plata,26.92307692,estimación
1963-12,oro_plata,26.92307692,estimación
1964-01,oro_plata,26.92307692,estimación
1964-02,oro_plata,26.92307692,estimación
1964-03,oro_plata,26.92307692,estimación
1964-04,oro_plata,26.92307692,estimación
1964-05,oro_plata,26.92307692,estimación
1964-06,oro_plata,26.92307692,estimación
1964-07,oro_plata,26.92307692,estimación
1964-08,oro_plata,26.92307692,estimación
1964-09,oro_plata,26.92307692,estimación
1964-10,oro_plata,26.92307692,estimación
1964-11,oro_plata,26.92307692,estimación
1964-12,oro_plata,26.92307692,estimación
1965-01,oro_plata,26.92307692,estimación
1965-02,oro_plata,26.92307692,estimación
1965-03,oro_plata,26.92307692,estimación
1965-04,oro_plata,26.92307692,estimación
1965-05,oro_plata,26.92307692,estimación
1965-06,oro_plata,26.92307692,estimación
1965-07,oro_plata,26.92307692,estimación
1965-08,oro_plata,26.92307692,estimación
1965-09,oro_plata,26.92307692,estimación
1965-10,oro_plata,26.92307692,estimación
1965-11,oro_plata,26.92307692,estimación
1965-12,oro_plata,26.92307692,estimación
1966-01,oro_plata,26.92307692,estimación
1966-02,oro_plata,26.92307692,estimación
1966-03,oro_plata,26.92307692,estimación
1966-04,oro_plata,26.92307692,estimación
1966-05,oro_plata,26.92307692,estimación
1966-06,oro_plata,26.92307692,estimación
1966-07,oro_plata,26.92307692,estimación
1966-08,oro_plata,26.92307692,estimación
1966-09,oro_plata,26.92307692,estimación
1966-10,oro_plata,26.92307692,estimación
1966-11,oro_plata,26.92307692,estimación
1966-12,oro_plata,26.92307692,estimación
1967-01,oro_plata,26.92307692,estimación
1967-02,oro_plata,26.92307692,estimación
1967-03,oro_plata,26.92307692,estimación
1967-04,oro_plata,26.92307692,estimación
1967-05,oro_plata,26.92307692,estimación
1967-06,oro_plata,26.92307692,estimación
1967-07,oro_plata,21.875,estimación
1967-08,oro_plata,20.58823529,estimación
1967-09,oro_plata,20.58823529,estimación
1967-10,oro_plata,19.44444444,estimación
1967-11,oro_plata,17.5,estimación
1967-12,oro_plata,16.66666667,estimación
1968-01,oro_plata,18,estimación
1968-02,oro_plata,18.94736842,estimación
1968-03,oro_plata,16.81818182,estimación
1968-04,oro_plata,17.27272727,estimación
1968-05,oro_plata,17.08333333,estimación
1968-06,oro_plata,16.4,estimación
1968-07,oro_plata,16.95652174,estimación
1968-08,oro_plata,17.72727273,estimación
1968-09,oro_plata,18.18181818,estimación
1968-10,oro_plata,19.5,estimación
1968-11,oro_plata,20,estimación
1968-12,oro_plata,20.5,estimación
1969-01,oro_plata,21,estimación
1969-02,oro_plata,23.88888889,estimación
1969-03,oro_plata,23.88888889,estimación
1969-04,oro_plata,23.88888889,estimación
1969-05,oro_plata,23.88888889,estimación
1969-06,oro_plata,25.625,estimación
1969-07,oro_plata,26.25,estimación
1969-08,oro_plata,24.11764706,estimación
1969-09,oro_plata,22.77777778,estimación
1969-10,oro_plata,21.05263158,estimación
1969-11,oro_plata,19.47368421,estimación
1969-12,oro_plata,19.44444444,estimación
1970-01,oro_plata,18.42105263,estimación
1970-02,oro_plata,18.42105263,estimación
1970-03,oro_plata,18.42105263,estimación
1970-04,oro_plata,18.94736842,estimación
1970-05,oro_plata,21.17647059,estimación
1970-06,oro_plata,21.875,estimación
1970-07,oro_plata,20.58823529,estimación
1970-08,oro_plata,19.44444444,estimación
1970-09,oro_plata,20,estimación
1970-10,oro_plata,22.35294118,estimación
1970-11,oro_plata,20.55555556,estimación
1970-12,oro_plata,23.125,estimación
1971-01,oro_plata,23.75,estimación
1971-02,oro_plata,24.375,estimación
1971-03,oro_plata,22.94117647,estimación
1971-04,oro_plata,22.94117647,estimación
1971-05,oro_plata,24.11764706,estimación
1971-06,oro_plata,25,estimación
1971-07,oro_plata,25.625,estimación
1971-08,oro_plata,26.875,estimación
1971-09,oro_plata,30,estimación
1971-10,oro_plata,33.07692308,estimación
1971-11,oro_plata,33.07692308,estimación
1971-12,oro_plata,30.71428571,estimación
1972-01,oro_plata,30.66666667,estimación
1972-02,oro_plata,32,estimación
1972-03,oro_plata,32,estimación
1972-04,oro_plata,30.625,estimación
1972-05,oro_plata,34.375,estimación
1972-06,oro_plata,38.75,estimación
1972-07,oro_plata,38.82352941,estimación
1972-08,oro_plata,37.22222222,estimación
1972-09,oro_plata,36.11111111,estimación
1972-10,oro_plata,36.11111111,estimación
1972-11,oro_plata,35,estimación
1972-12,oro_plata,32,estimación
1973-01,oro_plata,32.5,estimación
1973-02,oro_plata,33.63636364,estimación
1973-03,oro_plata,36.52173913,estimación
1973-04,oro_plata,41.36363636,estimación
1973-05,oro_plata,42.5,estimación
1973-06,oro_plata,46.15384615,estimación
1973-07,oro_plata,44.44444444,estimación
1973-08,oro_plata,41.15384615,estimación
1973-09,oro_plata,38.14814815,estimación
1973-10,oro_plata,34.48275862,estimación
1973-11,oro_plata,32.75862069,estimación
1973-12,oro_plata,34.51612903,estimación
1974-01,oro_plata,35.83333333,estimación
1974-02,oro_plata,27.77777778,estimación
1974-03,oro_plata,31.69811321,estimación
1974-04,oro_plata,34.4,estimación
1974-05,oro_plata,30.18518519,estimación
1974-06,oro_plata,31.42857143,estimación
1974-07,oro_plata,32.5,estimación
1974-08,oro_plata,35.22727273,estimación
1974-09,oro_plata,38,estimación
1974-10,oro_plata,33.125,estimación
1974-11,oro_plata,38.72340426,estimación
1974-12,oro_plata,41.81818182,estimación
1975-01,oro_plata,41.9047619,estimación
1975-02,oro_plata,40.90909091,estimación
1975-03,oro_plata,41.39534884,estimación
1975-04,oro_plata,40.47619048,estimación
1975-05,oro_plata,37.11111111,estimación
1975-06,oro_plata,36.44444444,estimación
1975-07,oro_plata,35.10638298,estimación
1975-08,oro_plata,33.26530612,estimación
1975-09,oro_plata,32,estimación
1975-10,oro_plata,33.25581395,estimación
1975-11,oro_plata,33.02325581,estimación
1975-12,oro_plata,33.90243902,estimación
1976-01,oro_plata,31.95121951,estimación
1976-02,oro_plata,31.95121951,estimación
1976-03,oro_plata,31.66666667,estimación
1976-04,oro_plata,29.09090909,estimación
1976-05,oro_plata,28.22222222,estimación
1976-06,oro_plata,26.25,estimación
1976-07,oro_plata,24.58333333,estimación
1976-08,oro_plata,25.58139535,estimación
1976-09,oro_plata,26.51162791,estimación
1976-10,oro_plata,27.61904762,estimación
1976-11,oro_plata,29.54545455,estimación
1976-12,oro_plata,30.45454545,estimación
1977-01,oro_plata,30,estimación
1977-02,oro_plata,30.22222222,estimación
1977-03,oro_plata,30.20408163,estimación
1977-04,oro_plata,31.04166667,estimación
1977-05,oro_plata,31.27659574,estimación
1977-06,oro_plata,31.33333333,estimación
1977-07,oro_plata,31.77777778,estimación
1977-08,oro_plata,32.22222222,estimación
1977-09,oro_plata,33.33333333,estimación
1977-10,oro_plata,33.125,estimación
1977-11,oro_plata,33.75,estimación
1977-12,oro_plata,34.04255319,estimación
1978-01,oro_plata,35.30612245,estimación
1978-02,oro_plata,35.6,estimación
1978-03,oro_plata,34.71698113,estimación
1978-04,oro_plata,33.65384615,estimación
1978-05,oro_plata,34.50980392,estimación
1978-06,oro_plata,34.71698113,estimación
1978-07,oro_plata,35,estimación
1978-08,oro_plata,37.45454545,estimación
1978-09,oro_plata,37.85714286,estimación
1978-10,oro_plata,38.47457627,estimación
1978-11,oro_plata,34.91525424,estimación
1978-12,oro_plata,35.25423729,estimación
1979-01,oro_plata,36.61290323,estimación
1979-02,oro_plata,33.69863014,estimación
1979-03,oro_plata,32.7027027,estimación
1979-04,oro_plata,32.2972973,estimación
1979-05,oro_plata,30.71428571,estimación
1979-06,oro_plata,32.44186047,estimación
1979-07,oro_plata,32.41758242,estimación
1979-08,oro_plata,32.3655914,estimación
1979-09,oro_plata,25.72463768,estimación
1979-10,oro_plata,23.61445783,estimación
1979-11,oro_plata,23.47305389,estimación
1979-12,oro_plata,20.22222222,estimación
1980-01,oro_plata,17.35218509,estimación
1980-02,oro_plata,18.89204545,estimación
1980-03,oro_plata,22.4291498,estimación
1980-04,oro_plata,34.69798658,estimación
1980-05,oro_plata,40.47244094,estimación
1980-06,oro_plata,38.03797468,estimación
1980-07,oro_plata,39.44785276,estimación
1980-08,oro_plata,39.43396226,estimación
1980-09,oro_plata,33.86934673,estimación
1980-10,oro_plata,32.72277228,estimación
1980-11,oro_plata,33.60215054,estimación
1980-12,oro_plata,32.60606061,estimación
1981-01,oro_plata,37.63513514,estimación
1981-02,oro_plata,38.16793893,estimación
1981-03,oro_plata,40.56910569,estimación
1981-04,oro_plata,43.13043478,estimación
1981-05,oro_plata,44.03669725,estimación
1981-06,oro_plata,46.1,estimación
1981-07,oro_plata,47.55813953,estimación
1981-08,oro_plata,46.06741573,estimación
1981-09,oro_plata,43.96039604,estimación
1981-10,oro_plata,47.60869565,estimación
1981-11,oro_plata,48.58823529,estimación
1981-12,oro_plata,48.80952381,estimación
1982-01,oro_plata,48,estimación
1982-02,oro_plata,45.06024096,estimación
1982-03,oro_plata,45.83333333,estimación
1982-04,oro_plata,47.94520548,estimación
1982-05,oro_plata,49.85074627,estimación
1982-06,oro_plata,56.25,estimación
1982-07,oro_plata,52.15384615,estimación
1982-08,oro_plata,51.26760563,estimación
1982-09,oro_plata,49.65909091,estimación
1982-10,oro_plata,44.89361702,estimación
1982-11,oro_plata,42.34693878,estimación
1982-12,oro_plata,41.98113208,estimación
1983-01,oro_plata,39.10569106,estimación
1983-02,oro_plata,35.07142857,estimación
1983-03,oro_plata,39.62264151,estimación
1983-04,oro_plata,37.32758621,estimación
1983-05,oro_plata,33.95348837,estimación
1983-06,oro_plata,35.2991453,estimación
1983-07,oro_plata,33.58333333,estimación
1983-08,oro_plata,34.38016529,estimación
1983-09,oro_plata,34.33333333,estimación
1983-10,oro_plata,39.7979798,estimación
1983-11,oro_plata,43.40909091,estimación
1983-12,oro_plata,42.63736264,estimación
1984-01,oro_plata,44.69879518,estimación
1984-02,oro_plata,42.41758242,estimación
1984-03,oro_plata,41.04166667,estimación
1984-04,oro_plata,41.41304348,estimación
1984-05,oro_plata,41.88888889,estimación
1984-06,oro_plata,42.95454545,estimación
1984-07,oro_plata,46.4,estimación
1984-08,oro_plata,45.78947368,estimación
1984-09,oro_plata,46.57534247,estimación
1984-10,oro_plata,46.71232877,estimación
1984-11,oro_plata,45.6,estimación
1984-12,oro_plata,48.48484848,estimación
1985-01,oro_plata,49.67213115,estimación
1985-02,oro_plata,49.01639344,estimación
1985-03,oro_plata,52.33333333,estimación
1985-04,oro_plata,51.09375,estimación
1985-05,oro_plata,50.15873016,estimación
1985-06,oro_plata,51.12903226,estimación
1985-07,oro_plata,52.83333333,estimación
1985-08,oro_plata,53.22580645,estimación
1985-09,oro_plata,52.95081967,estimación
1985-10,oro_plata,52.58064516,estimación
1985-11,oro_plata,52.78688525,estimación
1985-12,oro_plata,54.57627119,estimación
1986-01,oro_plata,57.83333333,estimación
1986-02,oro_plata,57.45762712,estimación
1986-03,oro_plata,61.78571429,estimación
1986-04,oro_plata,65.38461538,estimación
1986-05,oro_plata,67.05882353,estimación
1986-06,oro_plata,67.25490196,estimación
1986-07,oro_plata,69.6,estimación
1986-08,oro_plata,72.5,estimación
1986-09,oro_plata,74.64285714,estimación
1986-10,oro_plata,75.71428571,estimación
1986-11,oro_plata,71.07142857,estimación
1986-12,oro_plata,72.40740741,estimación
1987-01,oro_plata,74.18181818,estimación
1987-02,oro_plata,72.90909091,estimación
1987-03,oro_plata,71.75438596,estimación
1987-04,oro_plata,60,estimación
1987-05,oro_plata,54.11764706,estimación
1987-06,oro_plata,60.81081081,estimación
1987-07,oro_plata,59.34210526,estimación
1987-08,oro_plata,59.1025641,estimación
1987-09,oro_plata,60.52631579,estimación
1987-10,oro_plata,61.18421053,estimación
1987-11,oro_plata,68.82352941,estimación
1987-12,oro_plata,71.47058824,estimación
1988-01,oro_plata,71.19402985,estimación
1988-02,oro_plata,70.15873016,estimación
1988-03,oro_plata,69.375,estimación
1988-04,oro_plata,69.53846154,estimación
1988-05,oro_plata,69.38461538,estimación
1988-06,oro_plata,64.42857143,estimación
1988-07,oro_plata,62.57142857,estimación
1988-08,oro_plata,64.32835821,estimación
1988-09,oro_plata,64.53125,estimación
1988-10,oro_plata,64.6031746,estimación
1988-11,oro_plata,66.66666667,estimación
1988-12,oro_plata,68.68852459,estimación
1989-01,oro_plata,67.33333333,estimación
1989-02,oro_plata,65.76271186,estimación
1989-03,oro_plata,65,estimación
1989-04,oro_plata,66.20689655,estimación
1989-05,oro_plata,67.45454545,estimación
1989-06,oro_plata,69.43396226,estimación
1989-07,oro_plata,72.11538462,estimación
1989-08,oro_plata,70.19230769,estimación
1989-09,oro_plata,70.98039216,estimación
1989-10,oro_plata,71.96078431,estimación
1989-11,oro_plata,71.63636364,estimación
1989-12,oro_plata,73.03571429,estimación
1990-01,oro_plata,78.84615385,estimación
1990-02,oro_plata,78.67924528,estimación
1990-03,oro_plata,77.05882353,estimación
1990-04,oro_plata,73.33333333,estimación
1990-05,oro_plata,72.35294118,estimación
1990-06,oro_plata,71.83673469,estimación
1990-07,oro_plata,74.08163265,estimación
1990-08,oro_plata,79,estimación
1990-09,oro_plata,81.04166667,estimación
1990-10,oro_plata,86.59090909,estimación
1990-11,oro_plata,90.95238095,estimación
1990-12,oro_plata,91.95121951,estimación
1991-01,oro_plata,93.65853659,estimación
1991-02,oro_plata,98.37837838,estimación
1991-03,oro_plata,93.07692308,estimación
1991-04,oro_plata,89.5,estimación
1991-05,oro_plata,89.25,estimación
1991-06,oro_plata,83.40909091,estimación
1991-07,oro_plata,85.58139535,estimación
1991-08,oro_plata,89,estimación
1991-09,oro_plata,87.25,estimación
1991-10,oro_plata,87.56097561,estimación
1991-11,oro_plata,87.80487805,estimación
1991-12,oro_plata,92.82051282,estimación
1992-01,oro_plata,86.34146341,estimación
1992-02,oro_plata,86.34146341,estimación
1992-03,oro_plata,83.90243902,estimación
1992-04,oro_plata,82.68292683,estimación
1992-05,oro_plata,82.19512195,estimación
1992-06,oro_plata,83.17073171,estimación
1992-07,oro_plata,88.25,estimación
1992-08,oro_plata,90.26315789,estimación
1992-09,oro_plata,90.78947368,estimación
1992-10,oro_plata,90.52631579,estimación
1992-11,oro_plata,88.15789474,estimación
1992-12,oro_plata,90.54054054,estimación
1993-01,oro_plata,88.91891892,estimación
1993-02,oro_plata,88.91891892,estimación
1993-03,oro_plata,91.66666667,estimación
1993-04,oro_plata,85.5,estimación
1993-05,oro_plata,81.55555556,estimación
1993-06,oro_plata,84.54545455,estimación
1993-07,oro_plata,78.4,estimación
1993-08,oro_plata,78.95833333,estimación
1993-09,oro_plata,84.52380952,estimación
1993-10,oro_plata,84.65116279,estimación
1993-11,oro_plata,83.11111111,estimación
1993-12,oro_plata,76.6,estimación
1994-01,oro_plata,75.88235294,estimación
1994-02,oro_plata,73.46153846,estimación
1994-03,oro_plata,71.11111111,estimación
1994-04,oro_plata,69.81481481,estimación
1994-05,oro_plata,70.55555556,estimación
1994-06,oro_plata,71.48148148,estimación
1994-07,oro_plata,72.64150943,estimación
1994-08,oro_plata,73.07692308,estimación
1994-09,oro_plata,71.27272727,estimación
1994-10,oro_plata,70.90909091,estimación
1994-11,oro_plata,73.84615385,estimación
1994-12,oro_plata,78.95833333,estimación
1995-01,oro_plata,78.95833333,estimación
1995-02,oro_plata,80.21276596,estimación
1995-03,oro_plata,83.04347826,estimación
1995-04,oro_plata,71.09090909,estimación
1995-05,oro_plata,68.75,estimación
1995-06,oro_plata,71.85185185,estimación
1995-07,oro_plata,74.23076923,estimación
1995-08,oro_plata,71.11111111,estimación
1995-09,oro_plata,70.92592593,estimación
1995-10,oro_plata,70.92592593,estimación
1995-11,oro_plata,72.64150943,estimación
1995-12,oro_plata,74.42307692,estimación
1996-01,oro_plata,72.54545455,estimación
1996-02,oro_plata,71.05263158,estimación
1996-03,oro_plata,72,estimación
1996-04,oro_plata,72.77777778,estimación
1996-05,oro_plata,72.59259259,estimación
1996-06,oro_plata,74.03846154,estimación
1996-07,oro_plata,75.09803922,estimación
1996-08,oro_plata,75.88235294,estimación
1996-09,oro_plata,76.6,estimación
1996-10,oro_plata,77.75510204,estimación
1996-11,oro_plata,78.75,estimación
1996-12,oro_plata,76.875,estimación
1997-01,oro_plata,73.95833333,estimación
1997-02,oro_plata,68.03921569,estimación
1997-03,oro_plata,67.69230769,estimación
1997-04,oro_plata,71.66666667,estimación
1997-05,oro_plata,73.19148936,estimación
1997-06,oro_plata,71.04166667,estimación
1997-07,oro_plata,73.63636364,estimación
1997-08,oro_plata,72,estimación
1997-09,oro_plata,68.72340426,estimación
1997-10,oro_plata,65,estimación
1997-11,oro_plata,60,estimación
1997-12,oro_plata,49.82758621,estimación
1998-01,oro_plata,48.98305085,estimación
1998-02,oro_plata,43.67647059,estimación
1998-03,oro_plata,47.74193548,estimación
1998-04,oro_plata,48.88888889,estimación
1998-05,oro_plata,53.39285714,estimación
1998-06,oro_plata,55.09433962,estimación
1998-07,oro_plata,53.27272727,estimación
1998-08,oro_plata,54.61538462,estimación
1998-09,oro_plata,57.8,estimación
1998-10,oro_plata,59.2,estimación
1998-11,oro_plata,58.8,estimación
1998-12,oro_plata,59.59183673,estimación
1999-01,oro_plata,56.2745098,estimación
1999-02,oro_plata,52.18181818,estimación
1999-03,oro_plata,55,estimación
1999-04,oro_plata,55.49019608,estimación
1999-05,oro_plata,52.0754717,estimación
1999-06,oro_plata,52.2,estimación
1999-07,oro_plata,49.23076923,estimación
1999-08,oro_plata,48.49056604,estimación
1999-09,oro_plata,50.96153846,estimación
1999-10,oro_plata,57.59259259,estimación
1999-11,oro_plata,56.34615385,estimación
1999-12,oro_plata,54.42307692,estimación
2000-01,oro_plata,54.61538462,estimación
2000-02,oro_plata,57.69230769,estimación
2000-03,oro_plata,56.07843137,estimación
2000-04,oro_plata,54.90196078,estimación
2000-05,oro_plata,55,estimación
2000-06,oro_plata,57.2,estimación
2000-07,oro_plata,56.4,estimación
2000-08,oro_plata,55.91836735,estimación
2000-09,oro_plata,55.91836735,estimación
2000-10,oro_plata,56.25,estimación
2000-11,oro_plata,56.59574468,estimación
2000-12,oro_plata,58.91304348,estimación
2001-01,oro_plata,56.38297872,estimación
2001-02,oro_plata,56.95652174,estimación
2001-03,oro_plata,59.77272727,estimación
2001-04,oro_plata,59.09090909,estimación
2001-05,oro_plata,61.81818182,estimación
2001-06,oro_plata,61.36363636,estimación
2001-07,oro_plata,62.3255814,estimación
2001-08,oro_plata,64.76190476,estimación
2001-09,oro_plata,64.31818182,estimación
2001-10,oro_plata,64.31818182,estimación
2001-11,oro_plata,67.31707317,estimación
2001-12,oro_plata,62.72727273,estimación
2002-01,oro_plata,62.66666667,estimación
2002-02,oro_plata,67.27272727,estimación
2002-03,oro_plata,65.33333333,estimación
2002-04,oro_plata,65.86956522,estimación
2002-05,oro_plata,66.80851064,estimación
2002-06,oro_plata,65.51020408,estimación
2002-07,oro_plata,63.87755102,estimación
2002-08,oro_plata,68.88888889,estimación
2002-09,oro_plata,69.34782609,estimación
2002-10,oro_plata,72.04545455,estimación
2002-11,oro_plata,70.88888889,estimación
2002-12,oro_plata,72.17391304,estimación
2003-01,oro_plata,74.375,estimación
2003-02,oro_plata,76.38297872,estimación
2003-03,oro_plata,75.77777778,estimación
2003-04,oro_plata,72.88888889,estimación
2003-05,oro_plata,75.74468085,estimación
2003-06,oro_plata,79.11111111,estimación
2003-07,oro_plata,73.125,estimación
2003-08,oro_plata,72,estimación
2003-09,oro_plata,72.88461538,estimación
2003-10,oro_plata,75.8,estimación
2003-11,oro_plata,75,estimación
2003-12,oro_plata,72.67857143,estimación
2004-01,oro_plata,65.71428571,estimación
2004-02,oro_plata,63.28125,estimación
2004-03,oro_plata,56.52777778,estimación
2004-04,oro_plata,56.76056338,estimación
2004-05,oro_plata,65.08474576,estimación
2004-06,oro_plata,66.44067797,estimación
2004-07,oro_plata,63.17460317,estimación
2004-08,oro_plata,59.85074627,estimación
2004-09,oro_plata,63.28125,estimación
2004-10,oro_plata,59.15492958,estimación
2004-11,oro_plata,58.53333333,estimación
2004-12,oro_plata,62.25352113,estimación
2005-01,oro_plata,64.24242424,estimación
2005-02,oro_plata,60.42857143,estimación
2005-03,oro_plata,60.27777778,estimación
2005-04,oro_plata,60.42253521,estimación
2005-05,oro_plata,60.28571429,estimación
2005-06,oro_plata,59.04109589,estimación
2005-07,oro_plata,60.57142857,estimación
2005-08,oro_plata,62.57142857,estimación
2005-09,oro_plata,63.33333333,estimación
2005-10,oro_plata,61.03896104,estimación
2005-11,oro_plata,60.37974684,estimación
2005-12,oro_plata,59.30232558,estimación
2006-01,oro_plata,60.43956044,estimación
2006-02,oro_plata,58.42105263,estimación
2006-03,oro_plata,53.55769231,estimación
2006-04,oro_plata,48.49206349,estimación
2006-05,oro_plata,50.37313433,estimación
2006-06,oro_plata,55.18518519,estimación
2006-07,oro_plata,56.60714286,estimación
2006-08,oro_plata,51.8852459,estimación
2006-09,oro_plata,51.11111111,estimación
2006-10,oro_plata,50.51724138,estimación
2006-11,oro_plata,48.68217054,estimación
2006-12,oro_plata,47.36842105,estimación
2007-01,oro_plata,49.296875,estimación
2007-02,oro_plata,47.84172662,estimación
2007-03,oro_plata,49.62121212,estimación
2007-04,oro_plata,49.5620438,estimación
2007-05,oro_plata,50.91603053,estimación
2007-06,oro_plata,50.07633588,estimación
2007-07,oro_plata,51.5503876,estimación
2007-08,oro_plata,54.06504065,estimación
2007-09,oro_plata,55.703125,estimación
2007-10,oro_plata,55.10948905,estimación
2007-11,oro_plata,54.82993197,estimación
2007-12,oro_plata,56.15384615,estimación
2008-01,oro_plata,55.97484277,estimación
2008-02,oro_plata,52.38636364,estimación
2008-03,oro_plata,50.15544041,estimación
2008-04,oro_plata,52,estimación
2008-05,oro_plata,51.98830409,estimación
2008-06,oro_plata,52.29411765,estimación
2008-07,oro_plata,52.22222222,estimación
2008-08,oro_plata,57.46575342,estimación
2008-09,oro_plata,66.93548387,estimación
2008-10,oro_plata,77.59615385,estimación
2008-11,oro_plata,76.86868687,estimación
2008-12,oro_plata,79.22330097,estimación
2009-01,oro_plata,76.01769912,estimación
2009-02,oro_plata,70.37313433,estimación
2009-03,oro_plata,70.53435115,estimación
2009-04,oro_plata,71.2,estimación
2009-05,oro_plata,66.35714286,estimación
2009-06,oro_plata,64.3537415,estimación
2009-07,oro_plata,69.70149254,estimación
2009-08,oro_plata,65.90277778,estimación
2009-09,oro_plata,60.79268293,estimación
2009-10,oro_plata,60.63953488,estimación
2009-11,oro_plata,63.31460674,estimación
2009-12,oro_plata,64.48863636,estimación
2010-01,oro_plata,63.16384181,estimación
2010-02,oro_plata,68.86792453,estimación
2010-03,oro_plata,65.0877193,estimación
2010-04,oro_plata,63.48066298,estimación
2010-05,oro_plata,65.48913043,estimación
2010-06,oro_plata,66.64864865,estimación
2010-07,oro_plata,66.27777778,estimación
2010-08,oro_plata,66.08695652,estimación
2010-09,oro_plata,62,estimación
2010-10,oro_plata,57.35042735,estimación
2010-11,oro_plata,51.69811321,estimación
2010-12,oro_plata,47.47440273,estimación
2011-01,oro_plata,47.71929825,estimación
2011-02,oro_plata,44.64285714,estimación
2011-03,oro_plata,39.74860335,estimación
2011-04,oro_plata,34.68384075,estimación
2011-05,oro_plata,40.56300268,estimación
2011-06,oro_plata,42.70949721,estimación
2011-07,oro_plata,41.50395778,estimación
2011-08,oro_plata,43.64764268,estimación
2011-09,oro_plata,46.38743455,estimación
2011-10,oro_plata,52.0625,estimación
2011-11,oro_plata,52.53776435,estimación
2011-12,oro_plata,54.12541254,estimación
2012-01,oro_plata,53.8762215,estimación
2012-02,oro_plata,51.17302053,estimación
2012-03,oro_plata,50.78787879,estimación
2012-04,oro_plata,52.34920635,estimación
2012-05,oro_plata,55.36585366,estimación
2012-06,oro_plata,57.10714286,estimación
2012-07,oro_plata,58.17518248,estimación
2012-08,oro_plata,56.59722222,estimación
2012-09,oro_plata,51.93452381,estimación
2012-10,oro_plata,52.62048193,estimación
2012-11,oro_plata,52.5,estimación
2012-12,oro_plata,52.82131661,estimación
2013-01,btc_oro,0.009340921798,dato
2013-01,oro_plata,53.76205788,estimación
2013-02,btc_oro,0.01602792205,dato
2013-02,oro_plata,53.72937294,estimación
2013-03,btc_oro,0.03619851449,dato
2013-03,oro_plata,55.3125,estimación
2013-04,btc_oro,0.08636257204,dato
2013-04,oro_plata,58.58267717,estimación
2013-05,btc_oro,0.08318377217,dato
2013-05,oro_plata,61.47826087,estimación
2013-06,btc_oro,0.07809428148,dato
2013-06,oro_plata,63.6492891,estimación
2013-07,btc_oro,0.06658652183,dato
2013-07,oro_plata,65.27918782,estimación
2013-08,btc_oro,0.07673604321,dato
2013-08,oro_plata,61.73515982,estimación
2013-09,btc_oro,0.09239928112,dato
2013-09,oro_plata,59.69026549,estimación
2013-10,btc_oro,0.1170562243,dato
2013-10,oro_plata,60.1369863,estimación
2013-11,btc_oro,0.4281640548,dato
2013-11,oro_plata,61.34615385,estimación
2013-12,btc_oro,0.6468394547,dato
2013-12,oro_plata,62.03045685,estimación
2014-01,btc_oro,0.6581587124,dato
2014-01,oro_plata,62.51256281,estimación
2014-02,btc_oro,0.5075174193,dato
2014-02,oro_plata,62.5,estimación
2014-03,btc_oro,0.4444878421,dato
2014-03,oro_plata,64.5410628,estimación
2014-04,btc_oro,0.3569150571,dato
2014-04,oro_plata,65.88832487,estimación
2014-05,btc_oro,0.3788627681,dato
2014-05,oro_plata,66.78756477,estimación
2014-06,btc_oro,0.4809868579,dato
2014-06,oro_plata,64.27135678,estimación
2014-07,btc_oro,0.4714204571,dato
2014-07,oro_plata,62.72727273,estimación
2014-08,btc_oro,0.4140914693,dato
2014-08,oro_plata,65.73604061,estimación
2014-09,btc_oro,0.358856585,dato
2014-09,oro_plata,67.22826087,estimación
2014-10,btc_oro,0.2970509245,dato
2014-10,oro_plata,71.04651163,estimación
2014-11,btc_oro,0.3114220933,dato
2014-11,oro_plata,73.4375,estimación
2014-12,btc_oro,0.2847484612,dato
2014-12,oro_plata,73.6809816,estimación
2015-01,btc_oro,0.1996493853,dato
2015-01,oro_plata,72.73255814,estimación
2015-02,btc_oro,0.1913931266,dato
2015-02,oro_plata,73.03571429,estimación
2015-03,btc_oro,0.2287819604,dato
2015-03,oro_plata,72.77777778,estimación
2015-04,btc_oro,0.1965922325,dato
2015-04,oro_plata,73.55828221,estimación
2015-05,btc_oro,0.1976875621,dato
2015-05,oro_plata,71.36904762,estimación
2015-06,btc_oro,0.2013611181,dato
2015-06,oro_plata,73.41614907,estimación
2015-07,btc_oro,0.2482285419,dato
2015-07,oro_plata,74.70198675,estimación
2015-08,btc_oro,0.2249037072,dato
2015-08,oro_plata,75.03355705,estimación
2015-09,btc_oro,0.2080642739,dato
2015-09,oro_plata,76.01351351,estimación
2015-10,btc_oro,0.2294161297,dato
2015-10,oro_plata,73.35443038,estimación
2015-11,btc_oro,0.3212328876,dato
2015-11,oro_plata,74.89655172,estimación
2015-12,btc_oro,0.3944253459,dato
2015-12,oro_plata,76.31205674,estimación
2016-01,btc_oro,0.3743523434,dato
2016-01,oro_plata,77.87234043,estimación
2016-02,btc_oro,0.3361479092,dato
2016-02,oro_plata,78.94736842,estimación
2016-03,btc_oro,0.3332188125,dato
2016-03,oro_plata,80.32258065,estimación
2016-04,btc_oro,0.350553981,dato
2016-04,oro_plata,75.73170732,estimación
2016-05,btc_oro,0.3671323272,dato
2016-05,oro_plata,74.61538462,estimación
2016-06,btc_oro,0.5040044574,dato
2016-06,oro_plata,73.75722543,estimación
2016-07,btc_oro,0.4956049685,dato
2016-07,oro_plata,66.85,estimación
2016-08,btc_oro,0.4322006025,dato
2016-08,oro_plata,68.36734694,estimación
2016-09,btc_oro,0.4568805029,dato
2016-09,oro_plata,68.40206186,estimación
2016-10,btc_oro,0.5072361372,dato
2016-10,oro_plata,71.5819209,estimación
2016-11,btc_oro,0.5859114517,dato
2016-11,oro_plata,71.14942529,estimación
2016-12,btc_oro,0.7133663678,dato
2016-12,oro_plata,70.54878049,estimación
2017-01,btc_oro,0.7657637206,dato
2017-01,oro_plata,70.53254438,estimación
2017-02,btc_oro,0.8643130057,dato
2017-02,oro_plata,68.93854749,estimación
2017-03,btc_oro,0.9172188835,dato
2017-03,oro_plata,69.94318182,estimación
2017-04,btc_oro,0.962982928,dato
2017-04,oro_plata,70.38888889,estimación
2017-05,btc_oro,1.515048463,dato
2017-05,oro_plata,74.61077844,estimación
2017-06,btc_oro,2.07635162,dato
2017-06,oro_plata,74.55621302,estimación
2017-07,btc_oro,2.028456964,dato
2017-07,oro_plata,76.35802469,estimación
2017-08,btc_oro,3.019947616,dato
2017-08,oro_plata,75.47058824,estimación
2017-09,btc_oro,3.122055224,dato
2017-09,oro_plata,75.51724138,estimación
2017-10,btc_oro,4.178420013,dato
2017-10,oro_plata,75.73964497,estimación
2017-11,btc_oro,6.069447845,dato
2017-11,oro_plata,75.41176471,estimación
2017-12,btc_oro,12.02065267,dato
2017-12,oro_plata,78.02469136,estimación
2018-01,btc_oro,9.685244568,dato
2018-01,oro_plata,77.83625731,estimación
2018-02,btc_oro,7.059804396,dato
2018-02,oro_plata,80.18072289,estimación
2018-03,btc_oro,6.786450155,dato
2018-03,oro_plata,80.3030303,estimación
2018-04,btc_oro,6.006033162,dato
2018-04,oro_plata,80.42168675,estimación
2018-05,btc_oro,6.464503324,dato
2018-05,oro_plata,78.96969697,estimación
2018-06,btc_oro,5.280284254,dato
2018-06,oro_plata,77.6969697,estimación
2018-07,btc_oro,5.750146397,dato
2018-07,oro_plata,78.85350318,estimación
2018-08,btc_oro,5.55551657,dato
2018-08,oro_plata,80.13333333,estimación
2018-09,btc_oro,5.501001703,dato
2018-09,oro_plata,83.77622378,estimación
2018-10,btc_oro,5.279929409,dato
2018-10,oro_plata,83.21917808,estimación
2018-11,btc_oro,4.378185647,dato
2018-11,oro_plata,84.79166667,estimación
2018-12,btc_oro,2.93259267,dato
2018-12,oro_plata,84.45945946,estimación
2019-01,btc_oro,2.832223424,dato
2019-01,oro_plata,82.82051282,estimación
2019-02,btc_oro,2.772122069,dato
2019-02,oro_plata,83.5443038,estimación
2019-03,btc_oro,3.015693629,dato
2019-03,oro_plata,85.03267974,estimación
2019-04,btc_oro,4.001397399,dato
2019-04,oro_plata,85.16556291,estimación
2019-05,btc_oro,5.679844224,dato
2019-05,oro_plata,87.34693878,estimación
2019-06,btc_oro,6.911714541,dato
2019-06,oro_plata,90.6,estimación
2019-07,btc_oro,7.543966686,dato
2019-07,oro_plata,89.43037975,estimación
2019-08,btc_oro,7.085829398,dato
2019-08,oro_plata,87.20930233,estimación
2019-09,btc_oro,6.480753978,dato
2019-09,oro_plata,83.02197802,estimación
2019-10,btc_oro,5.610140353,dato
2019-10,oro_plata,84.94318182,estimación
2019-11,btc_oro,5.669400666,dato
2019-11,oro_plata,85.52325581,estimación
2019-12,btc_oro,4.899368797,dato
2019-12,oro_plata,86.49122807,estimación
2020-01,btc_oro,5.359215844,dato
2020-01,oro_plata,86.72222222,estimación
2020-02,btc_oro,6.040195877,dato
2020-02,oro_plata,89.21787709,estimación
2020-03,btc_oro,4.324772151,dato
2020-03,oro_plata,106.8456376,estimación
2020-04,btc_oro,4.292541714,dato
2020-04,oro_plata,111.4569536,estimación
2020-05,btc_oro,5.398990759,dato
2020-05,oro_plata,105.2760736,estimación
2020-06,btc_oro,5.472726652,dato
2020-06,oro_plata,97.85310734,estimación
2020-07,btc_oro,5.196142939,dato
2020-07,oro_plata,89.66019417,estimación
2020-08,btc_oro,5.915799874,dato
2020-08,oro_plata,72.92592593,estimación
2020-09,btc_oro,5.539642893,dato
2020-09,oro_plata,74.78599222,estimación
2020-10,btc_oro,6.260592953,dato
2020-10,oro_plata,78.51239669,estimación
2020-11,btc_oro,8.933883947,dato
2020-11,oro_plata,77.42738589,estimación
2020-12,btc_oro,11.83846807,dato
2020-12,oro_plata,74.32,estimación
2021-01,btc_oro,18.61427882,dato
2021-01,oro_plata,72.08494208,estimación
2021-02,btc_oro,25.61732411,dato
2021-02,oro_plata,66.22710623,estimación
2021-03,btc_oro,31.97525693,dato
2021-03,oro_plata,67.109375,estimación
2021-04,btc_oro,32.44628187,dato
2021-04,oro_plata,68.48249027,estimación
2021-05,btc_oro,25.13910829,dato
2021-05,oro_plata,67.27272727,estimación
2021-06,btc_oro,19.51597484,dato
2021-06,oro_plata,67.96296296,estimación
2021-07,btc_oro,19.03333849,dato
2021-07,oro_plata,70.35019455,estimación
2021-08,btc_oro,25.62854994,dato
2021-08,oro_plata,74.375,estimación
2021-09,btc_oro,25.87462611,dato
2021-09,oro_plata,76.50862069,estimación
2021-10,btc_oro,32.59170923,dato
2021-10,oro_plata,75.94017094,estimación
2021-11,btc_oro,33.30655909,dato
2021-11,oro_plata,75.2892562,estimación
2021-12,btc_oro,27.57371764,dato
2021-12,oro_plata,79.55555556,estimación
2022-01,btc_oro,22.63939959,dato
2022-01,oro_plata,78.27586207,estimación
2022-02,btc_oro,21.95927267,dato
2022-02,oro_plata,78.9787234,estimación
2022-03,btc_oro,21.54718835,dato
2022-03,oro_plata,76.99604743,estimación
2022-04,btc_oro,21.39459835,dato
2022-04,oro_plata,79.06122449,estimación
2022-05,btc_oro,17.1480729,dato
2022-05,oro_plata,84.42922374,estimación
2022-06,btc_oro,13.25671444,dato
2022-06,oro_plata,85.0462963,estimación
2022-07,btc_oro,12.43230265,dato
2022-07,oro_plata,90.73298429,estimación
2022-08,btc_oro,12.66992491,dato
2022-08,oro_plata,89.59390863,estimación
2022-09,btc_oro,11.77446156,dato
2022-09,oro_plata,88.94179894,estimación
2022-10,btc_oro,11.80752218,dato
2022-10,oro_plata,85.77319588,estimación
2022-11,btc_oro,10.19107635,dato
2022-11,oro_plata,82.14285714,estimación
2022-12,btc_oro,9.420001983,dato
2022-12,oro_plata,77.16738197,estimación
2023-01,btc_oro,10.66378597,dato
2023-01,oro_plata,80.08438819,estimación
2023-02,btc_oro,12.56247739,dato
2023-02,oro_plata,84.70319635,estimación
2023-03,btc_oro,13.13287104,dato
2023-03,oro_plata,86.95454545,estimación
2023-04,btc_oro,14.42779568,dato
2023-04,oro_plata,80,estimación
2023-05,btc_oro,13.81338629,dato
2023-05,oro_plata,81.97530864,estimación
2023-06,btc_oro,14.28764444,dato
2023-06,oro_plata,83.03418803,estimación
2023-07,btc_oro,15.40253489,dato
2023-07,oro_plata,80.28806584,estimación
2023-08,btc_oro,14.51024918,dato
2023-08,oro_plata,82.00854701,estimación
2023-09,btc_oro,13.72982071,dato
2023-09,oro_plata,82.94372294,estimación
2023-10,btc_oro,15.52655079,dato
2023-10,oro_plata,85.53571429,estimación
2023-11,btc_oro,18.44991466,dato
2023-11,oro_plata,84.42553191,estimación
2023-12,btc_oro,21.00099993,dato
2023-12,oro_plata,84.76987448,estimación
2024-01,btc_oro,21.09724232,dato
2024-01,oro_plata,88.8209607,estimación
2024-02,btc_oro,24.65294477,dato
2024-02,oro_plata,89.11894273,estimación
2024-03,btc_oro,31.37713287,dato
2024-03,oro_plata,88.08163265,estimación
2024-04,btc_oro,28.27764848,dato
2024-04,oro_plata,84.76363636,estimación
2024-05,btc_oro,27.75652741,dato
2024-05,oro_plata,79.96598639,estimación
2024-06,btc_oro,28.33329384,dato
2024-06,oro_plata,78.58108108,estimación
2024-07,btc_oro,26.2041878,dato
2024-07,oro_plata,80.46979866,estimación
2024-08,btc_oro,24.276521,dato
2024-08,oro_plata,86.66666667,estimación
2024-09,btc_oro,23.46865541,dato
2024-09,oro_plata,85.41528239,estimación
2024-10,btc_oro,24.38014241,dato
2024-10,oro_plata,83.02469136,estimación
2024-11,btc_oro,32.65526004,dato
2024-11,oro_plata,85.24115756,estimación
2024-12,btc_oro,37.10232494,dato
2024-12,oro_plata,85.97402597,estimación
2025-01,btc_oro,36.90346257,dato
2025-01,oro_plata,89.14473684,estimación
2025-02,btc_oro,32.90196805,dato
2025-02,oro_plata,89.9068323,estimación
2025-03,btc_oro,28.51636245,dato
2025-03,oro_plata,89.84939759,estimación
2025-04,btc_oro,26.86026997,dato
2025-04,oro_plata,99.9378882,estimación
2025-05,btc_oro,31.31744753,dato
2025-05,oro_plata,100.8841463,estimación
2025-06,btc_oro,31.55583043,dato
2025-06,oro_plata,93.13888889,estimación
2025-07,btc_oro,34.53699535,dato
2025-07,oro_plata,88.59416446,estimación
2025-08,btc_oro,34.09914996,dato
2025-08,oro_plata,88.16753927,estimación
2025-09,btc_oro,30.85357619,dato
2025-09,oro_plata,85.70093458,estimación
2025-10,btc_oro,28.12211066,dato
2025-10,oro_plata,82.14574899,estimación
2025-11,btc_oro,23.55811464,dato
2025-11,oro_plata,81.09126984,estimación
2025-12,btc_oro,20.63493131,dato
2025-12,oro_plata,69.16532905,estimación
2026-01,btc_oro,19.03592974,dato
2026-01,oro_plata,51.60694897,estimación
2026-02,btc_oro,13.71622548,dato
2026-02,oro_plata,61.29426129,estimación
2026-03,btc_oro,14.31889964,dato
2026-03,oro_plata,62.33632863,estimación
2026-04,btc_oro,15.61646596,dato
2026-04,oro_plata,62.2002635,estimación
2026-05,btc_oro,17.00144009,dato
2026-05,oro_plata,58.80769231,estimación
2026-06,btc_oro,14.89409065,dato
2026-06,oro_plata,63.38830585,estimación
2026-07,btc_oro,15.68073499,dato
2026-07,oro_plata,69.26870748,estimación
2026-08,btc_oro,15.74979849,dato
2026-08,oro_plata,67.44648318,estimación
2026-09,btc_oro,18.63234064,dato
2026-09,oro_plata,66.85758514,estimación
