serie,nombre,familia,publicada,estado,unidad,convencion,frecuencia_nativa,ajuste_estacional,emisor,fuente,identificador,url,licencia,atribucion,validacion,supuestos,quiebres,primer_mes,ultimo_mes,meses
m2_eeuu,M2 de EE.UU.,dinero,sí,dato,miles de millones de USD,promedio mensual de cifras diarias,mensual,ajustada por estacionalidad,Junta de Gobernadores del Sistema de la Reserva Federal,"Junta de la Reserva Federal, H.6 Money Stock Measures, historia completa en XML",M2.M,https://www.federalreserve.gov/releases/h6/data/FRB_h6_xml.zip,Dominio público (Junta de la Reserva Federal),"Board of Governors of the Federal Reserve System (US), H.6 Money Stock Measures. Dominio público; la Junta pide que se la cite como fuente. Los valores se publican sin cambios.","gate contra la Tabla 1 del H.6 en HTML, tolerancia ±0.05 miles de millones de USD: cerró en 17 meses",A-D0-1 A-D0-2 A-D0-3,,1959-01,2026-08,812
m2_eeuu_sin_ajustar,"M2 de EE.UU., sin ajustar",dinero,sí,dato,miles de millones de USD,promedio mensual de cifras diarias,mensual,sin ajustar,Junta de Gobernadores del Sistema de la Reserva Federal,"Junta de la Reserva Federal, H.6 Money Stock Measures, historia completa en XML",M2_N.M,https://www.federalreserve.gov/releases/h6/data/FRB_h6_xml.zip,Dominio público (Junta de la Reserva Federal),"Board of Governors of the Federal Reserve System (US), H.6 Money Stock Measures. Dominio público; la Junta pide que se la cite como fuente. Los valores se publican sin cambios.","gate contra la Tabla 1 del H.6 en HTML, tolerancia ±0.05 miles de millones de USD: cerró en 17 meses",A-D0-1 A-D0-2 A-D0-3,,1959-01,2026-08,812
m2_eurozona,M2 de la Eurozona,dinero,sí,dato,millones de EUR,saldo a fin de mes,mensual,ajustada por estacionalidad y días hábiles,BCE y bancos centrales nacionales del Eurosistema,"BCE, ECB Data Portal, conjunto BSI: M2 de la zona del euro, ajustada (copia bajada a mano)",BSI.M.U2.Y.V.M20.X.1.U2.2300.Z01.E,https://data-api.ecb.europa.eu/service/data/BSI/M.U2.Y.V.M20.X.1.U2.2300.Z01.E?format=csvdata,Gratuita con atribución (política de reutilización de las estadísticas del SEBC),"Source: ECB statistics (ECB Data Portal, BSI). Los valores se publican sin cambios; toda serie derivada se rotula como cálculo propio (A-D0-7).","gate contra el Banco de España (cuadros 1.12 y 1.10), tolerancia ±0.5 millones de EUR: cerró en 3 meses",A-D0-1 A-D0-4 A-D0-5 A-D0-7,2001-01: ampliación de la zona del euro: Grecia; 2007-01: ampliación de la zona del euro: Eslovenia; 2008-01: ampliación de la zona del euro: Chipre y Malta; 2009-01: ampliación de la zona del euro: Eslovaquia; 2011-01: ampliación de la zona del euro: Estonia; 2014-01: ampliación de la zona del euro: Letonia; 2015-01: ampliación de la zona del euro: Lituania; 2023-01: ampliación de la zona del euro: Croacia; 2026-01: ampliación de la zona del euro: Bulgaria,1980-01,2026-08,560
m2_eurozona_sin_ajustar,"M2 de la Eurozona, sin ajustar",dinero,sí,dato,millones de EUR,saldo a fin de mes,mensual,sin ajustar,BCE y bancos centrales nacionales del Eurosistema,"BCE, ECB Data Portal, conjunto BSI: M2 de la zona del euro, sin ajustar (copia bajada a mano)",BSI.M.U2.N.V.M20.X.1.U2.2300.Z01.E,https://data-api.ecb.europa.eu/service/data/BSI/M.U2.N.V.M20.X.1.U2.2300.Z01.E?format=csvdata,Gratuita con atribución (política de reutilización de las estadísticas del SEBC),"Source: ECB statistics (ECB Data Portal, BSI). Los valores se publican sin cambios; toda serie derivada se rotula como cálculo propio (A-D0-7).","gate contra el Banco de España (cuadros 1.12 y 1.10), tolerancia ±0.5 millones de EUR: cerró en 3 meses",A-D0-1 A-D0-4 A-D0-5 A-D0-7,2001-01: ampliación de la zona del euro: Grecia; 2007-01: ampliación de la zona del euro: Eslovenia; 2008-01: ampliación de la zona del euro: Chipre y Malta; 2009-01: ampliación de la zona del euro: Eslovaquia; 2011-01: ampliación de la zona del euro: Estonia; 2014-01: ampliación de la zona del euro: Letonia; 2015-01: ampliación de la zona del euro: Lituania; 2023-01: ampliación de la zona del euro: Croacia; 2026-01: ampliación de la zona del euro: Bulgaria,1980-01,2026-08,560
m2_japon,M2 de Japón,dinero,sí,dato,100 millones de JPY,promedio de saldos del mes,mensual,sin ajustar,Banco de Japón,"Banco de Japón, Money Stock (base MD02): M2 y series anteriores",MAM1NAM2M2MO,"https://www.stat-search.boj.or.jp/api/v1/getDataCode?format=csv&lang=en&db=MD02&code=MAM1NAM2M2MO,MAM1XAM2M2MO,MAM1NAM3M3MO,MAM1NEM3M3MO,MAMS3ANM2C,MAMS3ENM2C,MAMS1ANM2C,MAMS1ENM2C","Reproducción con cita de la fuente, salvo fines comerciales (Banco de Japón)","Fuente: Bank of Japan, BOJ Time-Series Data Search (Money Stock, MD02). Este servicio usa la API de «BOJ Time-Series Data Search»; el Banco de Japón no garantiza su contenido. Los valores se publican sin cambios. Válido mientras el sitio no tenga vínculo comercial (A-D0-8).","gate contra e-Stat Statistics Dashboard, tolerancia ±0.5 100 millones de JPY: cerró en 281 meses",A-D0-1 A-D0-6 A-D0-8,,2003-04,2026-08,281
dinero_amplio_china,Dinero amplio de China (M3 de la OCDE),dinero,no,NO MEDIDO: sin validación externa,millones de CNY,saldo a fin de mes,mensual,sin ajustar,"Banco Popular de China, republicado por la OCDE","OCDE, Monetary aggregates (DF_MONAGG): dinero amplio de China, serie CHN.M.MABM.XDC",CHN.M.MABM.XDC,"https://sdmx.oecd.org/public/rest/data/OECD.SDD.STES,DSD_STES@DF_MONAGG,/CHN.M.MABM.XDC.....?format=csvfilewithlabels","Términos de la OCDE: uso libre con crédito, con reserva por derechos de terceros","OECD (2026), Monetary aggregates, serie CHN.M.MABM.XDC. Emisor original: Banco Popular de China. La serie lleva el rótulo que le pone la OCDE (A-D0-9). Los valores se publican sin cambios.",sin validación externa: no se pudo comparar contra lecturas a mano de una segunda fuente,A-D0-1 A-D0-9,2011-10: cambio de definición declarado por el PBoC: entran los depósitos de instituciones financieras no depositarias y del fondo de vivienda; 2018-01: cambio de definición declarado por el PBoC (fondos del mercado monetario); la OCDE no revisó 2017 y el salto le cae en este mes,2004-01,2026-07,271
balance_fed,"Balance de la Reserva Federal: total de activos, consolidado",balance,sí,dato,millones de USD,nivel del último miércoles del mes,semanal,sin ajustar,Junta de Gobernadores del Sistema de la Reserva Federal,"Junta de la Reserva Federal, H.4.1 Factors Affecting Reserve Balances, historia completa en XML",RESPPMA_N.WW,https://www.federalreserve.gov/releases/h41/data/FRB_h41_xml.zip,Dominio público (Junta de la Reserva Federal),"Board of Governors of the Federal Reserve System (US), H.4.1 Factors Affecting Reserve Balances. Dominio público; la Junta pide que se la cite como fuente. Los valores se publican sin cambios.","gate contra BIS WS_CBTA (EE.UU.), tolerancia ±5 millones de USD: cerró en 284 meses; control contra FRED WALCL: 1242 semanas, todas iguales",A-D0-1 A-D0-14 A-D0-15,,2002-12,2026-09,286
balance_eurosistema,Balance del Eurosistema: total de activos,balance,sí,dato,millones de EUR,cierre del último viernes del mes,semanal,sin ajustar,BCE y bancos centrales nacionales del Eurosistema,"BCE, ECB Data Portal, conjunto ILM: total de activos del Eurosistema (copia bajada a mano)",ILM.W.U2.C.T000000.Z5.Z01,https://data-api.ecb.europa.eu/service/data/ILM/W.U2.C.T000000.Z5.Z01?format=csvdata,Gratuita con atribución (política de reutilización de las estadísticas del SEBC),"Source: ECB statistics (ECB Data Portal, ILM). Los valores se publican sin cambios; toda serie derivada se rotula como cálculo propio (A-D0-7).","gate contra BIS WS_CBTA (zona del euro), viernes de la última semana hábil, tolerancia ±0.5 millones de EUR: cerró en 332 meses",A-D0-1 A-D0-7 A-D0-14 A-D0-16,2001-01: ampliación de la zona del euro: Grecia; 2007-01: ampliación de la zona del euro: Eslovenia; 2008-01: ampliación de la zona del euro: Chipre y Malta; 2009-01: ampliación de la zona del euro: Eslovaquia; 2011-01: ampliación de la zona del euro: Estonia; 2014-01: ampliación de la zona del euro: Letonia; 2015-01: ampliación de la zona del euro: Lituania; 2023-01: ampliación de la zona del euro: Croacia; 2026-01: ampliación de la zona del euro: Bulgaria,1999-01,2026-09,333
balance_boj,Balance del Banco de Japón: total de activos,balance,sí,dato,100 millones de JPY,saldo a fin de mes,mensual,sin ajustar,Banco de Japón,"Banco de Japón, Bank of Japan Accounts (base BS01): total de activos",MABJMTA,"https://www.stat-search.boj.or.jp/api/v1/getDataCode?format=csv&lang=en&db=BS01&code=MABJMTA,MABJMA5,MABJML1,MABJML11","Reproducción con cita de la fuente, salvo fines comerciales (Banco de Japón)","Fuente: Bank of Japan, BOJ Time-Series Data Search (Bank of Japan Accounts, BS01). Este servicio usa la API de «BOJ Time-Series Data Search»; el Banco de Japón no garantiza su contenido. Los valores se publican sin cambios. Válido mientras el sitio no tenga vínculo comercial (A-D0-8).","gate contra BIS WS_CBTA (Japón), tolerancia ±0.5 100 millones de JPY: cerró en 340 meses",A-D0-1 A-D0-8 A-D0-16,2001-04: cambio contable de las operaciones repo: el total no es comparable con los meses anteriores,1998-04,2026-08,341
balance_pboc,Balance del Banco Popular de China: total de activos (BIS),balance,no,NO MEDIDO: sin validación externa,miles de millones de CNY,saldo a fin de mes,mensual,sin ajustar,"Banco Popular de China, republicado por el BIS","BIS, Central bank total assets (WS_CBTA), área CN","WS_CBTA, M.CN, moneda local",https://stats.bis.org/api/v2/data/dataflow/BIS/WS_CBTA/1.0/M.CN?format=csv,Términos de uso de las estadísticas del BIS: uso libre citando al BIS,"Fuente: BIS, Central bank total assets (WS_CBTA). Emisor original: Banco Popular de China. Serie empalmada por el BIS. Los valores se publican sin cambios.",sin validación externa: no se pudo comparar contra lecturas a mano de una segunda fuente,A-D0-1 A-D0-9,,2002-01,2026-06,294
usd_por_eur,Tipo de cambio: USD por EUR,tipo de cambio,sí,dato,USD por EUR,tipo comprador del mediodía en Nueva York: promedio del mes y último día del mes,diaria,no aplica,Junta de Gobernadores del Sistema de la Reserva Federal,"Junta de la Reserva Federal, H.10 Foreign Exchange Rates, historia completa en XML",RXI$US_N.M.EU y RXI$US_N.B.EU,https://www.federalreserve.gov/releases/h10/data/FRB_h10_xml.zip,Dominio público (Junta de la Reserva Federal),"Board of Governors of the Federal Reserve System (US), H.10 Foreign Exchange Rates. Dominio público; la Junta pide que se la cite como fuente. Los valores se publican sin cambios.","control contra BIS WS_XRU, promedio mensual, tolerancia ±0.5 %: cerró en 332 meses; 1 meses en disputa",A-D0-1 A-D0-10,,1999-01,2026-09,333
jpy_por_usd,Tipo de cambio: JPY por USD,tipo de cambio,sí,dato,JPY por USD,tipo comprador del mediodía en Nueva York: promedio del mes y último día del mes,diaria,no aplica,Junta de Gobernadores del Sistema de la Reserva Federal,"Junta de la Reserva Federal, H.10 Foreign Exchange Rates, historia completa en XML",RXI_N.M.JA y RXI_N.B.JA,https://www.federalreserve.gov/releases/h10/data/FRB_h10_xml.zip,Dominio público (Junta de la Reserva Federal),"Board of Governors of the Federal Reserve System (US), H.10 Foreign Exchange Rates. Dominio público; la Junta pide que se la cite como fuente. Los valores se publican sin cambios.","control contra BIS WS_XRU, promedio mensual, tolerancia ±0.5 %: cerró en 668 meses",A-D0-1 A-D0-10,,1971-01,2026-09,669
cny_por_usd,Tipo de cambio: CNY por USD,tipo de cambio,sí,dato,CNY por USD,tipo comprador del mediodía en Nueva York: promedio del mes y último día del mes,diaria,no aplica,Junta de Gobernadores del Sistema de la Reserva Federal,"Junta de la Reserva Federal, H.10 Foreign Exchange Rates, historia completa en XML",RXI_N.M.CH y RXI_N.B.CH,https://www.federalreserve.gov/releases/h10/data/FRB_h10_xml.zip,Dominio público (Junta de la Reserva Federal),"Board of Governors of the Federal Reserve System (US), H.10 Foreign Exchange Rates. Dominio público; la Junta pide que se la cite como fuente. Los valores se publican sin cambios.","control contra BIS WS_XRU, promedio mensual, tolerancia ±0.5 %: cerró en 548 meses",A-D0-1 A-D0-10,,1981-01,2026-09,549
dinero_eeuu_1892_1946,"Efectivo y depósitos en bancos comerciales de EE.UU., fechas de balance (1892–1946)",dinero,no,"NO MEDIDO: transcripción de las tablas de la Junta pendiente; se hace en un PR propio (A-D0-17, A-D0-19)",,,,,,"Junta de la Reserva Federal, Banking and Monetary Statistics 1914–1941 (Tabla 9) y 1941–1970",,,,,,A-D0-17 A-D0-18 A-D0-19,,,,0
dinero_eeuu_1947_1958,"Efectivo y depósitos en bancos comerciales de EE.UU., mensual (1947–1958)",dinero,no,"NO MEDIDO: transcripción de la Tabla 1.1 de la Junta pendiente; se hace en un PR propio (A-D0-17, A-D0-19)",,,,,,"Junta de la Reserva Federal, Banking and Monetary Statistics 1941–1970 (Tabla 1.1)",,,,,,A-D0-17 A-D0-19,,,,0
riqueza_inmuebles,Riqueza: valor de los inmuebles,riqueza,no,"NO MEDIDO: no hay una serie global con licencia abierta; la estimación de Savills va como cifra citada (A-D0-24, A-D0-28)",,,,,,,,,,,,A-D0-24 A-D0-28,,,,0
riqueza_oro_cantidad,Riqueza: oro sobre la superficie (cantidad),riqueza,no,"NO MEDIDO: la única serie de existencias es del World Gold Council, clase (c); su cifra va como cifra citada (A-D0-24, A-D0-28)",,,,,,,,,,,,A-D0-24 A-D0-28,,,,0
riqueza_total,Riqueza total,riqueza,no,NO MEDIDO: los informes de riqueza global son (c) o no se pudieron leer (A-D0-24),,,,,,,,,,,,A-D0-24,,,,0
riqueza_bonos,Riqueza: títulos de deuda en circulación,riqueza,no,NO MEDIDO: pendiente de implementar la suma de las economías que declaran al BIS (A-D0-22),,,,,,"BIS, Debt securities statistics (WS_NA_SEC_DSS)",,,,,,A-D0-22,,,,0
riqueza_acciones,Riqueza: capitalización bursátil,riqueza,no,NO MEDIDO: pendiente de implementar la lectura del agregado WLD del Banco Mundial (A-D0-23),,,,,,"Banco Mundial, indicador CM.MKT.LCAP.CD, agregado WLD",,,,,,A-D0-23,,,,0
riqueza_btc,Riqueza: capitalización de BTC,riqueza,no,NO MEDIDO: pendiente de implementar la lectura de CapMrktCurUSD de Coin Metrics (A-R0-4),,,,,,"Coin Metrics, API community, CapMrktCurUSD",,,,,,A-R0-4,,,,0
