serie,nombre,familia,mide,publicada,estado,unidad,convencion,frecuencia,emisor,fuente,identificador,url,licencia,atribucion,validacion,supuestos,quiebres,primer_anio,ultimo_anio,anios
btc_emision_calendario_btc,BTC: emisión del año según el calendario del protocolo,btc,flujo,sí,dato,BTC,"suma de los bloques del año calendario (UTC); subsidio de cada bloque según Bitcoin Core, por los bloques observados del año",anual,Coin Metrics (lectura de la cadena de Bitcoin),"Coin Metrics, API community: oferta en circulación (SplyCur), bloques (BlkCnt) y emisión (IssTotNtv) diarios de BTC",subsidio(altura) × BlkCnt,"https://community-api.coinmetrics.io/v4/timeseries/asset-metrics?assets=btc&metrics=SplyCur,BlkCnt,IssTotNtv&frequency=1d&page_size=10000",CC BY-NC 4.0,"Coin Metrics, Community Network Data: SplyCur, BlkCnt e IssTotNtv de BTC, CC BY-NC 4.0 (https://creativecommons.org/licenses/by-nc/4.0/). Los valores diarios se publican sin cambios; las sumas anuales, las tasas y el calendario del protocolo son cálculo propio. Válido mientras el sitio no tenga vínculo comercial (A-R0-4).","gate contra el calendario del protocolo (Bitcoin Core) a la misma altura de bloque, tolerancia oferta ≤ calendario y diferencia ≤ 0.001 %: cerró en 17 comparaciones",A-N0-1 A-N0-2 A-N0-13,; el calendario fija el subsidio por bloque; cuántos bloques caen en un año es un dato observado,2009,2025,17
btc_emision_observada_btc,BTC: emisión observada del año,btc,flujo,sí,dato,BTC,suma de los bloques del año calendario (UTC); suma de IssTotNtv,anual,Coin Metrics (lectura de la cadena de Bitcoin),"Coin Metrics, API community: oferta en circulación (SplyCur), bloques (BlkCnt) y emisión (IssTotNtv) diarios de BTC",IssTotNtv,"https://community-api.coinmetrics.io/v4/timeseries/asset-metrics?assets=btc&metrics=SplyCur,BlkCnt,IssTotNtv&frequency=1d&page_size=10000",CC BY-NC 4.0,"Coin Metrics, Community Network Data: SplyCur, BlkCnt e IssTotNtv de BTC, CC BY-NC 4.0 (https://creativecommons.org/licenses/by-nc/4.0/). Los valores diarios se publican sin cambios; las sumas anuales, las tasas y el calendario del protocolo son cálculo propio. Válido mientras el sitio no tenga vínculo comercial (A-R0-4).","gate contra el calendario del protocolo (Bitcoin Core) a la misma altura de bloque, tolerancia oferta ≤ calendario y diferencia ≤ 0.001 %: cerró en 17 comparaciones",A-N0-1 A-N0-2 A-N0-13,,2009,2025,17
btc_oferta_fin_de_anio_btc,BTC: oferta en circulación a fin de año,btc,stock,sí,dato,BTC,"oferta al cierre del 31 de diciembre (00:00 UTC del 1 de enero), lectura de Coin Metrics",anual,Coin Metrics (lectura de la cadena de Bitcoin),"Coin Metrics, API community: oferta en circulación (SplyCur), bloques (BlkCnt) y emisión (IssTotNtv) diarios de BTC",SplyCur,"https://community-api.coinmetrics.io/v4/timeseries/asset-metrics?assets=btc&metrics=SplyCur,BlkCnt,IssTotNtv&frequency=1d&page_size=10000",CC BY-NC 4.0,"Coin Metrics, Community Network Data: SplyCur, BlkCnt e IssTotNtv de BTC, CC BY-NC 4.0 (https://creativecommons.org/licenses/by-nc/4.0/). Los valores diarios se publican sin cambios; las sumas anuales, las tasas y el calendario del protocolo son cálculo propio. Válido mientras el sitio no tenga vínculo comercial (A-R0-4).","gate contra el calendario del protocolo (Bitcoin Core) a la misma altura de bloque, tolerancia oferta ≤ calendario y diferencia ≤ 0.001 %: cerró en 17 comparaciones",A-N0-1 A-N0-2 A-N0-13,,2009,2025,17
btc_oferta_crecimiento_pct,BTC: tasa de crecimiento de la oferta en circulación,btc,tasa de crecimiento de la oferta,sí,dato,% anual,"oferta a fin de año sobre la oferta a fin del año anterior, menos uno (cálculo propio)",anual,Coin Metrics (lectura de la cadena de Bitcoin),"Coin Metrics, API community: oferta en circulación (SplyCur), bloques (BlkCnt) y emisión (IssTotNtv) diarios de BTC",SplyCur,"https://community-api.coinmetrics.io/v4/timeseries/asset-metrics?assets=btc&metrics=SplyCur,BlkCnt,IssTotNtv&frequency=1d&page_size=10000",CC BY-NC 4.0,"Coin Metrics, Community Network Data: SplyCur, BlkCnt e IssTotNtv de BTC, CC BY-NC 4.0 (https://creativecommons.org/licenses/by-nc/4.0/). Los valores diarios se publican sin cambios; las sumas anuales, las tasas y el calendario del protocolo son cálculo propio. Válido mientras el sitio no tenga vínculo comercial (A-R0-4).","gate contra el calendario del protocolo (Bitcoin Core) a la misma altura de bloque, tolerancia oferta ≤ calendario y diferencia ≤ 0.001 %: cerró en 17 comparaciones",A-N0-1 A-N0-2 A-N0-13,,2010,2025,16
btc_porcentaje_minado_pct,"BTC: porcentaje del máximo de 21 millones ya emitido, a fin de año",btc,proporción,sí,dato,% de 21000000 BTC,"oferta al cierre del 31 de diciembre (00:00 UTC del 1 de enero), lectura de Coin Metrics dividida por MAX_MONEY (cálculo propio)",anual,Coin Metrics (lectura de la cadena de Bitcoin),"Coin Metrics, API community: oferta en circulación (SplyCur), bloques (BlkCnt) y emisión (IssTotNtv) diarios de BTC",SplyCur / 21000000,"https://community-api.coinmetrics.io/v4/timeseries/asset-metrics?assets=btc&metrics=SplyCur,BlkCnt,IssTotNtv&frequency=1d&page_size=10000",CC BY-NC 4.0,"Coin Metrics, Community Network Data: SplyCur, BlkCnt e IssTotNtv de BTC, CC BY-NC 4.0 (https://creativecommons.org/licenses/by-nc/4.0/). Los valores diarios se publican sin cambios; las sumas anuales, las tasas y el calendario del protocolo son cálculo propio. Válido mientras el sitio no tenga vínculo comercial (A-R0-4).","gate contra el calendario del protocolo (Bitcoin Core) a la misma altura de bloque, tolerancia oferta ≤ calendario y diferencia ≤ 0.001 %: cerró en 17 comparaciones",A-N0-1 A-N0-2 A-N0-13,,2009,2025,17
btc_oferta_a_la_fecha_btc,BTC: oferta en circulación a la fecha de la descarga,btc,stock,sí,dato,BTC,"último día con dato en la descarga, cierre a las 00:00 UTC del día siguiente",anual,Coin Metrics (lectura de la cadena de Bitcoin),"Coin Metrics, API community: oferta en circulación (SplyCur), bloques (BlkCnt) y emisión (IssTotNtv) diarios de BTC",SplyCur,"https://community-api.coinmetrics.io/v4/timeseries/asset-metrics?assets=btc&metrics=SplyCur,BlkCnt,IssTotNtv&frequency=1d&page_size=10000",CC BY-NC 4.0,"Coin Metrics, Community Network Data: SplyCur, BlkCnt e IssTotNtv de BTC, CC BY-NC 4.0 (https://creativecommons.org/licenses/by-nc/4.0/). Los valores diarios se publican sin cambios; las sumas anuales, las tasas y el calendario del protocolo son cálculo propio. Válido mientras el sitio no tenga vínculo comercial (A-R0-4).","gate contra el calendario del protocolo (Bitcoin Core) a la misma altura de bloque, tolerancia oferta ≤ calendario y diferencia ≤ 0.001 %: cerró en 17 comparaciones",A-N0-1 A-N0-2 A-N0-13,"; una sola fila, con la fecha; no es una serie anual",2026,2026,1
btc_porcentaje_minado_a_la_fecha_pct,"BTC: porcentaje del máximo de 21 millones ya emitido, a la fecha de la descarga",btc,proporción,sí,dato,% de 21000000 BTC,"último día con dato en la descarga, dividido por MAX_MONEY (cálculo propio)",anual,Coin Metrics (lectura de la cadena de Bitcoin),"Coin Metrics, API community: oferta en circulación (SplyCur), bloques (BlkCnt) y emisión (IssTotNtv) diarios de BTC",SplyCur / 21000000,"https://community-api.coinmetrics.io/v4/timeseries/asset-metrics?assets=btc&metrics=SplyCur,BlkCnt,IssTotNtv&frequency=1d&page_size=10000",CC BY-NC 4.0,"Coin Metrics, Community Network Data: SplyCur, BlkCnt e IssTotNtv de BTC, CC BY-NC 4.0 (https://creativecommons.org/licenses/by-nc/4.0/). Los valores diarios se publican sin cambios; las sumas anuales, las tasas y el calendario del protocolo son cálculo propio. Válido mientras el sitio no tenga vínculo comercial (A-R0-4).","gate contra el calendario del protocolo (Bitcoin Core) a la misma altura de bloque, tolerancia oferta ≤ calendario y diferencia ≤ 0.001 %: cerró en 17 comparaciones",A-N0-1 A-N0-2 A-N0-13,"; una sola fila, con la fecha; no es una serie anual",2026,2026,1
btc_elasticidad_oferta,BTC: elasticidad de la oferta respecto del precio,elasticidad,elasticidad de la oferta,sí,dato,d ln(oferta) / d ln(precio),"cero por construcción: el subsidio por bloque es función de la altura del bloque y de nada más (Bitcoin Core, GetBlockSubsidy)",sin frecuencia: propiedad del protocolo,Bitcoin Core (código del protocolo),Bitcoin Core (código del protocolo),GetBlockSubsidy,https://github.com/bitcoin/bitcoin/blob/9dfde64cc3262329051fd05fffe40eecc786a99f/src/validation.cpp,MIT,"Bitcoin Core (bitcoin/bitcoin, master, commit 9dfde64cc3262329051fd05fffe40eecc786a99f, 2026-10-07): src/validation.cpp, líneas 1833-1844, GetBlockSubsidy (50 * COIN, >>= halvings); src/kernel/chainparams.cpp, línea 114, nSubsidyHalvingInterval = 210000; src/consensus/amount.h, líneas 15 y 26, COIN = 100000000 y MAX_MONEY = 21000000 * COIN. Licencia MIT.","no aplica: es una propiedad del código del protocolo, citada con su commit (A-N0-12)",A-N0-1 A-N0-12,"; dato del protocolo, no una estimación; no hay elasticidad que estimar",2026,2026,1
oro_produccion_mundial_t,Oro: producción minera mundial anual,metales,flujo,sí,dato; estimación en 2025,toneladas métricas de contenido de metal,"producción de mina del año calendario; Data Series 140 en todo su rango y Mineral Commodity Summaries después, con el último año estimado",anual,U.S. Geological Survey,"USGS, Data Series 140, Gold statistics (1900-2022): producción mundial anual en toneladas (copia bajada a mano)","DS140, columna World production; MCS, World total (rounded)",https://d9-wret.s3.us-west-2.amazonaws.com/assets/palladium/production/s3fs-public/media/files/ds140-gold-2022.xlsx,Dominio público (USGS),"U.S. Geological Survey, Data Series 140, Historical Statistics for Mineral and Material Commodities, Gold. Dominio público: ""USGS-authored or produced data and information are considered to be in the U.S. Public Domain.""","control contra el total mundial del BGS (World Mineral Production 2020-24), tolerancia ±5 %: cerró en 5 comparaciones",A-N0-1 A-N0-3 A-N0-4 A-N0-13,2022: se publica la DS140 (3160); MCS 2024: 3060; 2023: se publica MCS 2025: 3250; MCS 2024: 3000 (estimado); 2024: se publica MCS 2026: 3280; MCS 2025: 3300 (estimado); el BGS incluye estimaciones de minería artesanal que el USGS no declara (A-N0-4),1900,2025,126
oro_crecimiento_stock_cota_superior_pct,Oro: cota superior de la tasa de crecimiento del stock (producción del año / producción acumulada desde 1900),metales,cota superior de la tasa de crecimiento del stock,sí,estimación,% anual,producción del año dividida por la suma de la producción mundial de 1900 al año anterior (cálculo propio),anual,U.S. Geological Survey,"USGS, Data Series 140, Gold statistics (1900-2022): producción mundial anual en toneladas (copia bajada a mano)",cálculo propio sobre la producción mundial,https://d9-wret.s3.us-west-2.amazonaws.com/assets/palladium/production/s3fs-public/media/files/ds140-gold-2022.xlsx,Dominio público (USGS),"U.S. Geological Survey, Data Series 140, Historical Statistics for Mineral and Material Commodities, Gold. Dominio público: ""USGS-authored or produced data and information are considered to be in the U.S. Public Domain.""","control contra el total mundial del BGS (World Mineral Production 2020-24), tolerancia ±5 %: cerró en 5 comparaciones",A-N0-1 A-N0-3 A-N0-5 A-N0-6 A-N0-13,2022: se publica la DS140 (3160); MCS 2024: 3060; 2023: se publica MCS 2025: 3250; MCS 2024: 3000 (estimado); 2024: se publica MCS 2026: 3280; MCS 2025: 3300 (estimado); el BGS incluye estimaciones de minería artesanal que el USGS no declara (A-N0-4); cota superior: el denominador excluye lo producido antes de 1900 y supone pérdidas despreciables,1901,2025,125
plata_produccion_mundial_t,Plata: producción minera mundial anual,metales,flujo,sí,dato; estimación en 2025,toneladas métricas de contenido de metal,"producción de mina del año calendario; Data Series 140 en todo su rango y Mineral Commodity Summaries después, con el último año estimado",anual,U.S. Geological Survey,"USGS, Data Series 140, Silver statistics (1900-2021): producción mundial anual en toneladas (copia bajada a mano)","DS140, columna World production; MCS, World total (rounded)",https://d9-wret.s3.us-west-2.amazonaws.com/assets/palladium/production/s3fs-public/media/files/ds140-silver-2021.xlsx,Dominio público (USGS),"U.S. Geological Survey, Data Series 140, Historical Statistics for Mineral and Material Commodities, Silver. Dominio público: ""USGS-authored or produced data and information are considered to be in the U.S. Public Domain.""","control contra el total mundial del BGS (World Mineral Production 2020-24), tolerancia ±5 %: cerró en 5 comparaciones; en disputa: 2020, 2021, 2022, 2024",A-N0-1 A-N0-3 A-N0-4 A-N0-13,2023: se publica MCS 2025: 25500; MCS 2024: 26000 (estimado); 2024: se publica MCS 2026: 25300; MCS 2025: 25000 (estimado); el BGS incluye estimaciones de minería artesanal que el USGS no declara (A-N0-4),1900,2025,126
plata_crecimiento_stock_cota_superior_pct,Plata: cota superior de la tasa de crecimiento del stock (producción del año / producción acumulada desde 1900),metales,cota superior de la tasa de crecimiento del stock,sí,estimación,% anual,producción del año dividida por la suma de la producción mundial de 1900 al año anterior (cálculo propio),anual,U.S. Geological Survey,"USGS, Data Series 140, Silver statistics (1900-2021): producción mundial anual en toneladas (copia bajada a mano)",cálculo propio sobre la producción mundial,https://d9-wret.s3.us-west-2.amazonaws.com/assets/palladium/production/s3fs-public/media/files/ds140-silver-2021.xlsx,Dominio público (USGS),"U.S. Geological Survey, Data Series 140, Historical Statistics for Mineral and Material Commodities, Silver. Dominio público: ""USGS-authored or produced data and information are considered to be in the U.S. Public Domain.""","control contra el total mundial del BGS (World Mineral Production 2020-24), tolerancia ±5 %: cerró en 5 comparaciones; en disputa: 2020, 2021, 2022, 2024",A-N0-1 A-N0-3 A-N0-5 A-N0-6 A-N0-13,2023: se publica MCS 2025: 25500; MCS 2024: 26000 (estimado); 2024: se publica MCS 2026: 25300; MCS 2025: 25000 (estimado); el BGS incluye estimaciones de minería artesanal que el USGS no declara (A-N0-4); no es una cota: el consumo industrial no recuperado reduce el stock real y la cifra es solo indicativa,1901,2025,125
acciones_eeuu_emision_neta_total_musd,"Acciones de EE.UU.: emisión neta, todos los sectores",acciones,flujo,sí,dato,millones de USD,flujo del año calendario a valor de transacción: hasta 1951 el dato anual de la Junta; desde 1952 la media de los cuatro trimestres a tasa anual ajustada,anual,Junta de Gobernadores del Sistema de la Reserva Federal,"Junta de la Reserva Federal, Z.1 Financial Accounts of the United States, tabla F51.1.t: CSV extraído del paquete z1_csv_files.zip (miembro csv/F51_1_t.csv, bytes sin cambios)","FA893064105.Q (All sectors; corporate equities; asset (línea ""Net issues""))",https://www.federalreserve.gov/releases/z1/current/z1_csv_files.zip#csv/F51_1_t.csv,Dominio público (Junta de la Reserva Federal),"Board of Governors of the Federal Reserve System (US), Z.1 Financial Accounts of the United States. Dominio público; la Junta pide que se la cite como fuente. Los valores se publican sin cambios.","gate contra la tabla F51.1.t del Z.1 en HTML (mismo emisor), tolerancia ±0.05 miles de millones de USD: cerró en 36 comparaciones",A-N0-1 A-N0-7 A-N0-9 A-N0-13,"hasta 1951 la Junta publica un dato anual; desde 1952, trimestral; en dólares, no en acciones: la cantidad de acciones no existe en el Z.1",1946,2025,80
acciones_eeuu_valor_de_mercado_total_musd,"Acciones de EE.UU.: valor de mercado a fin de año, todos los sectores",acciones,stock,sí,dato,millones de USD,"saldo a fin del cuarto trimestre, a valor de mercado, sin ajuste estacional",anual,Junta de Gobernadores del Sistema de la Reserva Federal,"Junta de la Reserva Federal, Z.1 Financial Accounts of the United States, tabla F51.1.s: CSV extraído del paquete z1_csv_files.zip (miembro csv/F51_1_s.csv, bytes sin cambios)",LM893064105.Q,https://www.federalreserve.gov/releases/z1/current/z1_csv_files.zip#csv/F51_1_s.csv,Dominio público (Junta de la Reserva Federal),"Board of Governors of the Federal Reserve System (US), Z.1 Financial Accounts of the United States. Dominio público; la Junta pide que se la cite como fuente. Los valores se publican sin cambios.","gate contra la tabla F51.1.s del Z.1 en HTML (mismo emisor), tolerancia ±0.05 miles de millones de USD: cerró en 36 comparaciones",A-N0-1 A-N0-7 A-N0-9 A-N0-13,,1945,2025,81
acciones_eeuu_emision_neta_total_pct_vm,"Acciones de EE.UU.: emisión neta como porcentaje del valor de mercado del año anterior, todos los sectores",acciones,tasa de crecimiento de la oferta,sí,dato,% del valor de mercado de fin del año anterior,emisión neta del año dividida por el saldo a valor de mercado del cuarto trimestre del año anterior (cálculo propio); mezcla cantidades y precios y lo declara,anual,Junta de Gobernadores del Sistema de la Reserva Federal,"Junta de la Reserva Federal, Z.1 Financial Accounts of the United States, tabla F51.1.t: CSV extraído del paquete z1_csv_files.zip (miembro csv/F51_1_t.csv, bytes sin cambios)",FA893064105.Q / LM893064105.Q,https://www.federalreserve.gov/releases/z1/current/z1_csv_files.zip#csv/F51_1_t.csv,Dominio público (Junta de la Reserva Federal),"Board of Governors of the Federal Reserve System (US), Z.1 Financial Accounts of the United States. Dominio público; la Junta pide que se la cite como fuente. Los valores se publican sin cambios.","gate contra la tabla F51.1.t del Z.1 en HTML (mismo emisor), tolerancia ±0.05 miles de millones de USD: cerró en 36 comparaciones; gate contra la tabla F51.1.s del Z.1 en HTML (mismo emisor), tolerancia ±0.05 miles de millones de USD: cerró en 36 comparaciones",A-N0-1 A-N0-7 A-N0-9 A-N0-13,; sin interpretar: un valor negativo es más recompras que emisiones en ese año,1946,2025,80
acciones_eeuu_emision_neta_no_financieras_musd,"Acciones de EE.UU.: emisión neta, sociedades no financieras",acciones,flujo,sí,dato,millones de USD,flujo del año calendario a valor de transacción: hasta 1951 el dato anual de la Junta; desde 1952 la media de los cuatro trimestres a tasa anual ajustada,anual,Junta de Gobernadores del Sistema de la Reserva Federal,"Junta de la Reserva Federal, Z.1 Financial Accounts of the United States, tabla F51.1.t: CSV extraído del paquete z1_csv_files.zip (miembro csv/F51_1_t.csv, bytes sin cambios)",FA103164105.Q (Nonfinancial corporate business; corporate equities; liability),https://www.federalreserve.gov/releases/z1/current/z1_csv_files.zip#csv/F51_1_t.csv,Dominio público (Junta de la Reserva Federal),"Board of Governors of the Federal Reserve System (US), Z.1 Financial Accounts of the United States. Dominio público; la Junta pide que se la cite como fuente. Los valores se publican sin cambios.","gate contra la tabla F51.1.t del Z.1 en HTML (mismo emisor), tolerancia ±0.05 miles de millones de USD: cerró en 36 comparaciones",A-N0-1 A-N0-7 A-N0-9 A-N0-13,"hasta 1951 la Junta publica un dato anual; desde 1952, trimestral; en dólares, no en acciones: la cantidad de acciones no existe en el Z.1",1946,2025,80
acciones_eeuu_valor_de_mercado_no_financieras_musd,"Acciones de EE.UU.: valor de mercado a fin de año, sociedades no financieras",acciones,stock,sí,dato,millones de USD,"saldo a fin del cuarto trimestre, a valor de mercado, sin ajuste estacional",anual,Junta de Gobernadores del Sistema de la Reserva Federal,"Junta de la Reserva Federal, Z.1 Financial Accounts of the United States, tabla F51.1.s: CSV extraído del paquete z1_csv_files.zip (miembro csv/F51_1_s.csv, bytes sin cambios)",LM103164105.Q,https://www.federalreserve.gov/releases/z1/current/z1_csv_files.zip#csv/F51_1_s.csv,Dominio público (Junta de la Reserva Federal),"Board of Governors of the Federal Reserve System (US), Z.1 Financial Accounts of the United States. Dominio público; la Junta pide que se la cite como fuente. Los valores se publican sin cambios.","gate contra la tabla F51.1.s del Z.1 en HTML (mismo emisor), tolerancia ±0.05 miles de millones de USD: cerró en 36 comparaciones",A-N0-1 A-N0-7 A-N0-9 A-N0-13,,1945,2025,81
acciones_eeuu_emision_neta_no_financieras_pct_vm,"Acciones de EE.UU.: emisión neta como porcentaje del valor de mercado del año anterior, sociedades no financieras",acciones,tasa de crecimiento de la oferta,sí,dato,% del valor de mercado de fin del año anterior,emisión neta del año dividida por el saldo a valor de mercado del cuarto trimestre del año anterior (cálculo propio); mezcla cantidades y precios y lo declara,anual,Junta de Gobernadores del Sistema de la Reserva Federal,"Junta de la Reserva Federal, Z.1 Financial Accounts of the United States, tabla F51.1.t: CSV extraído del paquete z1_csv_files.zip (miembro csv/F51_1_t.csv, bytes sin cambios)",FA103164105.Q / LM103164105.Q,https://www.federalreserve.gov/releases/z1/current/z1_csv_files.zip#csv/F51_1_t.csv,Dominio público (Junta de la Reserva Federal),"Board of Governors of the Federal Reserve System (US), Z.1 Financial Accounts of the United States. Dominio público; la Junta pide que se la cite como fuente. Los valores se publican sin cambios.","gate contra la tabla F51.1.t del Z.1 en HTML (mismo emisor), tolerancia ±0.05 miles de millones de USD: cerró en 36 comparaciones; gate contra la tabla F51.1.s del Z.1 en HTML (mismo emisor), tolerancia ±0.05 miles de millones de USD: cerró en 36 comparaciones",A-N0-1 A-N0-7 A-N0-9 A-N0-13,; sin interpretar: un valor negativo es más recompras que emisiones en ese año,1946,2025,80
acciones_eeuu_emision_neta_financieras_musd,"Acciones de EE.UU.: emisión neta, sectores financieros internos",acciones,flujo,sí,dato,millones de USD,flujo del año calendario a valor de transacción: hasta 1951 el dato anual de la Junta; desde 1952 la media de los cuatro trimestres a tasa anual ajustada,anual,Junta de Gobernadores del Sistema de la Reserva Federal,"Junta de la Reserva Federal, Z.1 Financial Accounts of the United States, tabla F51.1.t: CSV extraído del paquete z1_csv_files.zip (miembro csv/F51_1_t.csv, bytes sin cambios)",FA793164105.Q (Domestic financial sectors; corporate equities; liability),https://www.federalreserve.gov/releases/z1/current/z1_csv_files.zip#csv/F51_1_t.csv,Dominio público (Junta de la Reserva Federal),"Board of Governors of the Federal Reserve System (US), Z.1 Financial Accounts of the United States. Dominio público; la Junta pide que se la cite como fuente. Los valores se publican sin cambios.","gate contra la tabla F51.1.t del Z.1 en HTML (mismo emisor), tolerancia ±0.05 miles de millones de USD: cerró en 36 comparaciones",A-N0-1 A-N0-7 A-N0-9 A-N0-13,"hasta 1951 la Junta publica un dato anual; desde 1952, trimestral; en dólares, no en acciones: la cantidad de acciones no existe en el Z.1",1946,2025,80
acciones_eeuu_valor_de_mercado_financieras_musd,"Acciones de EE.UU.: valor de mercado a fin de año, sectores financieros internos",acciones,stock,sí,dato,millones de USD,"saldo a fin del cuarto trimestre, a valor de mercado, sin ajuste estacional",anual,Junta de Gobernadores del Sistema de la Reserva Federal,"Junta de la Reserva Federal, Z.1 Financial Accounts of the United States, tabla F51.1.s: CSV extraído del paquete z1_csv_files.zip (miembro csv/F51_1_s.csv, bytes sin cambios)",LM793164105.Q,https://www.federalreserve.gov/releases/z1/current/z1_csv_files.zip#csv/F51_1_s.csv,Dominio público (Junta de la Reserva Federal),"Board of Governors of the Federal Reserve System (US), Z.1 Financial Accounts of the United States. Dominio público; la Junta pide que se la cite como fuente. Los valores se publican sin cambios.","gate contra la tabla F51.1.s del Z.1 en HTML (mismo emisor), tolerancia ±0.05 miles de millones de USD: cerró en 36 comparaciones",A-N0-1 A-N0-7 A-N0-9 A-N0-13,,1945,2025,81
acciones_eeuu_emision_neta_financieras_pct_vm,"Acciones de EE.UU.: emisión neta como porcentaje del valor de mercado del año anterior, sectores financieros internos",acciones,tasa de crecimiento de la oferta,sí,dato,% del valor de mercado de fin del año anterior,emisión neta del año dividida por el saldo a valor de mercado del cuarto trimestre del año anterior (cálculo propio); mezcla cantidades y precios y lo declara,anual,Junta de Gobernadores del Sistema de la Reserva Federal,"Junta de la Reserva Federal, Z.1 Financial Accounts of the United States, tabla F51.1.t: CSV extraído del paquete z1_csv_files.zip (miembro csv/F51_1_t.csv, bytes sin cambios)",FA793164105.Q / LM793164105.Q,https://www.federalreserve.gov/releases/z1/current/z1_csv_files.zip#csv/F51_1_t.csv,Dominio público (Junta de la Reserva Federal),"Board of Governors of the Federal Reserve System (US), Z.1 Financial Accounts of the United States. Dominio público; la Junta pide que se la cite como fuente. Los valores se publican sin cambios.","gate contra la tabla F51.1.t del Z.1 en HTML (mismo emisor), tolerancia ±0.05 miles de millones de USD: cerró en 36 comparaciones; gate contra la tabla F51.1.s del Z.1 en HTML (mismo emisor), tolerancia ±0.05 miles de millones de USD: cerró en 36 comparaciones",A-N0-1 A-N0-7 A-N0-9 A-N0-13,; sin interpretar: un valor negativo es más recompras que emisiones en ese año,1946,2025,80
acciones_eeuu_emision_neta_resto_del_mundo_musd,"Acciones de EE.UU.: emisión neta, resto del mundo",acciones,flujo,sí,dato,millones de USD,flujo del año calendario a valor de transacción: hasta 1951 el dato anual de la Junta; desde 1952 la media de los cuatro trimestres a tasa anual ajustada,anual,Junta de Gobernadores del Sistema de la Reserva Federal,"Junta de la Reserva Federal, Z.1 Financial Accounts of the United States, tabla F51.1.t: CSV extraído del paquete z1_csv_files.zip (miembro csv/F51_1_t.csv, bytes sin cambios)",FA263164105.Q (Rest of the world; corporate equities; liability),https://www.federalreserve.gov/releases/z1/current/z1_csv_files.zip#csv/F51_1_t.csv,Dominio público (Junta de la Reserva Federal),"Board of Governors of the Federal Reserve System (US), Z.1 Financial Accounts of the United States. Dominio público; la Junta pide que se la cite como fuente. Los valores se publican sin cambios.","gate contra la tabla F51.1.t del Z.1 en HTML (mismo emisor), tolerancia ±0.05 miles de millones de USD: cerró en 36 comparaciones",A-N0-1 A-N0-7 A-N0-9 A-N0-13,"hasta 1951 la Junta publica un dato anual; desde 1952, trimestral; en dólares, no en acciones: la cantidad de acciones no existe en el Z.1",1946,2025,80
acciones_eeuu_valor_de_mercado_resto_del_mundo_musd,"Acciones de EE.UU.: valor de mercado a fin de año, resto del mundo",acciones,stock,sí,dato,millones de USD,"saldo a fin del cuarto trimestre, a valor de mercado, sin ajuste estacional",anual,Junta de Gobernadores del Sistema de la Reserva Federal,"Junta de la Reserva Federal, Z.1 Financial Accounts of the United States, tabla F51.1.s: CSV extraído del paquete z1_csv_files.zip (miembro csv/F51_1_s.csv, bytes sin cambios)",LM263164105.Q,https://www.federalreserve.gov/releases/z1/current/z1_csv_files.zip#csv/F51_1_s.csv,Dominio público (Junta de la Reserva Federal),"Board of Governors of the Federal Reserve System (US), Z.1 Financial Accounts of the United States. Dominio público; la Junta pide que se la cite como fuente. Los valores se publican sin cambios.","gate contra la tabla F51.1.s del Z.1 en HTML (mismo emisor), tolerancia ±0.05 miles de millones de USD: cerró en 36 comparaciones",A-N0-1 A-N0-7 A-N0-9 A-N0-13,,1945,2025,81
acciones_eeuu_emision_neta_resto_del_mundo_pct_vm,"Acciones de EE.UU.: emisión neta como porcentaje del valor de mercado del año anterior, resto del mundo",acciones,tasa de crecimiento de la oferta,sí,dato,% del valor de mercado de fin del año anterior,emisión neta del año dividida por el saldo a valor de mercado del cuarto trimestre del año anterior (cálculo propio); mezcla cantidades y precios y lo declara,anual,Junta de Gobernadores del Sistema de la Reserva Federal,"Junta de la Reserva Federal, Z.1 Financial Accounts of the United States, tabla F51.1.t: CSV extraído del paquete z1_csv_files.zip (miembro csv/F51_1_t.csv, bytes sin cambios)",FA263164105.Q / LM263164105.Q,https://www.federalreserve.gov/releases/z1/current/z1_csv_files.zip#csv/F51_1_t.csv,Dominio público (Junta de la Reserva Federal),"Board of Governors of the Federal Reserve System (US), Z.1 Financial Accounts of the United States. Dominio público; la Junta pide que se la cite como fuente. Los valores se publican sin cambios.","gate contra la tabla F51.1.t del Z.1 en HTML (mismo emisor), tolerancia ±0.05 miles de millones de USD: cerró en 36 comparaciones; gate contra la tabla F51.1.s del Z.1 en HTML (mismo emisor), tolerancia ±0.05 miles de millones de USD: cerró en 36 comparaciones",A-N0-1 A-N0-7 A-N0-9 A-N0-13,; sin interpretar: un valor negativo es más recompras que emisiones en ese año,1946,2025,80
deuda_eeuu_titulos_deuda_musd,"Deuda de EE.UU.: títulos de deuda en circulación, todos los sectores",deuda,stock,sí,dato,millones de USD,"saldo a fin del cuarto trimestre, sin ajuste estacional; incluye los títulos emitidos por el resto del mundo en manos de residentes",anual,Junta de Gobernadores del Sistema de la Reserva Federal,"Junta de la Reserva Federal, Z.1 Financial Accounts of the United States, tabla F3.s: CSV extraído del paquete z1_csv_files.zip (miembro csv/F3_s.csv, bytes sin cambios)",FL894122005.Q (All sectors; total debt securities; liability),https://www.federalreserve.gov/releases/z1/current/z1_csv_files.zip#csv/F3_s.csv,Dominio público (Junta de la Reserva Federal),"Board of Governors of the Federal Reserve System (US), Z.1 Financial Accounts of the United States. Dominio público; la Junta pide que se la cite como fuente. Los valores se publican sin cambios.","gate contra la tabla F3.s del Z.1 en HTML (mismo emisor), tolerancia ±0.05 miles de millones de USD: cerró en 9 comparaciones",A-N0-1 A-N0-8 A-N0-9 A-N0-13,"incluye los títulos emitidos por el resto del mundo en manos de residentes; el BIS queda 6.65 % por debajo en 2025-Q4 por contar solo emisores residentes (FUENTES.md, N0.7.2)",1945,2025,81
deuda_eeuu_titulos_deuda_variacion_pct,Deuda de EE.UU.: variación anual de los títulos de deuda en circulación,deuda,tasa de crecimiento de la oferta,sí,dato,% anual,"saldo de fin de año sobre el de fin del año anterior, menos uno (cálculo propio)",anual,Junta de Gobernadores del Sistema de la Reserva Federal,"Junta de la Reserva Federal, Z.1 Financial Accounts of the United States, tabla F3.s: CSV extraído del paquete z1_csv_files.zip (miembro csv/F3_s.csv, bytes sin cambios)",FL894122005.Q,https://www.federalreserve.gov/releases/z1/current/z1_csv_files.zip#csv/F3_s.csv,Dominio público (Junta de la Reserva Federal),"Board of Governors of the Federal Reserve System (US), Z.1 Financial Accounts of the United States. Dominio público; la Junta pide que se la cite como fuente. Los valores se publican sin cambios.","gate contra la tabla F3.s del Z.1 en HTML (mismo emisor), tolerancia ±0.05 miles de millones de USD: cerró en 9 comparaciones",A-N0-1 A-N0-8 A-N0-9 A-N0-13,,1946,2025,80
deuda_eeuu_no_financiera_musd,Deuda de EE.UU.: deuda de los sectores no financieros internos (títulos y préstamos),deuda,stock,sí,dato,millones de USD,"saldo a fin del cuarto trimestre, ajustado por estacionalidad",anual,Junta de Gobernadores del Sistema de la Reserva Federal,"Junta de la Reserva Federal, Z.1 Financial Accounts of the United States, tabla D3.s: CSV extraído del paquete z1_csv_files.zip (miembro csv/D3_s.csv, bytes sin cambios)",LA384104005.Q (Domestic nonfinancial sectors; debt securities and loans; liability),https://www.federalreserve.gov/releases/z1/current/z1_csv_files.zip#csv/D3_s.csv,Dominio público (Junta de la Reserva Federal),"Board of Governors of the Federal Reserve System (US), Z.1 Financial Accounts of the United States. Dominio público; la Junta pide que se la cite como fuente. Los valores se publican sin cambios.","gate contra la tabla D3.s del Z.1 en HTML (mismo emisor), tolerancia ±0.05 miles de millones de USD: cerró en 54 comparaciones",A-N0-1 A-N0-8 A-N0-9 A-N0-13,,1945,2025,81
deuda_eeuu_no_financiera_variacion_pct,Deuda de EE.UU.: variación anual de la deuda de los sectores no financieros internos,deuda,tasa de crecimiento de la oferta,sí,dato,% anual,"saldo de fin de año sobre el de fin del año anterior, menos uno (cálculo propio)",anual,Junta de Gobernadores del Sistema de la Reserva Federal,"Junta de la Reserva Federal, Z.1 Financial Accounts of the United States, tabla D3.s: CSV extraído del paquete z1_csv_files.zip (miembro csv/D3_s.csv, bytes sin cambios)",LA384104005.Q,https://www.federalreserve.gov/releases/z1/current/z1_csv_files.zip#csv/D3_s.csv,Dominio público (Junta de la Reserva Federal),"Board of Governors of the Federal Reserve System (US), Z.1 Financial Accounts of the United States. Dominio público; la Junta pide que se la cite como fuente. Los valores se publican sin cambios.","gate contra la tabla D3.s del Z.1 en HTML (mismo emisor), tolerancia ±0.05 miles de millones de USD: cerró en 54 comparaciones",A-N0-1 A-N0-8 A-N0-9 A-N0-13,,1946,2025,80
viviendas_eeuu_parque_hvs_miles,"Viviendas de EE.UU.: parque total (HVS, Tabla 7)",viviendas,stock,sí,dato,miles de viviendas,"promedio de las estimaciones mensuales del año; cada año con el valor de su base original, y la base revisada del Censo solo como denominador de la tasa del año siguiente (A-N0-10)",anual,U.S. Census Bureau,"Census Bureau, Housing Vacancies and Homeownership (CPS/HVS), Tabla 7: estimaciones del inventario total de viviendas de EE.UU., 1965 a hoy, en miles","Tabla 7, fila All housing units",https://www.census.gov/housing/hvs/data/histtab7.xlsx,"Dominio público (obra del gobierno federal de EE.UU., 17 U.S.C. § 105)","U.S. Census Bureau, Current Population Survey/Housing Vacancy Survey, Table 7. Obra del gobierno federal de EE.UU., sin copyright (17 U.S.C. § 105). Los valores se publican sin cambios; las tasas son cálculo propio.","gate contra la identidad de la propia tabla, total = vacantes + ocupadas (gate de transporte), tolerancia ±1.5 mil: cerró en 66 comparaciones; comparación declarada contra la Tabla 7a: dos bases distintas por decisión del Censo",A-N0-1 A-N0-10 A-N0-11 A-N0-13,"años con base revisada por el Censo: 1979 (85735), 1981 (90862), 1989 (105729), 1993 (109611), 2002 (119297); difiere de la Tabla 7a por la base: 2023: 145353 contra 145319, 2024: 146835 contra 146770, 2025: 148086 contra 148163",1965,2025,61
viviendas_eeuu_parque_hvs_crecimiento_pct,"Viviendas de EE.UU.: tasa de crecimiento del parque (HVS, Tabla 7)",viviendas,tasa de crecimiento de la oferta,sí,dato,% anual,"parque del año sobre el del año anterior en la misma base, menos uno (cálculo propio)",anual,U.S. Census Bureau,"Census Bureau, Housing Vacancies and Homeownership (CPS/HVS), Tabla 7: estimaciones del inventario total de viviendas de EE.UU., 1965 a hoy, en miles","Tabla 7, fila All housing units",https://www.census.gov/housing/hvs/data/histtab7.xlsx,"Dominio público (obra del gobierno federal de EE.UU., 17 U.S.C. § 105)","U.S. Census Bureau, Current Population Survey/Housing Vacancy Survey, Table 7. Obra del gobierno federal de EE.UU., sin copyright (17 U.S.C. § 105). Los valores se publican sin cambios; las tasas son cálculo propio.","gate contra la identidad de la propia tabla, total = vacantes + ocupadas (gate de transporte), tolerancia ±1.5 mil: cerró en 66 comparaciones; comparación declarada contra la Tabla 7a: dos bases distintas por decisión del Censo",A-N0-1 A-N0-10 A-N0-11 A-N0-13,"años con base revisada por el Censo: 1979 (85735), 1981 (90862), 1989 (105729), 1993 (109611), 2002 (119297); difiere de la Tabla 7a por la base: 2023: 145353 contra 145319, 2024: 146835 contra 146770, 2025: 148086 contra 148163",1966,2025,60
viviendas_eeuu_parque_hvs_7a_miles,"Viviendas de EE.UU.: parque total revisado con los controles de vivienda (HVS, Tabla 7a)",viviendas,stock,no,NO MEDIDO: sin validación externa,miles de viviendas,"promedio de las estimaciones mensuales del año, revisado con las vintages 2010, 2020 y 2025 de Population Estimates",anual,U.S. Census Bureau,"Census Bureau, Housing Vacancies and Homeownership (CPS/HVS), Tabla 7a: inventario total de viviendas de EE.UU., 2000 a hoy, revisado con los controles de vivienda de las vintages 2010, 2020 y 2025","Tabla 7a, fila All housing units",https://www.census.gov/housing/hvs/data/hist_tab_7a_v2025.xlsx,"Dominio público (obra del gobierno federal de EE.UU., 17 U.S.C. § 105)","U.S. Census Bureau, Current Population Survey/Housing Vacancy Survey, Table 7a. Obra del gobierno federal de EE.UU., sin copyright (17 U.S.C. § 105). Los valores se publican sin cambios; las tasas son cálculo propio.","gate contra la identidad de la propia tabla, total = vacantes + ocupadas (gate de transporte), tolerancia ±1.5 mil: no cerró en 26 comparaciones, 1 fuera; control contra FRED ETOTALUSQ176N, media de los cuatro trimestres, hasta 2019, tolerancia ±1 mil: cerró en 19 comparaciones; en disputa: 2001, 2002, 2004, 2006, 2007, 2011, 2017; de 2020 en adelante no se compara porque FRED no recoge la Vintage 2025; diferencia FRED menos Tabla 7a, en miles: 2020: -5.25, 2021: -20.00, 2022: -31.75, 2023: -40.25, 2024: -58.25, 2025: -24.75; control contra Population Estimates (parque al 1 de julio), tolerancia ±0.5 %: cerró en 6 comparaciones",A-N0-1 A-N0-10 A-N0-11 A-N0-13,"2000-2009 en la base de la Vintage 2010, 2010-2019 en la de 2020 y 2020 en adelante en la de 2025 (nota de la Tabla 7a); de 2020 en adelante no se compara porque FRED no recoge la Vintage 2025; diferencia FRED menos Tabla 7a, en miles: 2020: -5.25, 2021: -20.00, 2022: -31.75, 2023: -40.25, 2024: -58.25, 2025: -24.75",,,0
viviendas_eeuu_parque_hvs_7a_crecimiento_pct,"Viviendas de EE.UU.: tasa de crecimiento del parque revisado (HVS, Tabla 7a)",viviendas,tasa de crecimiento de la oferta,no,NO MEDIDO: sin validación externa,% anual,"parque del año sobre el del año anterior, menos uno (cálculo propio)",anual,U.S. Census Bureau,"Census Bureau, Housing Vacancies and Homeownership (CPS/HVS), Tabla 7a: inventario total de viviendas de EE.UU., 2000 a hoy, revisado con los controles de vivienda de las vintages 2010, 2020 y 2025","Tabla 7a, fila All housing units",https://www.census.gov/housing/hvs/data/hist_tab_7a_v2025.xlsx,"Dominio público (obra del gobierno federal de EE.UU., 17 U.S.C. § 105)","U.S. Census Bureau, Current Population Survey/Housing Vacancy Survey, Table 7a. Obra del gobierno federal de EE.UU., sin copyright (17 U.S.C. § 105). Los valores se publican sin cambios; las tasas son cálculo propio.","gate contra la identidad de la propia tabla, total = vacantes + ocupadas (gate de transporte), tolerancia ±1.5 mil: no cerró en 26 comparaciones, 1 fuera; control contra FRED ETOTALUSQ176N, media de los cuatro trimestres, hasta 2019, tolerancia ±1 mil: cerró en 19 comparaciones; en disputa: 2001, 2002, 2004, 2006, 2007, 2011, 2017; de 2020 en adelante no se compara porque FRED no recoge la Vintage 2025; diferencia FRED menos Tabla 7a, en miles: 2020: -5.25, 2021: -20.00, 2022: -31.75, 2023: -40.25, 2024: -58.25, 2025: -24.75; control contra Population Estimates (parque al 1 de julio), tolerancia ±0.5 %: cerró en 6 comparaciones",A-N0-1 A-N0-10 A-N0-11 A-N0-13,"2000-2009 en la base de la Vintage 2010, 2010-2019 en la de 2020 y 2020 en adelante en la de 2025 (nota de la Tabla 7a); de 2020 en adelante no se compara porque FRED no recoge la Vintage 2025; diferencia FRED menos Tabla 7a, en miles: 2020: -5.25, 2021: -20.00, 2022: -31.75, 2023: -40.25, 2024: -58.25, 2025: -24.75",,,0
viviendas_eeuu_parque_popest_unidades,Viviendas de EE.UU.: parque total al 1 de julio (Population Estimates),viviendas,stock,sí,dato,viviendas,"existencias al 1 de julio, estimadas desde la base del Censo de 2020 (vintage 2025)",anual,U.S. Census Bureau,"Census Bureau, Population Estimates, NST-EST2025-HU: estimaciones anuales de viviendas de EE.UU. al 1 de julio, 2020 a 2025","NST-EST2025-HU, fila United States",https://www2.census.gov/programs-surveys/popest/tables/2020-2025/housing/totals/NST-EST2025-HU.xlsx,"Dominio público (obra del gobierno federal de EE.UU., 17 U.S.C. § 105)","U.S. Census Bureau, Population Estimates Program, Annual Estimates of Housing Units (NST-EST2025-HU). Obra del gobierno federal de EE.UU., sin copyright (17 U.S.C. § 105). Los valores se publican sin cambios; las tasas son cálculo propio.","control contra Population Estimates (parque al 1 de julio), tolerancia ±0.5 %: cerró en 6 comparaciones",A-N0-1 A-N0-10 A-N0-11 A-N0-13,,2020,2025,6
viviendas_eeuu_parque_popest_crecimiento_pct,Viviendas de EE.UU.: tasa de crecimiento del parque al 1 de julio (Population Estimates),viviendas,tasa de crecimiento de la oferta,sí,dato,% anual,"parque al 1 de julio sobre el del 1 de julio anterior, menos uno (cálculo propio)",anual,U.S. Census Bureau,"Census Bureau, Population Estimates, NST-EST2025-HU: estimaciones anuales de viviendas de EE.UU. al 1 de julio, 2020 a 2025","NST-EST2025-HU, fila United States",https://www2.census.gov/programs-surveys/popest/tables/2020-2025/housing/totals/NST-EST2025-HU.xlsx,"Dominio público (obra del gobierno federal de EE.UU., 17 U.S.C. § 105)","U.S. Census Bureau, Population Estimates Program, Annual Estimates of Housing Units (NST-EST2025-HU). Obra del gobierno federal de EE.UU., sin copyright (17 U.S.C. § 105). Los valores se publican sin cambios; las tasas son cálculo propio.","control contra Population Estimates (parque al 1 de julio), tolerancia ±0.5 %: cerró en 6 comparaciones",A-N0-1 A-N0-10 A-N0-11 A-N0-13,,2021,2025,5
oro_stock_sobre_tierra_t,Oro: existencias sobre la superficie,metales,stock,no,"NO MEDIDO como serie: la única serie de existencias es del World Gold Council, clase (c); su cifra va como estimación de terceros en citas_terceros.csv, fuera de todo cálculo (A-N0-6, A-D0-28)",,,,,World Gold Council (c); USGS no publica existencias,,,,,,A-N0-6,,,,0
oro_stock_to_flow,Oro: stock-to-flow,metales,proporción,no,"NO MEDIDO como serie: sin existencias abiertas no hay cociente; la cota superior del crecimiento del stock es lo más que se puede publicar (A-N0-5, A-N0-6)",,,,,cálculo propio imposible sin existencias,,,,,,A-N0-5 A-N0-6,,,,0
plata_stock_t,Plata: existencias,metales,stock,no,"NO MEDIDO: no se encontró ninguna fuente abierta de existencias de plata (FUENTES.md, N0.5.5)",,,,,ninguna,,,,,,A-N0-6,,,,0
acciones_global_en_circulacion,Acciones: cantidad en circulación o emisión neta global,acciones,stock,no,"NO MEDIDO: sin fuente abierta (la WFE es de clase (c), FUENTES.md D0.9); lo que hay es EE.UU. (A-N0-7)",,,,,WFE (c),,,,,,A-N0-7 A-N0-13,,,,0
viviendas_global,Viviendas: parque global,viviendas,stock,no,NO MEDIDO: UN-Habitat no se leyó y no hay otra fuente abierta leída; lo que hay es EE.UU. (A-N0-10),,,,,UN-Habitat (no leído),,,,,,A-N0-10 A-N0-13,,,,0
deuda_global_titulos,"Deuda: títulos de deuda en circulación, suma de economías",deuda,stock,no,"NO MEDIDO: es la suma de 49 economías declarantes al BIS de A-D0-22, pendiente de implementar; nunca ""global"" (A-N0-8)",,,,,"BIS, Debt securities statistics (a)",,,,,,A-N0-8 A-D0-22,,,,0
deuda_eeuu_elasticidad_oferta,Deuda de EE.UU.: elasticidad de la oferta respecto del precio,elasticidad,elasticidad de la oferta,no,"NO MEDIDO: la deuda no tiene un precio comparable (decisión del dueño, FUENTES.md N0.10.5, punto 4; A-N0-12)",,,,,ninguna,,,,,,A-N0-12,,,,0
oro_respuesta_oferta_precio,Oro: respuesta observada de la oferta al precio,elasticidad,elasticidad de la oferta,no,"pendiente: familia ""respuesta observada de la oferta al precio""; antes de calcular, un paso 0 corto de las fuentes de precio y un prerregistro en SUPUESTOS.md con su propio commit (A-N0-12)",,,,,USGS DS140 (producción y valor unitario) o Pink Sheet; deflactor por leer,,,,,,A-N0-12,,,,0
plata_respuesta_oferta_precio,Plata: respuesta observada de la oferta al precio,elasticidad,elasticidad de la oferta,no,"pendiente: familia ""respuesta observada de la oferta al precio""; antes de calcular, un paso 0 corto de las fuentes de precio y un prerregistro en SUPUESTOS.md con su propio commit (A-N0-12)",,,,,USGS DS140 (producción y valor unitario) o Pink Sheet; deflactor por leer,,,,,,A-N0-12,,,,0
viviendas_eeuu_respuesta_oferta_precio,Viviendas de EE.UU.: respuesta observada de la oferta al precio,elasticidad,elasticidad de la oferta,no,"pendiente: familia ""respuesta observada de la oferta al precio""; antes de calcular, un paso 0 corto de las fuentes de precio y un prerregistro en SUPUESTOS.md con su propio commit (A-N0-12)",,,,,"Censo (construcción) e índice de precios de la FHFA, por leer",,,,,,A-N0-12,,,,0
acciones_eeuu_respuesta_oferta_precio,Acciones de EE.UU.: respuesta observada de la oferta al precio,elasticidad,elasticidad de la oferta,no,"pendiente: familia ""respuesta observada de la oferta al precio""; antes de calcular, un paso 0 corto de las fuentes de precio y un prerregistro en SUPUESTOS.md con su propio commit (A-N0-12)",,,,,Z.1 (emisión neta) y una medida de valuación por definir,,,,,,A-N0-12,,,,0
