date,LA384104005.Q,LA154104005.Q,LA153165105.Q,LA153166000.Q,LA144104005.Q,LA104104005.Q,LA314104005.Q,LA214104005.Q,LA794104005.Q,LA264104005.Q
1945:Q4,352402,29442,18706,6800,55940,44653,254385,12635,5814,5520
1946:Q4,343964,36067,23100,9777,63908,49889,231306,12683,5377,7823
1947:Q4,356685,44913,28267,13298,72561,56781,224898,14313,5377,11904
1948:Q4,369120,53423,33422,16332,79968,62811,220012,15717,7390,13116
1949:Q4,384453,61273,37406,19374,82933,64395,223629,16618,8703,13469
1950:Q4,411373,74845,45250,23947,92084,70439,223234,21210,11444,13614
1951:Q4,434345,83447,51792,25350,103806,78867,223506,23586,12251,14213
1952:Q1,443100,85700,53355,25947,105429,79982,226303,25668,11850,14447
1952:Q2,452623,89022,54952,27542,107712,81411,227523,28366,13027,14662
1952:Q3,460695,91883,56621,28678,110118,83192,229137,29557,13158,14713
1952:Q4,468756,95595,58416,30522,112537,85098,229829,30795,14159,14765
1953:Q1,476996,99754,60296,32496,114297,86711,230931,32014,14324,14931
1953:Q2,484933,103185,62384,33379,116105,87961,232382,33261,14487,15162
1953:Q3,494955,105582,64182,34153,117753,89017,237102,34518,15793,15589
1953:Q4,498932,108158,65938,34614,117609,89253,237379,35786,16136,15887
1954:Q1,503551,109969,67647,34429,119137,90352,237381,37064,15161,16028
1954:Q2,509442,112672,69787,34742,120313,90725,238068,38389,16108,15889
1954:Q3,516098,115975,72314,35068,122482,91872,237933,39708,16514,15784
1954:Q4,525508,120453,75356,35963,123758,92843,240195,41102,16758,15986
1955:Q1,533301,125737,78549,37501,125485,93896,239601,42478,17462,15876
1955:Q2,543885,131665,81888,39544,128878,95914,239587,43755,17964,15940
1955:Q3,553187,136861,85009,41438,131806,97632,239535,44985,19237,15932
1955:Q4,563842,141563,87936,42949,136054,101216,240077,46148,19993,15970
1956:Q1,571134,145632,90695,44298,139224,103791,239012,47266,21275,16134
1956:Q2,576192,149514,93542,45160,143002,106472,235303,48373,21099,16390
1956:Q3,582823,152606,96143,45898,146133,108575,234687,49397,22196,16466
1956:Q4,590711,156400,98745,46580,148891,110961,235039,50381,22050,16696
1957:Q1,599622,159998,101229,47379,151977,113756,236274,51373,23076,17019
1957:Q2,603917,163621,103274,48136,155695,116774,232121,52480,23523,17199
1957:Q3,612909,166411,105360,48878,158446,118734,234373,53679,24686,17328
1957:Q4,617864,168574,107374,49217,161011,120633,233240,55039,25059,17978
1958:Q1,625194,170187,109397,48901,163419,122620,235182,56406,26021,18418
1958:Q2,635110,172308,111383,48625,165496,123714,239506,57800,27114,18881
1958:Q3,641445,175485,113984,48820,168233,125303,238587,59140,25407,19306
1958:Q4,656559,180368,117177,49490,172148,127968,243374,60669,25821,19848
1959:Q1,667735,185158,120390,51130,174823,129231,245641,62113,27263,19966
1959:Q2,682181,190686,123583,52825,179940,132392,247894,63661,29848,20333
1959:Q3,695695,196494,126952,54859,183281,134057,250546,65374,31121,20640
1959:Q4,707085,202312,130099,57213,186897,136647,251180,66696,33911,20684
1960:Q1,714738,205944,133067,58070,190624,139272,249998,68172,36714,21068
1960:Q2,724973,211105,135591,59599,194603,141913,249677,69588,38221,21499
1960:Q3,733297,215384,138517,60582,197129,143167,249804,70980,38621,21836
1960:Q4,742760,219857,141378,61248,200620,145595,250072,72211,39018,22420
1961:Q1,750351,223424,144159,61669,203010,146198,250311,73606,39397,23048
1961:Q2,761226,227802,146812,61540,206361,148196,252356,74707,38876,23163
1961:Q3,774513,231794,150111,62079,209878,149684,256548,76293,41646,23708
1961:Q4,788596,237897,154027,63435,214708,152991,258176,77815,43295,24529
1962:Q1,800217,241979,157045,64323,217941,154537,260736,79561,43979,25403
1962:Q2,813930,247269,160433,66340,223077,157694,262629,80955,43838,26197
1962:Q3,825118,253278,164277,67648,227388,160115,262285,82167,45944,26041
1962:Q4,842334,259748,168307,69344,232772,163471,266044,83770,49218,26367
1963:Q1,855287,265529,171943,71309,236663,165593,268037,85058,48961,27241
1963:Q2,871505,273045,175980,73129,241370,167943,270284,86806,50939,28518
1963:Q3,883320,280355,180606,75440,245714,170151,269330,87921,54484,28828
1963:Q4,900618,288207,185106,77870,252160,174187,271008,89243,57624,29565
1964:Q1,914262,295158,189423,80555,256246,176590,272343,90515,57109,30369
1964:Q2,930822,302628,193538,82769,262035,179981,273916,92243,61920,30937
1964:Q3,947190,309327,198039,85288,267791,183449,276082,93990,62025,31546
1964:Q4,965255,317126,202335,87352,274196,187929,278309,95624,65565,33369
1965:Q1,981834,323883,206582,90344,281387,193189,279189,97375,65829,34615
1965:Q2,998873,331135,210488,93294,288852,197976,279373,99513,71517,35081
1965:Q3,1013004,337889,215034,95625,296185,202871,277467,101463,71869,35634
1965:Q4,1034076,345859,219449,97489,303791,208197,281252,103174,75609,36086
1966:Q1,1053481,352482,224085,100006,313353,214567,282763,104883,76837,36569
1966:Q2,1073035,359679,227382,101373,323873,222360,282469,107014,82745,37320
1966:Q3,1086123,363409,230300,102281,331875,228551,282300,108539,81977,37716
1966:Q4,1102733,368389,232742,103422,338206,232927,286101,110037,87726,38598
1967:Q1,1119242,371777,234955,104389,346567,239692,289406,111492,86642,38964
1967:Q2,1131871,376520,237210,105421,355877,246049,285886,113588,86613,40332
1967:Q3,1154358,382306,241614,106874,364082,251645,292284,115686,89013,41700
1967:Q4,1190912,402313,245974,108567,370865,255253,300362,117372,94027,43797
1968:Q1,1204740,397669,250119,110508,380965,263718,306990,119116,95368,45137
1968:Q2,1228186,407891,253803,112911,391182,270520,308055,121058,100821,45194
1968:Q3,1253286,415109,258280,115599,401548,278278,313637,122992,102674,46255
1968:Q4,1280418,426687,262934,119324,413387,286805,314219,126125,109308,47655
1969:Q1,1299620,429576,265603,122479,424567,295197,315342,130135,112076,48493
1969:Q2,1317927,438266,269871,125419,438856,304811,307375,133430,120910,49213
1969:Q3,1341131,443618,274629,127326,451410,313227,309983,136120,128475,50250
1969:Q4,1366289,453267,278689,129231,462182,320276,312583,138257,140578,49902
1970:Q1,1381280,451256,277740,130530,475164,340260,314500,140360,146067,49740
1970:Q2,1404938,453903,278865,131338,490307,351045,317154,143574,151213,49475
1970:Q3,1431689,459349,281771,132924,502770,358709,323589,145981,151613,49791
1970:Q4,1458429,467157,286015,133660,513928,365371,327027,150317,157373,50622
1971:Q1,1484628,475664,291470,138226,525351,372802,328923,154690,158686,51510
1971:Q2,1523922,485229,295430,141017,540560,380947,339263,158870,160258,52644
1971:Q3,1560849,496017,302126,144770,554738,389653,347468,162626,165647,53515
1971:Q4,1599204,511303,309454,149243,566409,395247,354745,166747,176393,54459
1972:Q1,1634979,524671,317906,153380,582869,406924,356270,171169,182731,55760
1972:Q2,1673365,540098,324324,158564,600714,415268,358194,174359,190803,56284
1972:Q3,1712122,553144,333264,162799,617329,424653,364207,177442,198200,56482
1972:Q4,1764103,571260,343552,168757,639383,436833,372750,180710,213369,57810
1973:Q1,1818610,590517,353598,176766,665674,452646,378186,184233,221629,58856
1973:Q2,1864038,604553,361862,183161,692830,468869,379668,186987,236971,60606
1973:Q3,1908445,620759,371042,187983,718200,489094,379074,190412,253303,60522
1973:Q4,1949734,636669,382218,192980,736457,506316,381829,194779,267612,62248
1974:Q1,1991562,649073,392321,196565,761378,522214,381929,199182,275020,62703
1974:Q2,2043125,664213,400813,199933,790645,540484,385635,202632,292984,67216
1974:Q3,2089371,678860,410404,202348,814076,553784,390234,206201,310564,70197
1974:Q4,2128604,691463,419339,201926,832471,565221,396457,208213,324129,73056
1975:Q1,2166769,700256,427459,202454,843284,570316,412756,210473,322204,76720
1975:Q2,2213099,708387,435481,199092,851443,572345,440620,212649,324326,78856
1975:Q3,2262670,724097,445509,202035,859902,576400,464591,214080,316707,81396
1975:Q4,2320336,747467,459087,206996,867584,579983,485926,219359,330330,86166
1976:Q1,2379293,767638,474026,211812,880679,584730,505967,225009,336442,90243
1976:Q2,2445670,788201,485633,216337,897828,595318,528227,231414,347107,94285
1976:Q3,2507335,808287,500528,221278,916964,607147,546903,235181,362926,97622
1976:Q4,2571117,836251,517073,228961,937324,620242,559712,237830,385433,102538
1977:Q1,2643297,864809,536389,236168,965753,637664,572404,240331,394995,104324
1977:Q2,2717707,897922,556489,246398,992711,653209,580529,246545,416150,106755
1977:Q3,2810271,931219,579584,255421,1019771,670301,607628,251653,433231,110801
1977:Q4,2899617,966499,602997,264892,1054347,694536,622606,256165,460338,112440
1978:Q1,2990911,1002802,627038,274811,1085605,714469,637105,265399,482770,116966
1978:Q2,3093601,1046971,650880,289868,1120805,734520,650943,274882,509948,120128
1978:Q3,3197670,1088856,678732,301165,1151793,749185,672723,284298,526700,122548
1978:Q4,3293544,1128011,708641,311305,1187814,769609,682118,295601,550136,136584
1979:Q1,3383292,1170217,740030,322611,1224876,793376,685071,303128,587758,141318
1979:Q2,3484724,1211369,766252,333789,1269922,815005,693719,309714,636694,144712
1979:Q3,3599118,1255569,795664,345271,1312240,837024,714755,316554,662370,152908
1979:Q4,3692020,1296896,826724,354616,1346999,854982,725909,322216,677939,159376
1980:Q1,3792721,1338608,860063,359093,1386800,876745,739509,327804,703653,164364
1980:Q2,3859837,1352030,875720,352773,1407447,883840,767360,333000,738847,171025
1980:Q3,3945930,1381252,900209,354263,1434561,895758,791355,338762,755945,175962
1980:Q4,4054534,1420187,926526,358044,1477729,922667,812184,344434,788390,185955
1981:Q1,4148097,1442338,944614,363365,1512102,938293,842366,351291,820576,194590
1981:Q2,4260780,1474872,966081,369096,1569321,979539,860707,355880,859169,200940
1981:Q3,4360408,1498878,980800,376062,1620679,1017419,876789,364062,899707,203886
1981:Q4,4467729,1526550,998261,377882,1661467,1041690,907658,372054,964715,232287
1982:Q1,4572815,1545004,1012723,383538,1703122,1070947,941829,382860,973767,242662
1982:Q2,4674532,1564464,1021850,388711,1749244,1101141,967057,393767,1008626,254988
1982:Q3,4787845,1567289,1017038,391153,1792976,1127930,1024123,403457,1046611,262297
1982:Q4,4903404,1597887,1031175,396718,1810714,1133060,1081029,413774,1097500,277455
1983:Q1,5040049,1608036,1033170,402687,1861182,1164624,1146269,424562,1097665,279582
1983:Q2,5199459,1652377,1057024,412172,1899544,1188301,1207253,440285,1132761,286051
1983:Q3,5358194,1700844,1085787,425395,1948776,1220561,1258653,449921,1184403,297910
1983:Q4,5500650,1759572,1116384,444878,1999189,1250208,1280780,461109,1238049,271295
1984:Q1,5729942,1813139,1153101,464733,2074998,1298722,1344109,497696,1273848,282009
1984:Q2,5936031,1870217,1182190,489551,2162725,1356792,1389644,513445,1329314,297352
1984:Q3,6140262,1915438,1210049,507427,2239815,1404956,1450932,534077,1393131,297007
1984:Q4,6346950,1977628,1243294,526584,2325746,1463098,1496457,547119,1487784,293920
1985:Q1,6602514,2078562,1316829,551452,2383258,1494791,1567286,573409,1492535,293741
1985:Q2,6822505,2142766,1348447,571290,2449465,1534690,1628224,602050,1555318,294736
1985:Q3,7043974,2223574,1402267,592622,2506237,1578046,1688195,625968,1648335,296442
1985:Q4,7389573,2329728,1450249,610574,2578134,1645088,1762014,719697,1784660,302920
1986:Q1,7561790,2383822,1489804,624425,2642710,1689872,1811367,723891,1863938,312707
1986:Q2,7795768,2436276,1529839,641290,2716315,1744363,1885675,757502,1982347,313068
1986:Q3,8026585,2514104,1589114,657442,2792785,1804994,1949671,770024,2094349,321072
1986:Q4,8267321,2592227,1649024,666355,2875176,1874981,2007547,792371,2227858,317500
1987:Q1,8434166,2626546,1694524,662981,2938650,1919802,2044222,824748,2306732,321782
1987:Q2,8640245,2706761,1757670,674860,2992100,1961382,2101468,839916,2401063,313103
1987:Q3,8825130,2774485,1804085,688353,3058948,2014688,2132373,859324,2503428,314602
1987:Q4,9015499,2818757,1829012,698640,3136377,2071514,2181714,878651,2569665,323537
1988:Q1,9221554,2894766,1887976,713264,3207540,2121675,2231681,887567,2655375,324565
1988:Q2,9430084,2967780,1946178,725994,3286180,2177149,2277616,898508,2729071,324663
1988:Q3,9625007,3038213,1999611,735994,3352218,2218830,2324952,909624,2819895,330088
1988:Q4,9834842,3102094,2055294,745206,3439017,2289762,2369615,924116,2869704,369242
1989:Q1,10022812,3167159,2092542,773653,3507107,2344385,2417116,931430,3042467,374112
1989:Q2,10214566,3242022,2143831,787208,3579131,2403860,2454316,939097,3173048,378104
1989:Q3,10384201,3314100,2205558,796149,3619455,2432747,2500028,950619,3164940,389840
1989:Q4,10584663,3386020,2260582,809285,3679918,2482035,2550522,968203,3220751,399371
1990:Q1,10818624,3479871,2341846,813793,3733670,2529951,2618661,986422,3252596,400720
1990:Q2,10987091,3541855,2396457,818310,3768623,2566832,2681731,994883,3294951,410801
1990:Q3,11142589,3593752,2444405,826225,3794779,2593249,2753929,1000129,3332737,417700
1990:Q4,11299896,3646226,2489811,824391,3811851,2613894,2830770,1011049,3404407,420932
1991:Q1,11403229,3702063,2539212,824860,3789533,2595754,2889145,1022488,3430221,428823
1991:Q2,11546073,3758137,2594631,822851,3789523,2595735,2961398,1037016,3502123,410267
1991:Q3,11671895,3788997,2614926,818093,3758452,2581301,3062723,1061724,3594863,414131
1991:Q4,11827826,3855230,2667880,815581,3726189,2556446,3147363,1099044,3600912,421408
1992:Q1,11972744,3907015,2717077,817269,3729583,2564386,3238034,1098112,3687862,421517
1992:Q2,12098038,3944262,2745769,815377,3722173,2564493,3328872,1102732,3793085,435568
1992:Q3,12261113,3996745,2791935,818575,3724298,2575089,3423745,1116325,3953956,438698
1992:Q4,12377462,4056078,2840903,824769,3717770,2574349,3491131,1112483,3988044,435552
1993:Q1,12511306,4098211,2865468,832774,3735138,2601186,3550016,1127941,4140991,448281
1993:Q2,12716309,4159161,2915007,843397,3768809,2638699,3641160,1147181,4186314,462289
1993:Q3,12912968,4230313,2957541,860654,3805889,2681075,3709638,1167127,4403342,489820
1993:Q4,13103253,4305539,2999676,886169,3845564,2722099,3784333,1167817,4469652,526340
1994:Q1,13259531,4377943,3042089,912689,3909258,2784412,3809947,1162384,4686377,503218
1994:Q2,13439186,4456485,3082415,946409,3959096,2830783,3879587,1144019,4810279,499817
1994:Q3,13615758,4528346,3118959,980405,4014239,2879971,3930822,1142351,4955244,502863
1994:Q4,13798281,4630251,3166443,1021168,4068939,2930133,3977825,1121266,4984232,514636
1995:Q1,13963515,4703850,3204273,1058385,4139211,2988770,4014758,1105695,5153488,540153
1995:Q2,14209044,4786125,3245223,1095019,4214328,3054812,4117880,1090712,5308257,558057
1995:Q3,14368809,4879837,3286337,1133141,4262664,3089682,4149241,1077067,5466124,577660
1995:Q4,14491814,4953383,3320508,1168160,4326587,3141423,4151993,1059851,5642228,651620
1996:Q1,14719228,5075523,3397077,1197356,4374164,3172843,4215263,1054279,5802926,662928
1996:Q2,14948361,5166162,3449820,1224879,4451641,3232368,4279856,1050702,5985143,673581
1996:Q3,15124128,5236815,3490826,1247457,4517725,3277777,4327644,1041944,6104024,697826
1996:Q4,15259675,5316549,3538631,1273878,4560827,3302602,4343083,1039216,6277730,727436
1997:Q1,15459155,5396636,3590819,1284329,4648465,3366649,4369735,1044319,6469889,731306
1997:Q2,15674103,5478887,3636217,1302783,4747585,3441517,4395840,1051791,6683330,751675
1997:Q3,15940297,5576476,3707979,1321301,4877063,3544383,4415848,1070910,6899764,779673
1997:Q4,16139230,5656358,3746359,1344165,4986314,3623539,4406492,1090066,7092564,794400
1998:Q1,16422737,5765428,3826394,1352528,5144116,3738257,4407668,1105525,7442521,820764
1998:Q2,16770178,5888741,3893247,1393784,5322901,3868850,4435297,1123239,7698852,844819
1998:Q3,16995054,5978997,3953383,1417348,5471144,3971834,4405499,1139414,7997687,841764
1998:Q4,17278903,6110785,4048590,1441272,5616073,4070607,4395086,1156959,8098243,841955
1999:Q1,17589494,6252009,4153253,1471714,5784668,4191035,4380183,1172635,8415686,840247
1999:Q2,17840945,6394036,4237787,1500711,5890003,4259533,4378870,1178036,8667634,836755
1999:Q3,18177349,6531319,4339896,1533015,6096847,4412803,4356925,1192258,8945755,856456
1999:Q4,18460945,6680932,4424263,1553622,6219943,4477210,4365000,1195070,9251584,808861
2000:Q1,18748736,6845481,4513839,1584412,6388304,4598224,4314728,1200223,9548463,830834
2000:Q2,18939684,6973635,4609402,1632955,6557823,4707875,4214688,1193537,9800913,816214
2000:Q3,19145626,7140402,4708944,1692853,6656329,4767862,4143884,1205012,10016620,840584
2000:Q4,19317963,7248274,4805227,1741267,6766747,4828105,4090025,1212917,10351155,868353
2001:Q1,19550000,7370392,4918591,1784759,6811864,4833040,4122910,1244835,10668421,1011482
2001:Q2,19786047,7552458,5061838,1816504,6938794,4916971,4030298,1264498,10902717,995285
2001:Q3,20188934,7794112,5204313,1838308,7010350,4951040,4096885,1287587,11320859,954276
2001:Q4,20428942,7891964,5311785,1891827,7071752,4969335,4145237,1319989,11548848,996413
2002:Q1,20712732,8083855,5475225,1918895,7127200,4984769,4156459,1345219,11754850,1000441
2002:Q2,21038925,8233788,5618347,1951616,7164734,4982689,4260359,1380043,12062774,1061510
2002:Q3,21410057,8435816,5805274,1975317,7198944,4978336,4357678,1417619,12336428,1072097
2002:Q4,21805198,8668354,6016313,1997008,7246366,4986596,4427328,1463150,12650883,1119207
2003:Q1,22120537,8893596,6191637,2026273,7263313,4982694,4473103,1490525,13043767,1118220
2003:Q2,22709241,9251907,6423530,2058502,7283597,4986319,4638593,1535144,13506762,1163216
2003:Q3,23142941,9489001,6661508,2082493,7341411,5027031,4752623,1559907,13691987,1169036
2003:Q4,23540425,9749490,6895613,2102932,7356615,5022043,4848035,1586285,13844458,1399509
2004:Q1,24762882,9987146,7078011,2135867,7501176,5096747,4912015,2362545,14263147,1464561
2004:Q2,25357221,10281438,7330378,2154712,7574471,5110462,5081329,2419983,14565193,1457898
2004:Q3,25879292,10534094,7569696,2187446,7701606,5175727,5173474,2470118,15052131,1563154
2004:Q4,26479300,10880689,7840578,2220119,7841610,5253078,5250883,2506118,15238011,1673325
2005:Q1,27018847,11119337,8059922,2248511,7989006,5321793,5352908,2557596,15668898,1685754
2005:Q2,27636078,11439836,8339411,2276583,8147138,5395225,5446929,2602176,16130738,1767312
2005:Q3,28177952,11756790,8617811,2300822,8273022,5434412,5502074,2646066,16389841,1786396
2005:Q4,28774571,12053660,8902867,2320555,8462577,5535493,5584775,2673559,16776555,1728255
2006:Q1,29500643,12451007,9195175,2385808,8683736,5653569,5690834,2675067,17264138,1892872
2006:Q2,30186727,12806844,9505630,2395813,8897791,5762306,5769608,2712485,17767533,1962404
2006:Q3,30664239,13092387,9737882,2426814,9045127,5806411,5773590,2753135,18366193,2100819
2006:Q4,31237357,13347390,9899344,2456716,9291001,5948598,5803923,2795043,18686195,2220162
2007:Q1,31869375,13550035,10078056,2484433,9540249,6080711,5925487,2853604,19588137,2346775
2007:Q2,32561349,13857677,10290400,2519121,9853548,6278737,5939236,2910888,20058007,2503001
2007:Q3,33175200,14060077,10469725,2566995,10174959,6484418,5994293,2945870,20768779,2614725
2007:Q4,33741732,14243675,10577134,2609477,10448788,6641937,6074315,2974954,21111283,2666359
2008:Q1,34315736,14412057,10648334,2645604,10660123,6767013,6243058,3000498,21610068,2853376
2008:Q2,34578099,14362914,10644885,2662410,10866199,6886046,6327803,3021183,21577081,2670879
2008:Q3,35332090,14471484,10624279,2657388,11008586,6957255,6821395,3030625,21956712,2393604
2008:Q4,35609207,14163728,10540066,2643789,11044784,6919403,7376817,3023878,20795421,1995623
2009:Q1,35933928,14109797,10546799,2622827,10976504,6863715,7787501,3060126,20122759,2127467
2009:Q2,36319817,14084462,10522721,2591475,10880076,6797247,8252398,3102881,19572806,2234520
2009:Q3,36501748,14035976,10454666,2576593,10700485,6651003,8638184,3127103,19136297,2431647
2009:Q4,36547552,14003269,10406753,2555017,10494252,6478010,8882645,3167386,18437595,2452354
2010:Q1,36909353,13951256,10281906,2536551,10466489,6456421,9296063,3195544,18088644,2620850
2010:Q2,37289967,13892945,10221685,2518416,10398989,6396429,9796051,3201982,17853037,2682343
2010:Q3,37665435,13791886,10125257,2522094,10439520,6440965,10217547,3216481,17598296,2916098
2010:Q4,37928948,13770903,9957898,2646811,10362519,6375802,10528562,3266964,17626333,2941412
2011:Q1,38135123,13791693,9927045,2672031,10372326,6401571,10724880,3246224,17652057,3033250
2011:Q2,38424509,13741131,9871638,2693088,10457158,6504844,10999912,3226308,17536094,3237705
2011:Q3,38863217,13689022,9802504,2720060,10537178,6603912,11403486,3233531,17507835,3222864
2011:Q4,39209398,13662548,9754939,2756225,10635754,6714524,11667250,3243846,17316772,3259485
2012:Q1,39633366,13659299,9698257,2791565,10723667,6759870,12002609,3247791,17406643,3243510
2012:Q2,40119201,13625338,9636201,2829849,10838316,6830050,12385649,3269898,17264677,3307530
2012:Q3,40527059,13588890,9560304,2865788,11014927,6964904,12643841,3279402,17400832,3467658
2012:Q4,40807014,13416036,9506994,2912905,11286524,7193984,12847828,3256626,17419981,3679438
2013:Q1,41230755,13438344,9469164,2963146,11377348,7261926,13154772,3260291,17357116,3753968
2013:Q2,41499942,13447143,9432022,3000935,11546682,7403829,13259999,3246118,17232536,3642581
2013:Q3,41865806,13465239,9414881,3045859,11749239,7580001,13414809,3236519,17105401,3744951
2013:Q4,42469908,13612709,9395044,3090468,11884327,7687311,13705127,3267745,17226367,3697470
2014:Q1,42948496,13679189,9372694,3150696,12076396,7811130,13923713,3269198,17242463,3838802
2014:Q2,43321697,13712303,9353141,3209897,12261948,7927756,14090249,3257197,17369065,3986377
2014:Q3,43625670,13649365,9335637,3265100,12462799,8057849,14311437,3202070,17392124,4004857
2014:Q4,44073366,13703940,9341508,3309540,12713929,8235111,14441054,3214443,17514465,4023976
2015:Q1,44430674,13754994,9328401,3360574,12947101,8410997,14495074,3233505,17504993,4118004
2015:Q2,45041310,13861547,9356329,3425249,13231777,8632138,14705361,3242624,17543863,4064234
2015:Q3,45407896,13945356,9375482,3487878,13428167,8763607,14780909,3253464,17652421,4073796
2015:Q4,45948705,13937185,9435806,3400230,13596242,8870864,15165626,3249652,17456264,4009173
2016:Q1,46571955,14040761,9460440,3469145,13885840,9066083,15383414,3261940,17470864,4115062
2016:Q2,47089356,14145150,9498292,3525124,14037468,9119919,15623981,3282756,17628292,4277531
2016:Q3,47623859,14258448,9541363,3588380,14221602,9208703,15849914,3293895,17791401,4315507
2016:Q4,47937651,14351334,9591930,3636438,14282015,9170176,16008291,3296011,17695673,4196354
2017:Q1,48313602,14479108,9664615,3687390,14570973,9344660,15981842,3281679,17695780,4335419
2017:Q2,48910025,14605134,9723509,3730075,14834414,9492492,16188805,3281673,17998507,4443905
2017:Q3,49481752,14709260,9783508,3774833,15050569,9593440,16441783,3280140,18040674,4521559
2017:Q4,50113393,14853297,9852345,3830785,15340303,9766226,16606939,3312854,18082194,4730585
2018:Q1,50823053,14974094,9916567,3876824,15521486,9876284,17037855,3289618,17810367,4807234
2018:Q2,51706466,15086411,9989389,3903141,15985692,10268595,17343876,3290487,17944795,4796914
2018:Q3,52285935,15207499,10063309,3958355,16186925,10394857,17600751,3290760,17969585,4818820
2018:Q4,52854838,15331891,10121618,4007042,16389447,10523606,17865026,3268474,18328630,4991906
2019:Q1,53430559,15438524,10175756,4051283,16644831,10749528,18095813,3251390,18376465,5207455
2019:Q2,53936664,15604751,10254843,4093846,16807495,10882992,18284524,3239894,18752669,5360662
2019:Q3,54812197,15758596,10330399,4146108,17047110,11097265,18760667,3245824,19079525,5572087
2019:Q4,55358189,15904894,10391320,4192191,17144071,11165603,19039898,3269326,19018394,5569995
2020:Q1,56788658,16000522,10462087,4169625,18002343,11938553,19503940,3281853,20479001,5470843
2020:Q2,60531958,15990814,10525953,4101549,18686027,12417163,22540039,3315078,19387481,5588128
2020:Q3,61297438,16175155,10663806,4128741,18708636,12323069,23051482,3362165,19430204,5673128
2020:Q4,62136630,16353810,10783195,4149026,18783749,12279638,23621060,3378011,19746871,5975656
2021:Q1,62917068,16558215,10922086,4188483,19024706,12423979,23931020,3403127,19986601,6022494
2021:Q2,64496003,17234909,11379473,4388617,19364091,12699446,24472392,3424611,21475267,6068151
2021:Q3,65184989,17537436,11591929,4447135,19622280,12903311,24578926,3446348,22399991,6282510
2021:Q4,66688878,17875125,11814482,4512720,20068786,13177755,25304484,3440483,22920401,6380430
2022:Q1,68151861,18257865,12074002,4598630,20463891,13433616,26008949,3421155,23416993,6159017
2022:Q2,69168607,18648975,12333949,4698762,20852866,13682639,26225074,3441692,24182199,5955689
2022:Q3,70093834,18959378,12530238,4778704,21075608,13787910,26616475,3442373,24658488,5844406
2022:Q4,70647649,19200295,12654112,4858439,21193710,13782477,26851376,3402268,25285896,5842488
2023:Q1,71374754,19316696,12742688,4909164,21420981,13937471,27225515,3411562,26330331,6023119
2023:Q2,72325241,19460603,12841466,4948991,21510487,13997119,27923706,3430444,25686527,6186501
2023:Q3,73437045,19614274,12959731,4955830,21596992,14052647,28795543,3430236,25087204,6188258
2023:Q4,74283380,19734888,13029438,4988226,21654872,14076821,29471810,3421810,24825064,6426120
2024:Q1,75212792,19858530,13101725,5014898,21889841,14261646,30021136,3443284,24726179,6401500
2024:Q2,75940079,19986593,13207167,5026363,22145846,14463791,30314320,3493320,24986565,6547491
2024:Q3,77056717,20138620,13312216,5058343,22368282,14637028,31023437,3526378,25375145,6762895
2024:Q4,77718783,20232020,13394548,4947230,22352550,14548273,31616718,3517495,25188071,6766908
2025:Q1,78394311,20389237,13480225,5021864,22570994,14714367,31880913,3553167,25911486,7246562
2025:Q2,79019241,20578920,13601410,5043532,22815910,14890244,31998709,3625701,26479745,7575509
2025:Q3,80758897,20771770,13719610,5071962,23073341,15074246,33238519,3675267,26228263,7784267
2025:Q4,81810789,20931778,13788341,5098821,23291460,15169385,33908985,3678566,26434562,7942898
2026:Q1,83022190,21113848,13858562,5131427,23700897,15486358,34472927,3734518,27005220,8161527
2026:Q2,84092940,21377787,14010942,5168140,23971523,15698562,34924533,3819096,27662394,8610967
