date,LM893064105.Q,LM103164105.Q,LM103164115.Q,LM103164125.Q,LM793164105.Q,LM763164105.Q,LM763164113.Q,LM763164123.Q,LM513164105.Q,LM513164113.Q,LM513164123.Q,LM543164175.Q,LM543164113.Q,LM543164123.Q,LM554090005.Q,LM564090005.Q,LM403164105.Q,LM643164105.Q,LM643164113.Q,LM643164123.Q,LM453164105.Q,LM453164113.Q,LM453164123.Q,LM463164105.Q,LM663164105.Q,LM663164113.Q,LM663164123.Q,LM733164105.Q,LM733164113.Q,LM733164123.Q,LM503164105.Q,LM503164115.Q,LM503164125.Q,LM263164105.Q,LM893064105.Q,LM153064105.Q,LM103064103.Q,LM313064105.Q,LM213064103.Q,FL713064103.Q,LM763064103.Q,FL753064103.Q,LM513064105.Q,LM543064105.Q,LM573064105.Q,LM343064105.Q,LM223064145.Q,LM653064100.Q,LM553064103.Q,LM563064100.Q,LM453064103.Q,LM463064105.Q,LM623064105.Q,LM443064100.Q,LM663064105.Q,FL503064105.Q,LM263064105.Q,LM883164115.Q,LM883164125.Q,LM883164133.Q,LM883164135.Q,PC073164013.Q
1945:Q4,152852,103694,103694,0,48216,1811,1811,0,0,0,0,0,0,0,971,0,0,0,0,0,0,0,0,0,121,121,0,2325,2325,0,42988,42988,0,942,152852,144855,0,0,0,0,166,1,1760,999,0,0,7,1033,777,0,0,0,0,0,554,0,2700,151910,0,0,0,ND
1946:Q4,146656,97302,97302,0,48353,2333,2333,0,0,0,0,0,0,0,1000,0,0,0,0,0,0,0,0,0,141,141,0,2616,2616,0,42263,42263,0,1001,146656,138515,0,0,0,0,180,1,1719,1249,0,0,8,1044,800,0,0,0,0,0,450,0,2690,145655,0,0,0,ND
1947:Q4,144829,95116,95116,0,48741,2890,2890,0,0,0,0,0,0,0,1300,0,0,0,0,0,0,0,0,0,104,104,0,2228,2228,0,42219,42219,0,972,144829,136405,0,0,0,0,146,1,1744,1390,0,0,10,1153,1040,0,0,0,0,0,460,0,2480,143857,0,0,0,ND
1948:Q4,144008,94141,94141,0,48923,2444,2444,0,0,0,0,0,0,0,1400,0,0,0,0,0,0,0,0,0,100,100,0,2009,2009,0,42970,42970,0,944,144008,135486,0,0,0,0,157,1,1809,1428,0,0,13,1226,1120,0,0,0,0,0,463,0,2305,143064,0,0,0,ND
1949:Q4,153784,103822,103822,0,49254,2599,2599,0,0,0,0,0,0,0,1700,0,0,0,0,0,0,0,0,0,104,104,0,1975,1975,0,42876,42876,0,708,153784,142455,0,0,0,0,157,1,2224,1718,0,0,20,2710,1360,0,0,0,0,0,649,0,2490,153076,0,0,0,ND
1950:Q4,177528,126681,126681,0,49672,2077,2077,0,0,0,0,0,0,0,2000,0,0,0,0,0,0,0,0,0,94,94,0,2053,2053,0,43448,43448,0,1175,177528,164696,0,0,0,0,181,1,2587,2103,0,0,29,2897,1600,0,0,0,0,0,509,0,2925,176353,0,0,0,ND
1951:Q4,199082,147629,147629,0,50063,2184,2184,0,0,0,0,0,0,0,2200,0,0,0,0,0,0,0,0,0,93,93,0,2053,2053,0,43533,43533,0,1390,199082,184698,0,0,0,0,227,1,2911,2221,275,0,41,2948,1760,0,0,0,0,0,550,0,3450,197692,0,0,0,ND
1952:Q1,202048,151463,151463,0,50222,2143,2143,0,0,0,0,0,0,0,2267,0,0,0,0,0,0,0,0,0,87,87,0,1968,1968,0,43757,43757,0,363,202048,186382,0,0,0,0,249,2,2941,2236,1445,0,44,3034,1814,0,0,0,0,0,447,0,3454,201685,0,0,0,ND
1952:Q2,208759,157607,157607,0,50363,2168,2168,0,0,0,0,0,0,0,2344,0,0,0,0,0,0,0,0,0,87,87,0,1890,1890,0,43874,43874,0,789,208759,192554,0,0,0,0,278,2,3040,2301,1562,0,47,3120,1875,0,0,0,0,0,441,0,3539,207970,0,0,0,ND
1952:Q3,208511,156907,156907,0,50476,2204,2204,0,0,0,0,0,0,0,2424,0,0,0,0,0,0,0,0,0,88,88,0,2028,2028,0,43732,43732,0,1128,208511,192052,0,0,0,0,302,2,2977,2245,1602,0,49,3261,1939,0,0,0,0,0,648,0,3434,207383,0,0,0,ND
1952:Q4,198678,146628,146628,0,50591,2155,2155,0,0,0,0,0,0,0,2500,0,0,0,0,0,0,0,0,0,81,81,0,2188,2188,0,43667,43667,0,1459,198678,181107,0,0,0,0,336,2,3245,2446,1843,0,56,3326,2000,0,0,0,0,0,612,0,3705,197219,0,0,0,ND
1953:Q1,195249,143052,143052,0,50705,2554,2554,0,0,0,0,0,0,0,2575,0,0,0,0,0,0,0,0,0,83,83,0,2170,2170,0,43323,43323,0,1492,195249,177850,0,0,0,0,357,2,3165,2396,1916,0,59,3255,2060,0,0,0,0,0,620,0,3569,193757,0,0,0,ND
1953:Q2,186022,133816,133816,0,50807,2420,2420,0,0,0,0,0,0,0,2650,0,0,0,0,0,0,0,0,0,91,91,0,2238,2238,0,43408,43408,0,1399,186022,168575,0,0,0,0,378,2,3134,2395,2042,0,63,3197,2120,0,0,0,0,0,640,0,3476,184623,0,0,0,ND
1953:Q3,181485,129274,129274,0,50921,2557,2557,0,0,0,0,0,0,0,2725,0,0,0,0,0,0,0,0,0,95,95,0,2254,2254,0,43290,43290,0,1290,181485,163841,0,0,0,0,399,3,3133,2413,2169,0,68,3170,2180,0,0,0,0,0,679,0,3430,180195,0,0,0,ND
1953:Q4,196403,144082,144082,0,50992,2723,2723,0,0,0,0,0,0,0,2800,0,0,0,0,0,0,0,0,0,106,106,0,2157,2157,0,43206,43206,0,1329,196403,177571,0,0,0,0,432,3,3344,2573,2392,0,75,3521,2240,0,0,0,0,0,602,0,3650,195074,0,0,0,ND
1954:Q1,208840,156255,156255,0,51146,2543,2543,0,0,0,0,0,0,0,2873,0,0,0,0,0,0,0,0,0,97,97,0,2044,2044,0,43589,43589,0,1439,208840,188597,0,0,0,0,467,3,3637,2773,2605,0,82,3843,2298,0,0,0,0,0,539,0,3996,207401,0,0,0,ND
1954:Q2,225418,172550,172550,0,51314,2698,2698,0,0,0,0,0,0,0,2943,0,0,0,0,0,0,0,0,0,89,89,0,2057,2057,0,43527,43527,0,1554,225418,203774,0,0,0,0,497,4,3897,2920,2685,0,84,4218,2354,0,0,0,0,0,632,0,4353,223864,0,0,0,ND
1954:Q3,245245,191985,191985,0,51552,2885,2885,0,0,0,0,0,0,0,3016,0,0,0,0,0,0,0,0,0,82,82,0,2382,2382,0,43187,43187,0,1708,245245,221809,0,0,0,0,531,5,4216,3093,2821,0,89,4749,2413,0,0,0,0,0,715,0,4804,243537,0,0,0,ND
1954:Q4,248357,194840,194840,0,51649,2600,2600,0,0,0,0,0,0,0,3100,0,0,0,0,0,0,0,0,0,90,90,0,2741,2741,0,43118,43118,0,1868,248357,222894,0,0,0,0,572,5,4539,3268,3154,0,99,5361,2480,0,0,0,0,0,731,0,5254,246489,0,0,0,ND
1955:Q1,255684,202122,202122,0,51628,2504,2504,0,0,0,0,0,0,0,3192,0,0,0,0,0,0,0,0,0,100,100,0,2790,2790,0,43042,43042,0,1934,255684,229229,0,0,0,0,612,5,4609,3261,3551,0,113,5753,2554,0,0,0,0,0,590,0,5407,253750,0,0,0,ND
1955:Q2,279570,225533,225533,0,51869,2439,2439,0,0,0,0,0,0,0,3294,0,0,0,0,0,0,0,0,0,95,95,0,2737,2737,0,43304,43304,0,2168,279570,249979,0,0,0,0,691,6,5030,3499,4519,0,148,6366,2635,0,0,0,0,0,716,0,5981,277402,0,0,0,ND
1955:Q3,295380,240995,240995,0,52052,2553,2553,0,0,0,0,0,0,0,3399,0,0,0,0,0,0,0,0,0,100,100,0,2828,2828,0,43172,43172,0,2333,295380,264068,0,0,0,0,762,6,5275,3606,5446,0,180,6358,2719,0,0,0,0,0,611,0,6349,293047,0,0,0,ND
1955:Q4,298673,244222,244222,0,52012,2333,2333,0,0,0,0,0,0,0,3500,0,0,0,0,0,0,0,0,0,116,116,0,2924,2924,0,43139,43139,0,2439,298673,265346,0,0,0,0,808,6,5408,3633,6085,0,200,6927,2800,0,0,0,0,0,885,0,6575,296234,0,0,0,ND
1956:Q1,317228,262345,262345,0,52241,2089,2089,0,0,0,0,0,0,0,3598,0,0,0,0,0,0,0,0,0,111,111,0,2797,2797,0,43646,43646,0,2642,317228,281568,0,0,0,0,855,6,5767,3800,6817,0,217,7504,2878,0,0,0,0,0,742,0,7074,314586,0,0,0,ND
1956:Q2,307689,252704,252704,0,52394,2191,2191,0,0,0,0,0,0,0,3693,0,0,0,0,0,0,0,0,0,115,115,0,2860,2860,0,43535,43535,0,2591,307689,272443,0,0,0,0,836,6,5577,3591,6739,0,201,7688,2954,0,0,0,0,0,755,0,6899,305098,0,0,0,ND
1956:Q3,301922,246833,246833,0,52524,2201,2201,0,0,0,0,0,0,0,3791,0,0,0,0,0,0,0,0,0,121,121,0,2999,2999,0,43412,43412,0,2565,301922,267405,0,0,0,0,822,6,5470,3453,6712,0,189,7361,3033,0,0,0,0,0,666,0,6805,299357,0,0,0,ND
1956:Q4,323618,268373,268373,0,52620,2210,2210,0,0,0,0,0,0,0,3900,0,0,0,0,0,0,0,0,0,128,128,0,3013,3013,0,43369,43369,0,2625,323618,287754,0,0,0,0,837,6,5599,3503,7065,0,200,7887,3120,0,0,0,0,0,686,0,6961,320993,0,0,0,ND
1957:Q1,309276,254023,254023,0,52767,2211,2211,0,0,0,0,0,0,0,4016,0,0,0,0,0,0,0,0,0,125,125,0,2940,2940,0,43475,43475,0,2486,309276,274211,0,0,0,0,833,7,5372,3378,7014,0,215,7891,3213,0,0,0,0,0,521,0,6621,306790,0,0,0,ND
1957:Q2,328675,273076,273076,0,52954,2333,2333,0,0,0,0,0,0,0,4139,0,0,0,0,0,0,0,0,0,122,122,0,2643,2643,0,43717,43717,0,2645,328675,290571,0,0,0,0,891,7,5879,3773,7948,0,277,8370,3311,0,0,0,0,0,536,0,7112,326030,0,0,0,ND
1957:Q3,300970,245392,245392,0,53190,2665,2665,0,0,0,0,0,0,0,4267,0,0,0,0,0,0,0,0,0,134,134,0,2824,2824,0,43300,43300,0,2388,300970,264952,0,0,0,0,877,8,5456,3570,7638,0,294,7716,3414,0,0,0,0,0,561,0,6484,298582,0,0,0,ND
1957:Q4,301375,245747,245747,0,53395,2797,2797,0,0,0,0,0,0,0,4400,0,0,0,0,0,0,0,0,0,139,139,0,2898,2898,0,43161,43161,0,2233,301375,266362,0,0,0,0,872,9,5159,3391,7489,0,300,7411,3520,0,0,0,0,0,771,0,6091,299142,0,0,0,ND
1958:Q1,317251,261319,261319,0,53612,2993,2993,0,0,0,0,0,0,0,4539,0,0,0,0,0,0,0,0,0,158,158,0,2835,2835,0,43087,43087,0,2320,317251,280533,0,0,0,0,909,9,5342,3479,8060,0,320,8012,3631,0,0,0,0,0,628,0,6328,314931,0,0,0,ND
1958:Q2,334908,278565,278565,0,53829,2908,2908,0,0,0,0,0,0,0,4686,0,0,0,0,0,0,0,0,0,143,143,0,4856,4856,0,41236,41236,0,2514,334908,294974,0,0,0,0,969,9,5703,3626,8981,0,340,8949,3749,0,0,0,0,0,768,0,6840,332394,0,0,0,ND
1958:Q3,367416,310541,310541,0,54089,2825,2825,0,0,0,0,0,0,0,4835,0,0,0,0,0,0,0,0,0,160,160,0,5052,5052,0,41217,41217,0,2786,367416,323831,0,0,0,0,1039,10,6184,3831,10184,0,365,10142,3868,0,0,0,0,0,425,0,7537,364630,0,0,0,ND
1958:Q4,382051,324670,324670,0,54286,2805,2805,0,0,0,0,0,0,0,4980,0,0,0,0,0,0,0,0,0,216,216,0,4953,4953,0,41332,41332,0,3095,382051,333702,0,0,0,0,1099,10,6721,4109,11561,0,400,11672,3984,0,0,0,0,0,488,0,8305,378956,0,0,0,ND
1959:Q1,389733,332012,332012,0,54528,2609,2609,0,0,0,0,0,0,0,5119,0,0,0,0,0,0,0,0,0,245,245,0,5330,5330,0,41225,41225,0,3193,389733,339992,0,0,0,0,1102,10,6763,4133,12137,0,415,12455,4044,0,0,0,0,0,207,0,8475,386540,0,0,0,ND
1959:Q2,404640,346451,346451,0,54738,2493,2493,0,0,0,0,0,0,0,5248,0,0,0,0,0,0,0,0,0,265,265,0,5617,5617,0,41115,41115,0,3451,404640,351618,0,0,0,0,1110,11,7092,4375,13278,0,453,13260,4146,0,0,0,0,0,258,0,9039,401189,0,0,0,ND
1959:Q3,398247,339875,339875,0,54920,2609,2609,0,0,0,0,0,0,0,5385,0,0,0,0,0,0,0,0,0,315,315,0,6223,6223,0,40388,40388,0,3452,398247,345702,0,0,0,0,1068,11,6890,4309,13422,0,460,12861,4254,0,0,0,0,0,364,0,8906,394795,0,0,0,ND
1959:Q4,420820,362157,362157,0,54974,2293,2293,0,0,0,0,0,0,0,5546,0,0,0,0,0,0,0,0,0,432,432,0,6438,6438,0,40265,40265,0,3689,420820,364772,0,0,0,0,1070,11,7204,4561,14525,0,500,13867,4381,0,0,0,0,0,566,0,9363,417131,0,0,0,ND
1960:Q1,397831,339310,339310,0,54977,2547,2547,0,0,0,0,0,0,0,5548,0,0,0,0,0,0,0,0,0,468,468,0,6079,6079,0,40335,40335,0,3544,397831,344367,0,0,0,0,1013,12,6808,4368,14128,0,491,13284,4283,0,0,0,0,0,266,0,8811,394287,0,0,0,ND
1960:Q2,406755,347588,347588,0,55414,2594,2594,0,0,0,0,0,0,0,5908,0,0,0,0,0,0,0,0,0,511,511,0,6135,6135,0,40266,40266,0,3753,406755,350355,0,0,0,0,1021,13,7119,4642,15118,0,532,13989,4586,0,0,0,0,0,299,0,9081,403002,0,0,0,ND
1960:Q3,380195,321285,321285,0,55330,2691,2691,0,0,0,0,0,0,0,5841,0,0,0,0,0,0,0,0,0,586,586,0,5795,5795,0,40417,40417,0,3580,380195,326084,0,0,0,0,990,14,6734,4456,14603,0,521,13425,4468,0,0,0,0,0,440,0,8460,376615,0,0,0,ND
1960:Q4,425058,365166,365166,0,55908,2672,2672,0,0,0,0,0,0,0,6364,0,0,0,0,0,0,0,0,0,738,738,0,7022,7022,0,39112,39112,0,3984,425058,364813,0,0,0,0,1040,15,7456,4981,16545,0,600,14806,4964,0,0,0,0,0,536,0,9302,421074,0,0,0,ND
1961:Q1,471012,410353,410353,0,56180,2682,2682,0,0,0,0,0,0,0,6481,0,0,0,0,0,0,0,0,0,755,755,0,6796,6796,0,39466,39466,0,4479,471012,403502,0,0,0,0,1103,15,8384,5621,19082,0,704,17109,5013,0,0,0,0,0,11,0,10468,466533,0,0,0,ND
1961:Q2,472076,411555,411555,0,56081,2826,2826,0,0,0,0,0,0,0,6298,0,0,0,0,0,0,0,0,0,712,712,0,6727,6727,0,39518,39518,0,4440,472076,403359,0,0,0,0,1108,16,8368,5593,19596,0,735,17764,4849,0,0,0,0,0,152,0,10536,467636,0,0,0,ND
1961:Q3,484215,423621,423621,0,56070,3150,3150,0,0,0,0,0,0,0,6178,0,0,0,0,0,0,0,0,0,812,812,0,6798,6798,0,39132,39132,0,4524,484215,412972,0,0,0,0,1133,16,8588,5729,20660,0,792,18591,4757,0,0,0,0,0,77,0,10900,479691,0,0,0,ND
1961:Q4,521094,437674,437674,0,78518,3694,3694,0,0,0,0,0,0,0,6083,0,0,0,0,0,0,0,0,0,1058,1058,0,8423,8423,0,59260,59260,0,4902,521094,443622,0,0,0,0,1195,16,9309,6258,22856,0,900,20252,4684,0,0,0,0,0,194,0,11808,516192,0,0,0,ND
1962:Q1,510450,427931,427931,0,77641,4014,4014,0,0,0,0,0,0,0,6073,0,0,0,0,0,0,0,0,0,1090,1090,0,7832,7832,0,58632,58632,0,4878,510450,433425,0,0,0,0,1207,16,9197,6290,22866,0,931,20312,4639,0,0,0,0,0,19,0,11548,505572,0,0,0,ND
1962:Q2,390218,326582,326582,0,59789,2820,2820,0,0,0,0,0,0,0,5098,0,0,0,0,0,0,0,0,0,792,792,0,6206,6206,0,44873,44873,0,3847,390218,329923,0,0,0,0,1098,17,7145,5017,17845,0,753,15824,3706,0,0,0,0,0,97,0,8793,386371,0,0,0,ND
1962:Q3,412673,345363,345363,0,63125,2750,2750,0,5579,5579,0,0,0,0,5280,0,6,0,0,0,0,0,0,0,1064,1064,0,5731,5731,0,42715,42715,0,4185,412673,348575,0,0,0,0,1161,17,7673,5520,19251,0,845,16215,3917,0,0,0,0,0,232,0,9267,408488,0,0,0,ND
1962:Q4,503823,424314,424314,0,74795,3357,3357,0,6599,6599,0,0,0,0,5739,0,5,0,0,0,0,0,0,0,1220,1220,0,8041,8041,0,49834,49834,0,4714,503823,431479,0,0,0,0,1251,16,8620,6280,21885,0,1000,18339,4362,0,0,0,0,0,255,0,10336,499109,0,0,0,ND
1963:Q1,532830,447981,447981,0,79906,3619,3619,0,6809,6809,0,60,60,0,6144,0,5,0,0,0,0,0,0,0,1121,1121,0,8548,8548,0,53600,53600,0,4943,532830,444237,11691,0,0,0,1309,17,9092,6642,23509,0,1122,19587,4645,0,0,0,0,0,29,0,10950,527887,0,0,0,ND
1963:Q2,558992,469026,469026,0,84913,4030,4030,0,6703,6703,0,76,76,0,6556,0,6,0,0,0,0,0,0,0,1082,1082,0,9438,9438,0,57022,57022,0,5053,558992,465592,12026,0,0,0,1358,17,9417,6843,24949,0,1249,20917,4942,0,0,0,0,0,156,0,11526,553939,0,0,0,ND
1963:Q3,582272,487677,487677,0,89501,4406,4406,0,6845,6845,0,80,80,0,6947,0,7,0,0,0,0,0,0,0,1013,1013,0,10281,10281,0,59922,59922,0,5094,582272,485481,12268,0,0,0,1400,17,9665,6960,26270,0,1375,21491,5210,0,0,0,0,0,104,0,12031,577178,0,0,0,ND
1963:Q4,558475,465779,465779,0,87551,4302,4302,0,6620,6620,0,85,85,0,7290,0,7,0,0,0,0,0,0,0,971,971,0,9895,9895,0,58381,58381,0,5145,558475,457587,12666,0,0,0,1442,17,9959,7118,27670,0,1500,22085,5467,0,0,0,0,0,479,0,12485,553330,0,0,0,ND
1964:Q1,593215,495027,495027,0,92888,4101,4101,0,6916,6916,0,81,81,0,7528,0,8,0,0,0,0,0,0,0,926,926,0,10914,10914,0,62414,62414,0,5300,593215,486613,13226,0,0,0,1494,17,10499,7433,29690,0,1657,23697,5571,0,0,0,0,0,181,0,13137,587915,0,0,0,ND
1964:Q2,612252,511094,511094,0,95826,4287,4287,0,7338,7338,0,92,92,0,7703,0,8,0,0,0,0,0,0,0,830,830,0,11379,11379,0,64189,64189,0,5332,612252,501922,13568,0,0,0,1525,18,10866,7581,31136,0,1782,24256,5700,0,0,0,0,0,430,0,13468,606920,0,0,0,ND
1964:Q3,633228,528953,528953,0,98923,4385,4385,0,7673,7673,0,78,78,0,7822,0,10,0,0,0,0,0,0,0,964,964,0,11599,11599,0,66392,66392,0,5352,633228,518877,13866,0,0,0,1556,19,11227,7747,32638,0,1906,25693,5788,0,0,0,0,0,145,0,13766,627876,0,0,0,ND
1964:Q4,647246,545955,545955,0,96021,4136,4136,0,7574,7574,0,77,77,0,7890,0,14,0,0,0,0,0,0,0,812,812,0,11289,11289,0,64229,64229,0,5270,647246,530699,13844,0,0,0,1584,20,11351,7834,33705,0,2000,25638,5839,0,0,0,0,0,897,0,13835,641976,0,0,0,ND
1965:Q1,663263,559834,559834,0,98249,4110,4110,0,7140,7140,0,69,69,0,7894,0,14,0,0,0,0,0,0,0,826,826,0,19546,19546,0,58650,58650,0,5180,663263,544164,14085,0,0,0,1625,24,11435,7985,34953,0,2094,26533,5763,0,0,0,0,0,688,0,13914,658083,0,0,0,ND
1965:Q2,637854,539451,539451,0,93594,4314,4314,0,8030,8030,0,68,68,0,7521,0,10,0,0,0,0,0,0,0,706,706,0,18328,18328,0,54617,54617,0,4809,637854,521171,13763,0,0,0,1636,27,10887,7778,34570,0,2074,26183,5409,0,0,0,0,0,1077,0,13279,633045,0,0,0,ND
1965:Q3,693718,587928,587928,0,100749,4874,4874,0,8655,8655,0,70,70,0,7719,0,10,0,0,0,0,0,0,0,717,717,0,19950,19950,0,58754,58754,0,5041,693718,566815,14731,0,0,0,1754,28,11702,8597,38608,0,2326,28565,5635,0,0,0,0,0,661,0,14296,688677,0,0,0,ND
1965:Q4,734923,623812,623812,0,106063,5165,5165,0,9950,9950,0,80,80,0,7633,0,13,0,0,0,0,0,0,0,746,746,0,19840,19840,0,62636,62636,0,5048,734923,601439,15148,0,0,0,1809,30,12000,9006,40754,0,2500,30863,5572,0,0,0,0,0,1203,0,14599,729875,0,0,0,ND
1966:Q1,714419,606267,606267,0,103306,4902,4902,0,9372,9372,0,121,121,0,7548,0,13,0,0,0,0,0,0,0,797,797,0,18350,18350,0,62203,62203,0,4846,714419,581368,15646,0,0,0,1795,33,11770,8977,40765,0,2580,31372,5435,0,0,0,0,0,651,0,14027,709573,0,0,0,ND
1966:Q2,685683,581050,581050,0,100041,4501,4501,0,9485,9485,0,98,98,0,7437,0,16,0,0,0,0,0,0,0,1059,1059,0,18206,18206,0,59239,59239,0,4592,685683,555687,15829,0,0,0,1744,36,11386,8799,39868,0,2633,30268,5355,0,0,0,0,0,1155,0,12923,681091,0,0,0,ND
1966:Q3,615709,523227,523227,0,88360,3560,3560,0,9222,9222,0,75,75,0,6742,0,13,0,0,0,0,0,0,0,856,856,0,15681,15681,0,52211,52211,0,4122,615709,497826,15179,0,0,0,1646,38,10386,8109,36711,0,2527,26480,4686,0,0,0,0,0,666,0,11455,611587,0,0,0,ND
1966:Q4,660424,547891,547891,0,108209,5215,5215,0,11647,11647,0,79,79,0,7300,0,13,0,0,0,0,0,0,0,927,927,0,19948,19948,0,63080,63080,0,4324,660424,531716,16847,0,0,0,1701,41,11000,8692,39468,0,2800,28943,5256,0,0,0,0,0,1317,0,12643,656100,0,0,0,ND
1967:Q1,747328,625556,625556,0,116897,5009,5009,0,11423,11423,0,116,116,0,8000,0,16,0,0,0,0,0,0,0,1096,1096,0,20383,20383,0,70854,70854,0,4875,747328,599333,18608,0,0,0,1845,44,12432,9935,45497,0,3292,33712,5883,0,0,0,0,0,745,0,16002,742453,0,0,0,ND
1967:Q2,759549,641312,641312,0,113318,4503,4503,0,11083,11083,0,217,217,0,7819,0,34,0,0,0,0,0,0,0,1105,1105,0,18984,18984,0,69573,69573,0,4919,759549,605033,18388,0,0,0,1907,46,12486,10051,46820,0,3420,35265,5696,0,0,0,0,0,1281,0,19156,754630,0,0,0,ND
1967:Q3,809759,678588,678588,0,125944,5388,5388,0,11390,11390,0,185,185,0,7891,0,30,0,0,0,0,0,0,0,1206,1206,0,20901,20901,0,78953,78953,0,5227,809759,641200,19289,0,0,0,2021,49,13138,10671,50519,0,3740,38329,5748,0,0,0,0,0,1467,0,23588,804532,0,0,0,ND
1967:Q4,835107,712221,712221,0,117648,5190,5190,0,8068,8068,0,231,231,0,7549,0,37,0,0,0,0,0,0,0,1299,1299,0,19714,19714,0,75560,75560,0,5238,835107,663676,18911,0,0,0,2041,52,13000,10687,51104,0,3900,39176,5360,0,0,0,0,0,1689,0,25511,829869,0,0,0,ND
1968:Q1,776014,652734,652734,0,118342,5793,5793,0,7960,7960,0,175,175,0,7232,0,47,0,0,0,0,0,0,0,1143,1143,0,21251,21251,0,74741,74741,0,4938,776014,614634,18496,0,0,0,1967,55,12059,10053,48280,0,3847,35655,4961,0,0,0,0,0,1376,0,24631,771076,0,0,0,ND
1968:Q2,884503,731114,731114,0,147639,6701,6701,0,10666,10666,0,181,181,0,8274,0,44,0,0,0,0,0,0,0,1535,1535,0,24449,24449,0,95789,95789,0,5750,884503,697727,21318,0,0,0,2083,59,13773,11713,55974,0,4696,42054,5875,0,0,0,0,0,1019,0,28212,878753,0,0,0,ND
1968:Q3,901429,728536,728536,0,166789,6859,6859,0,4384,4384,0,180,180,0,8598,0,38,0,0,0,0,0,0,0,1504,1504,0,25699,25699,0,119527,119527,0,6104,901429,705275,22906,0,0,0,2096,62,14263,12385,58869,0,5232,44089,6076,0,0,0,0,0,1293,0,28883,895325,0,0,0,ND
1968:Q4,996085,843150,843150,0,146483,4547,4547,0,2726,2726,0,6285,6285,0,8925,0,36,0,0,0,0,0,0,0,1377,1377,0,29499,29499,0,93088,93088,0,6452,996085,791494,24109,0,0,0,2131,64,14600,12986,61456,0,5800,46082,6337,0,0,0,0,0,1509,0,29517,989633,0,0,0,ND
1969:Q1,946300,803399,803399,0,136385,3964,3964,0,2143,2143,0,6294,6294,0,8707,0,31,0,0,0,0,0,0,0,843,843,0,31451,31451,0,82952,82952,0,6516,946300,745190,25548,0,0,0,2137,64,14129,12893,60813,0,6091,43798,6005,0,0,0,0,0,1034,0,28598,939784,0,0,0,ND
1969:Q2,907895,774485,774485,0,126673,3628,3628,0,4022,4022,0,5342,5342,0,8696,0,21,0,0,0,0,0,0,0,578,578,0,35091,35091,0,69295,69295,0,6737,907895,707585,26502,0,0,0,2189,64,13826,12966,60925,0,6458,41803,5997,0,0,0,0,0,1685,0,27895,901158,0,0,0,ND
1969:Q3,882607,743955,743955,0,131889,3993,3993,0,3862,3862,0,8913,8913,0,8565,0,27,0,0,0,0,0,0,0,516,516,0,34750,34750,0,71263,71263,0,6763,882607,686177,27077,0,0,0,2223,68,13244,12751,59756,0,6699,40914,5905,0,0,0,0,0,1160,0,26633,875844,0,0,0,ND
1969:Q4,840609,705075,705075,0,128581,3511,3511,0,3565,3565,0,8089,8089,0,8587,0,18,0,0,0,0,0,0,0,478,478,0,35168,35168,0,69165,69165,0,6953,840609,638984,28569,0,0,0,2303,72,13300,13157,61425,0,7300,40857,6011,0,0,0,0,0,1870,0,26761,833656,0,0,0,ND
1970:Q1,815012,677754,677754,0,130509,4026,4026,0,3314,3314,0,8434,8434,0,8077,0,21,0,0,0,0,0,0,0,626,626,0,38530,38530,0,67481,67481,0,6749,815012,614908,28802,0,0,0,2349,76,12964,13164,61339,0,7750,40995,5654,0,0,0,0,0,1015,0,25996,808263,0,0,0,ND
1970:Q2,648418,541846,541846,0,100859,3043,3043,0,2469,2469,0,6862,6862,0,6642,0,16,0,0,0,0,0,0,0,342,342,0,33794,33794,0,47691,47691,0,5713,648418,485261,24169,0,0,0,2174,81,10321,10634,50119,0,6754,31346,4469,0,0,0,0,0,1633,0,21457,642705,0,0,0,ND
1970:Q3,755152,633751,633751,0,114930,3365,3365,0,4791,4791,0,7437,7437,0,5269,0,494,0,0,0,0,0,0,0,411,411,0,34893,34893,0,58270,58270,0,6471,755152,564921,28916,0,0,0,2429,85,12034,12875,59913,0,8577,36079,3328,0,0,0,0,0,1522,0,24473,748681,0,0,0,ND
1970:Q4,831233,702482,702482,0,122178,4819,4819,0,5168,5168,0,7360,7360,0,6141,0,641,0,0,0,0,0,0,0,530,530,0,34913,34913,0,62606,62606,0,6573,831233,617731,32658,0,0,0,2624,89,13200,14571,67087,0,10100,39683,4299,0,0,0,0,0,1982,0,27209,824660,0,0,0,ND
1971:Q1,920098,774797,774797,0,138014,5382,5382,0,5735,5735,0,8332,8332,0,6746,0,715,0,0,0,0,0,0,0,621,621,0,38317,38317,0,72166,72166,0,7287,920098,677526,35609,0,0,0,2863,91,14847,16889,76860,0,12058,46001,4810,0,0,0,0,0,1999,0,30545,912811,0,0,0,11.184313536560397
1971:Q2,918939,778662,778662,0,132791,5383,5383,0,6157,6157,0,7984,7984,0,7163,0,640,0,0,0,0,0,0,0,554,554,0,33238,33238,0,71672,71672,0,7486,918939,673299,35451,0,0,0,2925,94,14970,17425,78937,0,12798,46553,5066,0,0,0,0,0,1720,0,29701,911453,0,0,0,-0.1321590675202872
1971:Q3,911074,765605,765605,0,138251,5193,5193,0,6204,6204,0,9077,9077,0,7778,0,763,0,0,0,0,0,0,0,3875,3875,0,32606,32606,0,72755,72755,0,7218,911074,658901,35026,0,0,0,3033,89,15605,18539,83299,0,13942,46250,5491,0,0,0,0,0,1040,0,29859,903856,0,0,0,-0.8341378225640184
1971:Q4,974871,824038,824038,0,143192,5250,5250,0,5828,5828,0,9071,9071,0,7775,0,1056,0,0,0,0,0,0,0,3653,3653,0,36960,36960,0,73599,73599,0,7641,974871,707587,36422,0,0,0,3215,85,16600,20007,88651,0,15400,48621,5365,0,0,0,0,0,2107,0,30811,967230,0,0,0,3.832775480737674
1972:Q1,1034722,872231,872231,0,153712,5056,5056,0,6276,6276,0,9657,9657,0,8207,0,953,0,0,0,0,0,0,0,4766,4766,0,41500,41500,0,77297,77297,0,8779,1034722,748641,37700,0,0,0,3474,101,18225,22123,96231,0,17456,50367,5645,0,0,0,0,0,1246,0,33513,1025943,0,0,0,6.725238606914862
1972:Q2,1033232,875195,875195,0,148678,5382,5382,0,5652,5652,0,8871,8871,0,8227,0,824,0,0,0,0,0,0,0,3852,3852,0,40971,40971,0,74899,74899,0,9359,1033232,744860,37135,0,0,0,3614,108,18815,22773,97083,0,18513,49683,5626,0,0,0,0,0,1219,0,33803,1023873,0,0,0,-0.27243115190997835
1972:Q3,1058729,893709,893709,0,155404,5422,5422,0,4768,4768,0,10911,10911,0,8139,0,797,0,0,0,0,0,0,0,3332,3332,0,46786,46786,0,75249,75249,0,9616,1058729,764315,37755,0,0,0,3778,108,19740,23848,99365,0,19828,48696,5503,0,0,0,0,0,694,0,35099,1049113,0,0,0,1.7647524595680701
1972:Q4,1203281,1032948,1032948,0,159796,5501,5501,0,8255,8255,0,12927,12927,0,8450,0,911,0,0,0,0,0,0,0,2100,2100,0,54497,54497,0,67155,67155,0,10537,1203281,882122,39717,0,0,0,4045,108,21800,26528,107817,0,22200,51728,5746,0,0,0,0,0,2411,0,39059,1192744,0,0,0,6.043747629283082
1973:Q1,1117824,970789,970789,0,134763,4535,4535,0,6503,6503,0,10532,10532,0,8780,0,694,0,0,0,0,0,0,0,1264,1264,0,49359,49359,0,53096,53096,0,12272,1117824,812281,41532,0,0,0,4016,123,21031,25801,102259,0,21487,44730,5883,0,0,0,0,0,1087,0,37594,1105552,0,0,0,-8.13530096944905
1973:Q2,1033342,903834,903834,0,117621,3613,3613,0,5389,5389,0,8409,8409,0,9051,0,750,13,13,0,0,0,0,0,866,866,0,45562,45562,0,43968,43968,0,11887,1033342,744351,42579,0,0,0,3965,103,20101,24798,95599,0,20326,39622,5998,0,0,0,0,0,1348,0,34552,1021455,0,0,0,-8.662054092910413
1973:Q3,1104063,953723,953723,0,138629,3879,3879,0,6469,6469,0,10933,10933,0,9673,0,1030,15,15,0,0,0,0,0,1224,1224,0,52846,52846,0,52560,52560,0,11711,1104063,785638,48182,0,0,0,4208,121,22302,27955,104779,0,22451,43124,6481,0,0,0,0,0,917,0,37905,1092352,0,0,0,7.016450784281569
1973:Q4,938338,809566,809566,0,118746,2928,2928,0,5429,5429,0,9095,9095,0,9855,0,772,8,8,0,0,0,0,0,802,802,0,48320,48320,0,41537,41537,0,10026,938338,647173,46857,0,0,0,4041,157,19700,25448,93557,0,20200,38321,6603,0,0,0,0,0,2765,0,33516,928312,0,0,0,-11.982145775453501
1974:Q1,911785,784355,784355,0,116805,2952,2952,0,5092,5092,0,8069,8069,0,9797,0,790,8,8,0,0,0,0,0,746,746,0,48511,48511,0,40840,40840,0,10625,911785,612434,52182,0,0,0,4269,168,19749,26889,96863,0,21039,35632,6466,0,0,0,0,0,1852,0,34242,901160,0,0,0,-2.6458403444234353
1974:Q2,817463,723428,723428,0,84266,2150,2150,0,3688,3688,0,6055,6055,0,9495,0,676,5,5,0,0,0,0,0,534,534,0,33534,33534,0,28129,28129,0,9769,817463,537817,54194,0,0,0,4145,169,17119,25073,88565,0,19295,31723,6267,0,0,0,0,0,2553,0,30543,807694,0,0,0,-11.85200195487108
1974:Q3,610689,540503,540503,0,61798,1642,1642,0,2421,2421,0,4243,4243,0,8349,0,548,4,4,0,0,0,0,0,428,428,0,25180,25180,0,18983,18983,0,8388,610689,395668,44800,0,0,0,3612,168,12038,18863,66279,0,14477,23415,5238,0,0,0,0,0,2119,0,24012,602301,0,0,0,-25.621365787694394
1974:Q4,632492,557656,557656,0,65825,1597,1597,0,3056,3056,0,4799,4799,0,8954,0,846,1,1,0,0,0,0,0,557,557,0,26314,26314,0,19701,19701,0,9011,632492,391408,53476,0,0,0,3851,169,12800,21291,74755,0,16400,26347,5910,0,0,0,0,0,2164,0,23921,623481,0,0,0,7.328691162300249
1975:Q1,775904,684995,684995,0,79618,2166,2166,0,3554,3554,0,6086,6086,0,10078,0,811,3,3,0,0,0,0,0,967,967,0,31556,31556,0,24397,24397,0,11291,775904,485182,62821,0,0,0,4266,183,14759,25778,91897,0,20263,31972,6971,0,0,0,0,0,1504,0,30308,764613,0,0,0,23.7066775078768
1975:Q2,893211,791700,791700,0,90706,2218,2218,0,4168,4168,0,6762,6762,0,10675,0,826,2,2,0,0,0,0,0,1099,1099,0,36991,36991,0,27965,27965,0,10805,893211,556835,69226,0,0,0,4617,166,16322,29722,110006,0,24371,37097,7569,0,0,0,0,0,2184,0,35096,882406,0,0,0,15.046077585616674
1975:Q3,782809,701766,701766,0,71935,1845,1845,0,3215,3215,0,5169,5169,0,9511,0,610,1,1,0,0,0,0,0,915,915,0,28964,28964,0,21705,21705,0,9108,782809,486024,58781,0,0,0,4223,165,13760,25842,99892,0,22267,31770,6392,0,0,0,0,0,1647,0,32046,773701,0,0,0,-12.562933691990901
1975:Q4,839378,754897,754897,0,74896,1745,1745,0,3543,3543,0,5391,5391,0,8952,0,730,1,1,0,0,0,0,0,835,835,0,29458,29458,0,24241,24241,0,9585,839378,523873,60832,0,0,0,4295,179,14200,27450,107999,0,24300,33664,5819,0,0,0,0,0,3368,0,33399,829793,0,0,0,6.742261305164571
1976:Q1,968562,868276,868276,0,90401,2108,2108,0,3999,3999,0,6028,6028,0,10051,0,793,1,1,0,0,0,0,0,1788,1788,0,36089,36089,0,29544,29544,0,9885,968562,610222,68056,0,0,0,4525,242,15974,31541,123664,0,28204,38525,6793,0,0,0,0,0,1302,0,39514,958677,0,0,0,15.216476439456745
1976:Q2,987996,887750,887750,0,90604,2124,2124,0,3644,3644,0,5890,5890,0,9757,0,703,1,1,0,0,0,0,0,1643,1643,0,37211,37211,0,29631,29631,0,9642,987996,629097,67776,0,0,0,4416,234,16127,32124,123557,0,28717,38637,6424,0,0,0,0,0,1328,0,39559,978354,0,0,0,1.2540538147365077
1976:Q3,998860,897381,897381,0,92196,2189,2189,0,4267,4267,0,6399,6399,0,9602,0,793,1,1,0,0,0,0,0,1409,1409,0,34621,34621,0,32915,32915,0,9283,998860,640103,67108,0,0,0,4303,222,16451,32833,123523,0,29254,37434,6217,0,0,0,0,0,1292,0,40120,989577,0,0,0,0.6471359860078786
1976:Q4,1034228,927412,927412,0,97363,2722,2722,0,4362,4362,0,6689,6689,0,9319,0,838,1,1,0,0,0,0,0,1375,1375,0,37414,37414,0,34643,34643,0,9453,1034228,664031,67205,0,0,0,4329,214,16900,33685,125501,0,30100,37282,5964,0,0,0,0,0,1542,0,47475,1024775,0,0,0,3.634112433747493
1977:Q1,957603,857111,857111,0,90901,2689,2689,0,3858,3858,0,6354,6354,0,8673,0,802,1,1,0,0,0,0,0,1018,1018,0,34632,34632,0,32874,32874,0,9591,957603,608789,64801,0,0,0,4261,240,16107,31835,118706,0,28699,33004,5443,0,0,0,0,0,1405,0,44313,948012,0,0,0,-6.850908633591148
1977:Q2,986596,882073,882073,0,94700,2605,2605,0,4467,4467,0,6763,6763,0,8429,0,853,1,1,0,0,0,0,0,1049,1049,0,34287,34287,0,36246,36246,0,9823,986596,622067,69475,0,0,0,4502,239,16872,32878,123183,0,29936,34396,5431,0,0,0,0,0,1579,0,46038,976773,0,0,0,3.418053352235023
1977:Q3,947989,845309,845309,0,92428,2547,2547,0,4113,4113,0,7060,7060,0,7694,0,870,1,1,0,0,0,0,0,917,917,0,33666,33666,0,35560,35560,0,10252,947989,591498,69931,0,0,0,4604,236,16627,31839,120475,0,29322,32450,4924,0,0,0,0,0,1581,0,44502,937737,0,0,0,-3.4530401766772925
1977:Q4,922579,819176,819176,0,93293,2645,2645,0,4486,4486,0,6887,6887,0,7373,0,801,1,1,0,0,0,0,0,871,871,0,34066,34066,0,36163,36163,0,10110,922579,559025,72035,0,0,0,4711,245,17100,32299,123610,0,30000,31866,4719,0,0,0,0,0,1840,0,45129,912469,0,0,0,0.015775536649950572
1978:Q1,875995,773891,773891,0,91560,2739,2739,0,4392,4392,0,6690,6690,0,7050,0,761,1,1,0,0,0,0,0,831,831,0,34095,34095,0,35001,35001,0,10544,875995,525569,67468,0,0,0,4667,274,16698,31190,122074,0,29203,29615,4330,0,0,0,0,0,1673,0,43234,865451,0,0,0,-4.481799028830888
1978:Q2,943712,833210,833210,0,99772,3079,3079,0,6489,6489,0,5819,5819,0,7297,0,949,2,2,0,0,0,0,0,1011,1011,0,36420,36420,0,38706,38706,0,10730,943712,559106,72135,0,0,0,4814,271,18325,34051,137026,0,32043,31847,4486,0,0,0,0,0,2024,0,47584,932982,0,0,0,8.275439072433691
1978:Q3,1017253,895811,895811,0,109610,3292,3292,0,7287,7287,0,6303,6303,0,7599,0,957,3,3,0,0,0,0,0,1231,1231,0,40393,40393,0,42545,42545,0,11832,1017253,594913,77307,0,0,0,4927,279,20185,37208,154397,0,35155,34597,4676,0,0,0,0,0,2282,0,51327,1005421,0,0,0,8.511171389043213
1978:Q4,969619,856335,856335,0,102048,2977,2977,0,7041,7041,0,5930,5930,0,8039,0,911,2,2,0,0,0,0,0,946,946,0,37590,37590,0,38612,38612,0,11236,969619,567841,72345,0,0,0,4744,118,19400,35062,150308,0,33300,31659,5065,0,0,0,0,0,1918,0,47859,958383,0,0,0,-7.361710671619319
1979:Q1,1031598,910897,910897,0,108966,3181,3181,0,7675,7675,0,6435,6435,0,8056,0,883,2,2,0,0,0,0,0,1153,1153,0,38184,38184,0,43397,43397,0,11735,1031598,602005,76954,0,0,0,4847,120,21227,37316,162540,0,35504,32676,4995,0,0,0,0,0,2092,0,51322,1019863,0,0,0,8.110363362484696
1979:Q2,1051694,921144,921144,0,118528,3379,3379,0,8180,8180,0,7021,7021,0,7986,0,1052,2,2,0,0,0,0,0,1177,1177,0,40885,40885,0,48846,48846,0,12022,1051694,613786,78445,0,0,0,4825,119,22317,37698,165969,0,35908,32905,4951,0,0,0,0,0,2237,0,52534,1039672,0,0,0,3.069335712352523
1979:Q3,1121034,981163,981163,0,125784,3635,3635,0,8818,8818,0,6676,6676,0,7897,0,1026,2,2,0,0,0,0,0,1349,1349,0,42857,42857,0,53524,53524,0,14087,1121034,652390,83852,0,0,0,4867,120,24806,40247,178516,0,38316,34656,4896,0,0,0,0,0,2487,0,55881,1106947,0,0,0,7.156959046127803
1979:Q4,1147253,1014783,1014783,0,117667,3383,3383,0,8798,8798,0,5853,5853,0,7855,0,946,1,1,0,0,0,0,0,1284,1284,0,38957,38957,0,50590,50590,0,14803,1147253,684612,83307,0,0,0,4672,129,24800,38890,175437,0,37100,35436,4870,0,0,0,0,0,2566,0,55434,1132450,0,0,0,-0.10074240801581928
1980:Q1,1070027,956911,956911,0,98772,2852,2852,0,7516,7516,0,4553,4553,0,7366,0,836,1,1,0,0,0,0,0,1179,1179,0,32668,32668,0,41801,41801,0,14344,1070027,627160,80503,0,0,0,4251,131,23810,36239,167538,0,34654,37625,4377,0,0,0,0,0,164,0,53575,1055683,0,0,0,-6.784711686093527
1980:Q2,1217285,1076609,1076609,0,123128,3604,3604,0,9262,9262,0,4902,4902,0,7429,0,954,1,1,0,0,0,0,0,1750,1750,0,40562,40562,0,54664,54664,0,17548,1217285,718134,91998,0,0,0,4306,121,27179,40387,190278,0,38460,41218,4416,0,0,0,0,0,-203,0,60991,1199737,0,0,0,13.558083096985483
1980:Q3,1361379,1214006,1214006,0,128290,3484,3484,0,9661,9661,0,4688,4688,0,7471,0,817,2,2,0,0,0,0,0,2446,2446,0,39351,39351,0,60370,60370,0,19083,1361379,809262,103136,0,0,0,4282,125,30079,43757,210012,0,41618,46798,4442,0,0,0,0,0,278,0,67590,1342296,0,0,0,11.651818665568085
1980:Q4,1494924,1346523,1346523,0,129471,3380,3380,0,9711,9711,0,4829,4829,0,7920,0,702,2,2,0,0,0,0,0,2950,2950,0,40304,40304,0,59673,59673,0,18930,1494924,901755,113879,0,0,0,4150,117,32300,46271,223468,0,44300,51032,4910,0,0,0,0,0,-1844,0,74586,1475994,0,0,0,7.97063571373663
1981:Q1,1507474,1351007,1351007,0,137584,3698,3698,0,11080,11080,0,5452,5452,0,8160,0,658,2,2,0,0,0,0,0,3061,3061,0,43255,43255,0,62218,62218,0,18883,1507474,901836,115801,0,0,0,3975,92,33097,47055,226132,0,45689,51633,4978,0,0,0,0,0,352,0,76834,1488591,0,0,0,0.7439893492051094
1981:Q2,1481228,1315862,1315862,0,146949,4091,4091,0,12453,12453,0,5472,5472,0,7874,0,584,2,2,0,0,0,0,0,2450,2450,0,49311,49311,0,64712,64712,0,18417,1481228,882884,113383,0,0,0,3722,80,32959,46958,221214,0,46506,50616,4810,0,0,0,0,0,20,0,78076,1462811,0,0,0,-1.6706241519674265
1981:Q3,1279659,1136139,1136139,0,128187,3584,3584,0,11135,11135,0,4834,4834,0,7199,0,436,2,2,0,0,0,0,0,2230,2230,0,43350,43350,0,55417,55417,0,15333,1279659,737934,101866,0,0,0,3474,82,30150,43006,202367,0,43646,43906,4247,0,0,0,0,0,-503,0,69484,1264326,0,0,0,-13.149345982463705
1981:Q4,1382028,1225637,1225637,0,139924,3870,3870,0,12034,12034,0,5186,5186,0,7068,0,502,2,2,0,0,0,0,0,2608,2608,0,46596,46596,0,62058,62058,0,16467,1382028,800923,109002,0,0,0,3418,66,32393,46160,218479,0,47800,46417,4170,0,0,0,0,0,-1483,0,74683,1365561,0,0,0,6.4380523650326
1982:Q1,1238257,1090438,1090438,0,133775,3837,3837,0,13017,13017,0,5178,5178,0,6982,0,488,2,2,0,0,0,0,0,2142,2142,0,44633,44633,0,57496,57496,0,14044,1238257,677657,100296,0,0,0,3191,73,30158,42509,224417,0,45088,42934,3795,0,0,0,0,0,-415,0,68554,1224213,0,0,0,-10.304453290210223
1982:Q2,1209151,1073656,1073656,0,121982,3512,3512,0,10823,10823,0,4032,4032,0,6831,0,576,2,2,0,0,0,0,0,1944,1944,0,39712,39712,0,54550,54550,0,13513,1209151,650001,98889,0,0,0,3063,70,29310,40768,229366,0,44136,43063,3577,0,0,0,0,0,-796,0,67704,1195638,0,0,0,-2.476380341509919
1982:Q3,1326070,1172793,1172793,0,139584,3469,3469,0,12495,12495,0,4461,4461,0,7104,0,916,2,2,0,0,0,0,0,2501,2501,0,42485,42485,0,66151,66151,0,13693,1326070,692346,109408,0,0,0,3051,72,32921,45464,266987,0,50162,50043,3772,0,0,0,0,0,-2605,0,74449,1312377,0,0,0,9.835307919973678
1982:Q4,1562485,1386479,1386479,0,158564,3428,3428,0,13786,13786,0,4893,4893,0,7488,0,1603,10,10,0,0,0,0,0,3803,3803,0,47871,47871,0,75682,75682,0,17442,1562485,845288,128675,0,0,0,3095,76,38500,52890,282916,0,60200,60919,4118,0,0,0,0,0,-2516,0,88324,1545043,0,0,0,17.462513857532425
1983:Q1,1728634,1533804,1533804,0,175429,3710,3710,0,15866,15866,0,5640,5640,0,7344,0,1562,15,15,0,0,0,0,0,5179,5179,0,53503,53503,0,82610,82610,0,19401,1728634,923495,141890,0,0,0,3241,85,42304,57377,319549,0,68737,70587,4262,0,0,0,0,0,-1518,0,98625,1709233,0,0,0,10.228094709938759
1983:Q2,1946581,1736716,1736716,0,186967,4115,4115,0,15379,15379,0,5808,5808,0,7669,0,1635,15,15,0,0,0,0,0,6394,6394,0,57516,57516,0,88436,88436,0,22898,1946581,1029505,158078,0,0,0,3442,86,47958,63874,361655,0,81807,84987,4569,0,0,0,0,0,231,0,110389,1923683,0,0,0,11.977050860592735
1983:Q3,1914447,1709522,1709522,0,180636,4048,4048,0,14864,14864,0,5752,5752,0,7593,0,2089,16,16,0,0,0,0,0,4737,4737,0,57059,57059,0,84478,84478,0,24289,1914447,996472,158269,0,0,0,3543,83,48930,63867,354062,0,87559,87342,4451,0,0,0,0,0,-261,0,110130,1890158,0,0,0,-1.888709047273547
1983:Q4,1855966,1630514,1630514,0,199298,4395,4395,0,16063,16063,0,6556,6556,0,7441,0,1818,13,13,0,0,0,0,0,5040,5040,0,64062,64062,0,93910,93910,0,26154,1855966,939597,159277,0,0,0,3612,77,48112,62193,350266,0,89641,88931,4292,0,0,0,0,0,413,0,109555,1829812,0,0,0,-1.947822921051734
1984:Q1,1749244,1527807,1527807,0,192636,3683,3683,0,13722,13722,0,5749,5749,0,7194,0,1357,9,9,0,0,0,0,0,3740,3740,0,55815,55815,0,101367,101367,0,28801,1749244,877756,156938,0,0,0,3639,79,45769,59286,323747,0,88715,85899,4068,0,0,0,0,0,-2279,0,105627,1720443,0,0,0,-5.200682284958394
1984:Q2,1654360,1456011,1456011,0,173298,2980,2980,0,11487,11487,0,5456,5456,0,6987,0,1124,8,8,0,0,0,0,0,3330,3330,0,49166,49166,0,92760,92760,0,25051,1654360,814943,154115,0,0,0,3564,79,43229,56945,308011,0,87637,82832,3854,0,0,0,0,0,-1580,0,100731,1629309,0,0,0,-3.8341962569921355
1984:Q3,1769217,1543237,1543237,0,200524,3647,3647,0,13208,13208,0,6566,6566,0,6780,0,1345,12,12,0,0,0,0,0,3953,3953,0,58731,58731,0,106282,106282,0,25456,1769217,849182,170467,0,0,0,3586,75,45688,61533,339365,0,96406,92559,3965,0,0,0,0,0,-981,0,107372,1743761,0,0,0,8.065142268014995
1984:Q4,1789165,1553653,1553653,0,209518,3851,3851,0,13827,13827,0,6974,6974,0,6384,0,1416,10,10,0,0,0,0,0,3729,3729,0,62715,62715,0,110612,110612,0,25994,1789165,847020,175013,0,0,0,3447,4,44658,60311,358978,0,96514,97111,3712,0,0,0,0,0,-2455,0,104852,1763171,0,0,0,0.23261839982097487
1985:Q1,1936090,1671498,1671498,0,234268,4311,4311,0,15595,15595,0,8101,8101,0,6866,0,1483,13,13,0,0,0,0,0,4503,4503,0,70026,70026,0,123370,123370,0,30324,1936090,895484,187569,0,0,0,3625,69,48796,65348,408196,0,105957,105672,3923,0,0,0,0,0,-1528,0,112979,1905766,0,0,0,9.269040722439938
1985:Q2,2044553,1744053,1744053,0,268102,4305,4305,0,18616,18616,0,8699,8699,0,7101,0,1997,15,15,0,0,0,0,0,5025,5025,0,82964,82964,0,139380,139380,0,32398,2044553,948347,197608,0,0,0,3804,74,52313,68622,419105,0,111742,119895,4030,0,0,0,0,0,-1415,0,120428,2012155,0,0,0,6.34863450856826
1985:Q3,1923657,1642361,1642361,0,243558,4210,4210,0,17296,17296,0,8178,8178,0,7370,0,1803,13,13,0,0,0,0,0,4540,4540,0,74674,74674,0,125474,125474,0,37738,1923657,880000,186046,0,0,0,3715,85,50047,64158,398654,0,105134,120627,3813,0,0,0,0,0,-3728,0,115106,1885919,0,0,0,-5.390729280427127
1985:Q4,2270405,1917631,1917631,0,308391,5739,5739,0,23816,23816,0,10386,10386,0,8280,0,2660,13,13,0,0,0,0,0,6763,6763,0,93385,93385,0,157349,157349,0,44383,2270405,1033079,214143,0,0,0,3681,90,56969,73983,494946,0,120071,137156,4210,0,0,0,0,0,-4714,0,136791,2226022,0,0,0,15.68335096888661
1986:Q1,2572390,2137668,2137668,0,376350,6157,6157,0,31050,31050,0,12276,12276,0,10409,0,3451,21,21,0,0,0,0,0,10424,10424,0,114405,114405,0,188157,188157,0,58372,2572390,1161103,247091,0,0,0,4032,99,58656,79514,549920,0,135544,167512,5867,0,0,0,0,0,939,0,162113,2514018,0,0,0,13.422245217560008
1986:Q2,2685845,2245424,2245424,0,376162,6842,6842,0,28405,28405,0,11172,11172,0,12164,0,4020,18,18,0,0,0,0,0,9674,9674,0,116445,116445,0,187422,187422,0,64259,2685845,1206194,264642,0,0,0,4675,80,59592,83286,556234,0,147760,178592,6827,0,0,0,0,0,-311,0,178274,2621586,0,0,0,4.985663316009853
1986:Q3,2454216,2032679,2032679,0,349494,7425,7425,0,26303,26303,0,11170,11170,0,12976,0,3558,24,24,0,0,0,0,0,9127,9127,0,104202,104202,0,174709,174709,0,72043,2454216,1087234,248845,0,86,0,5253,85,60265,75634,486489,0,140408,171286,6844,0,0,0,0,0,-992,0,172779,2382173,0,0,0,-8.425115900141604
1986:Q4,2682199,2241896,2241896,0,367904,9789,9789,0,30532,30532,0,12505,12505,0,14472,0,4357,27,27,0,0,0,0,0,10735,10735,0,121272,121272,0,164215,164215,0,72399,2682199,1249742,265538,0,219,0,5694,97,61163,76385,499172,0,150215,184410,7486,0,0,0,0,0,-1094,0,183172,2609800,0,0,0,3.154866806751161
1987:Q1,3227855,2709357,2709357,0,426915,12435,12435,0,34176,34176,0,13337,13337,0,18309,0,5531,34,34,0,0,0,0,0,12786,12786,0,134750,134750,0,195557,195557,0,91583,3227855,1469527,321289,0,367,0,6707,105,62121,95617,622684,0,184755,227452,10722,0,0,0,0,0,-1830,0,228339,3136272,0,0,0,20.317460317460327
1987:Q2,3298585,2784821,2784821,0,414084,11512,11512,0,31413,31413,0,13453,13453,0,20025,0,5064,72,72,0,0,0,0,0,10809,10809,0,132168,132168,0,189568,189568,0,99680,3298585,1440409,336338,0,500,0,7026,110,62974,100356,656616,0,196669,243473,12092,0,0,0,0,0,-922,0,242944,3198905,0,0,0,2.568207340758508
1987:Q3,3470639,2945570,2945570,0,417792,10800,10800,0,31942,31942,0,14137,14137,0,22067,0,5427,75,75,0,0,0,0,0,11296,11296,0,128411,128411,0,193637,193637,0,107277,3470639,1501900,357654,0,609,0,7290,101,63894,108905,693040,0,210476,253974,13111,0,0,0,0,0,272,0,259413,3363362,0,0,0,5.526621429593571
1987:Q4,2710300,2287678,2287678,0,327922,8185,8185,0,26463,26463,0,10973,10973,0,21346,0,4419,68,68,0,0,0,0,0,7429,7429,0,101106,101106,0,147933,147933,0,94700,2710300,1210754,275803,0,687,0,6638,7,65056,87949,507411,0,170087,196632,10379,0,0,0,0,0,-10109,0,189006,2615600,0,0,0,-23.773722950002842
1988:Q1,2882377,2420352,2420352,0,352015,12230,12230,0,25118,25118,0,12239,12239,0,25422,0,4757,105,105,0,0,0,0,0,8963,8963,0,110392,110392,0,152789,152789,0,110010,2882377,1319317,270421,0,796,0,7383,6,66358,94069,529276,0,188043,207680,11288,0,0,0,0,0,-12000,0,199740,2772367,0,0,0,6.902015621897132
1988:Q2,3005328,2516095,2516095,0,383500,12675,12675,0,26655,26655,0,13075,13075,0,31986,0,5705,101,101,0,0,0,0,0,8951,8951,0,125158,125158,0,159194,159194,0,105733,3005328,1402012,266069,0,1000,0,7875,14,67697,97859,541172,0,196898,215376,12278,0,0,0,0,0,-14395,0,211473,2899595,0,0,0,5.638653998722896
1988:Q3,2972099,2460529,2460529,0,403064,12724,12724,0,28846,28846,0,13824,13824,0,37918,0,6053,119,119,0,0,0,0,0,8196,8196,0,132881,132881,0,162503,162503,0,108506,2972099,1431896,245024,0,1297,0,8186,14,69308,98828,496969,5,204078,205769,13236,0,0,0,0,0,-14347,0,211836,2863593,0,0,0,-0.8418661733189243
1988:Q4,3075619,2559333,2559333,0,387624,12172,12172,0,32871,32871,0,13334,13334,0,43176,0,6230,118,118,0,0,0,0,0,7884,7884,0,129590,129590,0,142249,142249,0,128662,3075619,1552536,230344,0,1688,0,8437,6,71424,92860,486477,7,212634,205473,14342,0,0,0,0,0,-14422,0,213813,2946957,0,0,0,1.1730281120343446
1989:Q1,3226081,2670653,2670653,0,421807,12140,12140,0,36677,36677,0,15806,15806,0,44532,0,7346,109,109,0,0,0,0,0,8535,8535,0,140728,140728,0,155934,155934,0,133621,3226081,1622778,243434,0,2110,0,11067,7,74344,93225,516157,18,225318,214570,13068,0,0,0,0,0,-16825,0,226810,3092460,0,0,0,6.450800096405959
1989:Q2,3441756,2837245,2837245,0,466678,13014,13014,0,41422,41422,0,19596,19596,0,45834,0,9460,106,106,0,0,0,0,0,9462,9462,0,159915,159915,0,167869,167869,0,137833,3441756,1703438,261289,0,2500,0,11260,8,78367,97437,550139,27,251759,237550,14189,0,0,0,0,0,-14200,0,247993,3303923,0,0,0,7.613539297512582
1989:Q3,3736453,3057566,3057566,0,507176,13605,13605,0,47421,47421,0,21078,21078,0,50042,0,18544,88,88,0,0,0,0,0,10157,10157,0,171692,171692,0,174549,174549,0,171711,3736453,1835561,285558,0,2875,0,11346,8,82064,103076,607148,42,270927,259737,15530,0,0,0,0,0,-13168,0,275749,3564742,0,0,0,9.233314525615144
1989:Q4,3812955,3140008,3140008,0,475602,10651,10651,0,46062,46062,0,20645,20645,0,52489,0,16974,76,76,0,0,0,0,0,8942,8942,0,149849,149849,0,169914,169914,0,197345,3812955,1913688,287674,0,3250,0,11207,8,84005,85382,599629,55,277832,270649,17099,0,0,0,0,0,-13232,0,275709,3615610,0,0,0,-0.19786030712121266
1990:Q1,3613254,3006907,3006907,0,443469,9898,9898,0,42940,42940,0,19025,19025,0,55110,0,16839,60,60,0,0,0,0,0,8650,8650,0,137635,137635,0,153312,153312,0,162878,3613254,1800547,278230,0,3625,0,10436,8,84005,80202,573647,89,267614,254332,17212,0,0,0,0,0,-17603,0,260910,3450376,0,0,0,-4.281436775559378
1990:Q2,3779525,3136251,3136251,0,452384,9143,9143,0,45066,45066,0,19778,19778,0,53156,0,19441,45,45,0,0,0,0,0,8912,8912,0,134760,134760,0,162083,162083,0,190890,3779525,1860586,294621,0,4000,0,10030,9,81878,88636,607628,123,282130,280257,16593,0,0,0,0,0,-16709,0,269743,3588635,0,0,0,4.6101067372138305
1990:Q3,3177324,2654774,2654774,0,355922,6250,6250,0,36425,36425,0,15744,15744,0,52398,0,14162,28,28,0,0,0,0,0,6367,6367,0,96713,96713,0,127835,127835,0,166628,3177324,1539643,253215,0,4375,0,8747,8,79798,75687,515493,142,250979,227514,16000,0,0,0,0,0,-24320,0,230043,3010696,0,0,0,-15.916212325186816
1990:Q4,3531306,2956992,2956992,0,376718,5826,5826,0,40125,40125,0,16308,16308,0,52880,0,15928,14,14,0,0,0,0,0,6393,6393,0,102940,102940,0,136304,136304,0,197596,3531306,1734697,274682,0,4750,0,6227,8,79940,83854,572836,340,284569,250395,16188,0,0,0,0,0,-19795,0,242615,3333710,0,0,0,7.710794834927448
1991:Q1,4073363,3397923,3397923,0,454550,7141,7141,0,48502,48502,0,20173,20173,0,55894,0,22020,24,24,0,0,0,0,0,10126,10126,0,131185,131185,0,159485,159485,0,220890,4073363,2030476,313678,0,5125,0,8047,4,82218,85985,669778,449,327145,277623,17128,0,0,0,0,0,-20385,0,276092,3852473,0,0,0,15.551564474940024
1991:Q2,4048446,3355984,3355984,0,468256,7626,7626,0,48211,48211,0,20338,20338,0,61342,0,23240,26,26,0,0,0,0,0,11164,11164,0,147490,147490,0,148819,148819,0,224206,4048446,2001887,311831,0,5500,0,7366,4,86539,85904,663272,474,328790,283802,18785,0,0,0,0,0,-22042,0,276334,3824240,0,0,0,-1.0659463622487637
1991:Q3,4306115,3538025,3538025,0,509874,8932,8932,0,48265,48265,0,21952,21952,0,66622,0,29469,18,18,0,0,0,0,0,13491,13491,0,170857,170857,0,150268,150268,0,258216,4306115,2125661,327479,0,5875,0,7304,12,91089,89814,698467,669,357453,318328,20534,0,0,0,0,0,-18750,0,282180,4047899,0,0,0,5.598975594208955
1991:Q4,4847773,4000417,4000417,0,568380,10970,10970,0,56247,56247,0,25827,25827,0,71234,0,33985,15,15,0,0,0,0,0,17556,17556,0,185610,185610,0,166936,166936,0,278976,4847773,2491325,353898,0,6250,0,7467,27,94054,98440,762709,1045,394962,341543,21752,0,0,0,0,0,-16899,0,291200,4568797,0,0,0,7.935939828738399
1992:Q1,4758842,3914314,3914314,0,587055,10801,10801,0,54508,54508,0,25956,25956,0,77815,0,31180,17,17,0,0,0,0,0,17364,17364,0,213009,213009,0,156405,156405,0,257473,4758842,2419593,334622,0,6625,0,7262,11,95673,98953,733323,1385,388418,393898,22509,0,0,0,0,0,-22602,0,279172,4501369,0,0,0,-1.9685234218405814
1992:Q2,4757228,3876608,3876608,0,607712,11751,11751,0,56055,56055,0,27974,27974,0,82885,0,30162,14,14,0,0,0,0,0,15703,15703,0,231184,231184,0,151984,151984,0,272908,4757228,2388373,330317,0,7000,0,7241,11,96186,100706,750537,1696,391220,407327,22878,0,0,0,0,0,-26619,0,280355,4484320,0,0,0,-0.7880753745377506
1992:Q3,4900311,3973482,3973482,0,630639,12206,12206,0,62233,62233,0,31701,31701,0,87824,0,32141,16,16,0,0,0,0,0,16253,16253,0,232312,232312,0,155953,155953,0,296190,4900311,2478962,329952,0,7375,0,6757,12,96448,103558,770972,2001,400848,427945,23196,0,0,0,0,0,-33083,0,285368,4604121,0,0,0,2.3924199749130532
1992:Q4,5421969,4369261,4369261,0,738442,14827,14827,0,73671,73671,0,40569,40569,0,93466,0,35792,25,25,0,0,0,0,0,19455,19455,0,278453,278453,0,182184,182184,0,314266,5421969,2810125,335563,0,7750,0,7598,3,97312,109818,826681,2415,431666,486710,23800,0,0,0,0,0,-26319,0,308847,5107703,0,0,0,6.5940919798427435
1993:Q1,5670046,4493617,4493617,0,811355,19030,19030,0,81354,81354,0,44543,44543,0,97204,133,35133,27,27,0,0,0,0,0,28518,28518,0,308023,308023,0,197390,197390,0,365074,5670046,2877136,359409,0,8128,0,7988,3,98628,115450,895716,2929,463983,527101,22542,133,0,0,0,0,-32429,0,323329,5304972,0,0,0,3.6032570814480316
1993:Q2,5758436,4515232,4515232,0,816684,19118,19118,0,94396,94396,0,41834,41834,0,103158,277,36513,25,25,0,0,0,0,0,29341,29341,0,296204,296204,0,195818,195818,0,426520,5758436,2874316,370027,0,8506,0,8121,157,100242,118510,908457,3293,465277,584350,23500,277,0,0,0,0,-27028,0,320431,5331916,0,0,0,0.11857885381273826
1993:Q3,6024464,4646190,4646190,0,887088,22737,22737,0,105281,105281,0,47580,47580,0,109998,290,34601,28,28,0,0,0,0,0,35675,35675,0,316735,316735,0,214163,214163,0,491186,6024464,2977689,388666,0,8891,0,9188,18,101911,125205,936966,3779,487775,663614,25344,290,0,0,0,0,-32545,0,327673,5533278,0,0,0,3.422128430387666
1993:Q4,6296866,4865339,4865339,0,887665,22532,22532,0,101382,101382,0,44977,44977,0,116141,464,34388,27,27,0,0,0,0,0,31894,31894,0,314182,314182,0,221678,221678,0,543862,6296866,3110199,406967,0,9286,0,10073,3,103392,131030,959673,4398,506221,714292,26491,464,0,0,0,0,-26620,0,340997,5753004,0,0,0,1.2166872381482141
1994:Q1,6087940,4658750,4658750,0,850537,22210,22210,0,89720,89720,0,42966,42966,0,116045,655,34193,28,28,0,0,0,0,0,28801,28801,0,312698,312698,0,203221,203221,0,578653,6087940,2981974,381249,0,9673,0,8758,2,105477,130061,916720,4792,492220,735708,27320,655,0,0,0,0,-37358,0,330689,5509287,0,0,0,-4.29685067939363
1994:Q2,6051196,4573094,4573094,0,861358,25609,25609,0,88366,88366,0,41108,41108,0,115773,392,36764,29,29,0,0,0,0,0,28716,28716,0,326002,326002,0,198599,198599,0,616744,6051196,2918843,372317,0,10041,0,7758,2,107566,131496,926180,5179,494757,755005,27973,392,0,0,0,0,-35153,0,328840,5434452,0,0,0,-1.4013984821734877
1994:Q3,6309778,4833579,4833579,0,850153,25402,25402,0,90894,90894,0,40312,40312,0,117600,322,33907,30,30,0,0,0,0,0,26671,26671,0,315205,315205,0,199810,199810,0,626046,6309778,2972811,379788,0,10376,0,7425,2,109646,138680,988483,5832,520213,832137,30725,322,0,0,0,0,-38106,0,351444,5683732,0,0,0,4.791569022711024
1994:Q4,6317493,4831577,4831577,0,859154,24924,24924,0,103488,103488,0,38542,38542,0,117830,424,31762,28,28,0,0,0,0,0,28114,28114,0,308161,308161,0,205881,205881,0,626762,6317493,3013823,369073,0,10670,0,6806,2,111735,138917,957924,6179,521682,824545,31880,424,0,0,0,0,-28979,0,352812,5690731,0,0,0,-1.4156002622768546
1995:Q1,6800246,5203193,5203193,0,952671,25158,25158,0,115159,115159,0,44664,44664,0,123538,450,36098,787,787,0,0,0,0,0,33516,33516,0,346873,346873,0,226428,226428,0,644382,6800246,3232041,401714,0,11005,0,6942,4,119313,146888,1020651,7171,558839,912377,34392,450,0,0,0,0,-29114,0,377573,6155864,0,0,0,8.36449647845449
1995:Q2,7346130,5633101,5633101,0,1045019,27872,27872,0,123513,123513,0,47860,47860,0,130628,643,41632,999,999,0,0,0,0,0,38409,38409,0,391987,391987,0,241476,241476,0,668010,7346130,3439588,436328,0,11544,0,7871,8,125623,153360,1085160,8508,612334,1039083,37231,643,0,0,0,0,-23307,0,412156,6678120,0,0,0,8.70555765564729
1995:Q3,7956397,6064628,6064628,0,1163620,32188,32188,0,141918,141918,0,50915,50915,0,136571,774,44454,1094,1094,0,0,0,0,0,44148,44148,0,443717,443717,0,267841,267841,0,728149,7956397,3708740,467322,0,20246,0,9716,2,131418,161283,1150487,9946,667210,1164882,40264,774,0,0,0,0,-24404,0,448511,7228248,0,0,0,8.560098863850934
1995:Q4,8481326,6449974,6449974,0,1240737,36915,36915,0,153585,153585,0,55442,55442,0,142539,1052,53046,1149,1149,0,0,0,0,0,37327,37327,0,474039,474039,0,285643,285643,0,790615,8481326,4029075,491714,0,26739,0,10338,7,133479,162615,1182795,11459,703520,1216013,41846,1052,0,0,0,0,-13506,0,484180,7690711,0,0,0,4.315411865402133
1996:Q1,8880368,6728661,6728661,0,1301865,38008,38008,0,155005,155005,0,54651,54651,0,141195,1359,56990,1626,1626,0,0,0,0,0,44981,44981,0,520706,520706,0,287344,287344,0,849842,8880368,4156730,521977,0,31055,0,11506,7,135245,171672,1216346,13121,736723,1356843,43319,1359,0,0,0,0,-27538,0,512003,8030526,0,0,0,5.096075585954594
1996:Q2,9263442,7035650,7035650,0,1324205,39238,39238,0,158951,158951,0,54966,54966,0,142010,1560,58072,1982,1982,0,0,0,0,0,44263,44263,0,520993,520993,0,302170,302170,0,903587,9263442,4291133,549214,0,36950,0,11792,7,139484,178948,1234430,14964,762670,1486729,44339,1560,0,0,0,0,-23242,0,534464,8359855,0,0,0,3.8781694311400305
1996:Q3,9450152,7100424,7100424,0,1409970,42830,42830,0,169104,169104,0,58672,58672,0,143582,1739,61828,2156,2156,0,0,0,0,0,48148,48148,0,572658,572658,0,309253,309253,0,939758,9450152,4278287,569961,0,41521,0,12390,5,142296,184490,1266377,16362,802307,1574794,44705,1739,0,0,0,0,-28353,0,543271,8510394,0,0,0,2.3118904785740195
1996:Q4,10061049,7403482,6452650,950832,1651432,52174,47450,4724,183770,181838,1932,67314,66896,418,146909,2401,68214,2898,2729,169,0,0,0,0,61013,59096,1917,699891,670285,29606,366848,354823,12025,1006135,10061049,4511914,621908,0,47524,0,13551,3,147528,202633,1316271,18778,846588,1719141,46904,2401,0,0,0,0,-19375,0,585280,8053291,1001623,673700,327923,6.394655354622252
1997:Q1,10158703,7453443,6450003,1003440,1685636,54023,48256,5767,191365,189412,1953,67175,66494,681,141972,2751,66412,3166,2918,248,0,0,0,0,63529,61254,2275,731260,696273,34987,363983,350857,13126,1019624,10158703,4562009,655484,0,50261,0,9028,3,150124,204790,1267457,20177,848717,1769891,44499,2751,0,0,0,0,-27760,0,601272,8076602,1062477,700164,362313,0.21171694944215613
1997:Q2,11765578,8595866,7458098,1137768,1977521,57101,50061,7040,251357,249008,2349,78860,78034,826,148491,3636,80003,3807,3514,293,0,0,0,0,81519,77684,3835,840106,797259,42847,432641,416928,15713,1192191,11765578,5247894,789496,0,61006,0,9606,3,165233,231271,1441013,24842,952228,2088152,49296,3636,0,0,0,0,-21930,0,723832,9362716,1210671,804599,406072,16.40445108012306
1997:Q3,12777409,9304769,8127011,1177758,2227902,71778,63249,8529,261459,258933,2526,91696,90867,829,151998,4941,85270,4048,3727,321,0,0,0,0,101295,96732,4563,955825,905195,50630,499592,481824,17768,1244738,12777409,5595608,869725,0,71464,0,9800,0,172431,250698,1548592,27943,1032573,2358218,51391,4941,0,0,0,0,-19683,0,803708,10269747,1262924,859154,403770,9.328952335810824
1997:Q4,12994857,9430052,8173484,1256568,2357018,75854,65875,9979,275188,272325,2863,97662,96812,850,151768,6702,98984,4095,3785,310,0,0,0,0,102266,96674,5592,1059283,1001517,57766,485216,464868,20348,1207787,12994857,5729812,916390,0,79669,0,10734,0,184332,252145,1492906,29946,1051316,2360738,49548,6702,0,0,0,0,-7597,0,838216,10432794,1354276,903841,450435,1.2851557861966272
1998:Q1,14807618,10786938,9294991,1491947,2634813,80895,70374,10521,325030,321634,3396,108386,107391,995,155851,8213,107867,6148,4800,1348,0,0,0,0,117704,111171,6533,1175508,1112688,62820,549211,527708,21503,1385867,14807618,6470644,1072297,0,88981,0,12475,0,198022,280477,1680465,35224,1153078,2754174,52989,8213,0,0,0,0,-3961,0,1004540,11822688,1599063,1011516,587547,12.868418477144465
1998:Q2,15060231,10983390,9495956,1487434,2706820,80726,71555,9171,359608,356128,3480,117166,116129,1037,155960,9215,105564,7352,5504,1848,0,0,0,0,130539,124262,6277,1181519,1124451,57068,559171,539804,19367,1370021,15060231,6534114,1136358,0,95633,0,13296,0,200628,286026,1646721,37848,1162493,2843666,50907,9215,0,0,0,0,-2081,0,1045407,12104528,1585682,1042763,542919,1.6092854311501523
1998:Q3,13280064,9913099,8546314,1366785,2199515,75589,68840,6749,332716,329828,2888,86591,85691,900,150058,9799,108501,5740,4186,1554,0,0,0,0,73495,69343,4152,933567,892811,40756,423459,408203,15256,1167450,13280064,5791665,1048714,0,85995,0,13056,0,178310,256630,1416009,34445,1015882,2461506,41686,9799,0,0,0,0,-6838,0,933205,10673574,1439040,972205,466835,-12.348538628100625
1998:Q4,15914021,11882255,10310699,1571556,2556783,78715,71612,7103,366532,362977,3555,102119,101192,927,155748,15564,130153,4991,2770,2221,0,0,0,0,113383,109144,4239,1122726,1076631,46095,466852,450589,16263,1474983,15914021,6848492,1303141,0,102777,0,15185,0,197908,299567,1735641,42960,1188056,3005393,47540,15564,0,0,0,0,3136,0,1108661,12787079,1651959,1089562,562397,21.08505468710716
1999:Q1,16372181,12157303,10616000,1541303,2687210,86783,80073,6710,421012,417415,3597,100992,100107,885,159283,16415,119051,4232,3021,1211,0,0,0,0,158745,153949,4796,1140893,1096344,44549,479804,463928,15876,1527668,16372181,6851080,1476972,0,102772,0,16259,0,198219,316597,1718908,46203,1216866,3142852,50544,16415,0,0,0,0,1884,0,1216610,13225586,1618927,1143595,475332,3.4466701833164124
1999:Q2,17749880,13210244,11484432,1725812,2882660,90191,83738,6453,418281,414352,3929,98668,97843,825,164502,20625,119271,4915,3412,1503,0,0,0,0,212574,205466,7108,1212152,1165159,46993,541481,524589,16892,1656976,17749880,7397130,1696963,0,102189,0,16229,0,204532,341554,1773829,50782,1312387,3451209,56205,20625,0,0,0,0,-877,0,1327123,14283389,1809515,1252124,557391,7.4816765419592475
1999:Q3,16852957,12700583,11068910,1631673,2450814,89538,84272,5266,350665,347471,3194,67681,67024,657,144954,21063,109043,3992,3259,733,0,0,0,0,169096,162894,6202,1027696,992048,35648,467086,453376,13710,1701560,16852957,7035062,1698637,0,101505,0,15834,0,190371,331922,1591834,48476,1231949,3316176,36658,21063,0,0,0,0,-12057,0,1245527,13454314,1697083,1247255,449828,-6.912171397692243
1999:Q4,19976983,15385531,13687036,1698495,2587736,82821,78650,4171,392953,389390,3563,72458,71800,658,146940,33862,105992,3097,2936,161,0,0,0,0,227153,220193,6960,1038064,1004038,34026,484396,471080,13316,2003716,19976983,8349785,2075021,0,102545,0,17720,0,208169,383281,1806759,56909,1407716,4060203,41191,33862,0,0,0,0,-1259,0,1435081,16211917,1761350,1358606,402744,17.91792586521881
2000:Q1,20974355,16264941,14655293,1609648,2620271,81296,77243,4053,387988,384619,3369,74361,73712,649,149305,36793,95857,2154,1495,659,0,0,0,0,282689,274472,8217,1037564,1003410,34154,472264,459199,13065,2089143,20974355,8672926,2074707,0,101804,0,18238,0,205680,395562,1950310,60405,1449700,4440119,41891,36793,0,0,0,0,4906,0,1521314,17211398,1673814,1349819,323995,3.5004818040248566
2000:Q2,20216286,15615527,14006884,1608643,2546696,81328,76738,4590,393925,390565,3360,94589,93775,814,147357,46090,89386,2247,1439,808,0,0,0,0,227521,219197,8324,1011455,975685,35770,452798,440194,12604,2054063,20216286,8252195,1973307,0,100168,0,18006,0,204542,384174,1908923,60060,1408895,4288728,41091,46090,0,0,0,0,7928,0,1522179,16487310,1674913,1298273,376640,-4.74028726554926
2000:Q3,20171605,15260655,13727770,1532885,2968164,106202,100312,5890,488374,483944,4430,117245,116262,983,145409,49702,120521,2432,1552,880,0,0,0,0,272573,261285,11288,1215061,1171381,43680,450645,435036,15609,1942786,20171605,8134746,1908758,0,99171,0,19168,0,200100,386072,1941411,60715,1429789,4333503,39252,49702,0,0,0,0,16551,0,1552667,16613174,1615645,1254361,361284,-0.03796306494841629
2000:Q4,18244255,13360919,11865829,1495090,3030494,116813,110284,6529,525478,520945,4533,134168,133037,1131,143066,65585,150683,1707,1526,181,0,0,0,0,252336,244587,7749,1241520,1195863,45657,399138,383841,15297,1852842,18244255,7170982,1717546,0,97289,0,18568,0,195106,354549,1823066,56576,1298683,3910517,36543,65585,0,0,0,0,16708,0,1482537,14815246,1576167,1227794,348373,-10.5591357882311
2001:Q1,16174679,11800859,10334220,1466639,2719279,107882,101974,5908,448126,443911,4215,63984,63191,793,138532,66006,141436,3153,2068,1085,0,0,0,0,204442,196129,8313,1223167,1177184,45983,322551,307826,14725,1654541,16174679,6398087,1457214,0,95681,0,17961,0,173257,313458,1651570,49059,1185877,3369705,32476,66006,0,0,0,0,13495,0,1350833,12972477,1547661,1133488,414173,-12.566073253021539
2001:Q2,17317635,12656737,11095658,1561079,2942803,116626,110531,6095,487982,483295,4687,71873,70932,941,138790,75560,149334,4298,2882,1416,0,0,0,0,231329,223904,7425,1345231,1295349,49882,321780,306052,15728,1718095,17317635,6845428,1482561,0,95300,0,19281,0,181252,332360,1799948,52733,1265772,3644277,33840,75560,0,0,0,0,15698,0,1473625,13952287,1647253,1183980,463273,7.151143403297993
2001:Q3,14646926,10609398,9223447,1385951,2603644,122568,117214,5354,459036,454868,4168,73375,72542,833,136335,64345,143866,4429,3108,1321,0,0,0,0,176513,170800,5713,1187714,1145076,42638,235463,223000,12463,1433884,14646926,5707727,1213521,0,92532,0,19371,0,166181,294459,1598003,43796,1125466,3008946,29088,64345,0,0,0,0,2133,0,1281358,11754601,1458441,1070085,388356,-16.16705312019215
2001:Q4,16387176,11943208,10431925,1511283,2831295,117089,112201,4888,474687,470777,3910,98627,97655,972,141184,82992,141601,4390,3885,505,0,0,0,0,212865,207129,5736,1294736,1250185,44551,263124,250340,12784,1612673,16387176,6417991,1286722,0,91828,0,20542,0,176575,305025,1785331,49091,1260360,3425322,31009,82992,0,0,0,0,12937,0,1441451,13189874,1584629,1194386,390243,11.970469363533214
2002:Q1,16564488,12002980,10434455,1568525,2954483,122860,117294,5566,452809,448722,4087,101277,100277,1000,146933,88203,142724,6771,5077,1694,0,0,0,0,212233,206809,5424,1361784,1313197,48587,318889,305217,13672,1607025,16564488,6466116,1285382,0,89472,0,20151,0,179378,307733,1778574,50618,1294055,3493941,30960,88203,0,0,0,0,2602,0,1477303,13308908,1648555,1235734,412821,0.6356185466879799
2002:Q2,14743436,10417510,8939981,1477529,2804052,130518,124454,6064,432984,428922,4062,100409,99393,1016,149180,88951,134232,8404,6460,1944,0,0,0,0,169378,163994,5384,1287004,1238292,48712,302992,289473,13519,1521874,14743436,5812552,1108373,0,87041,0,18844,0,167061,285659,1577062,44338,1139181,3098686,30285,88951,0,0,0,0,5187,0,1280216,11663332,1558230,1131805,426425,-12.915215103556685
2002:Q3,12318230,8666635,7370712,1295923,2416120,106622,101123,5499,389769,386588,3181,82810,81988,822,155002,82259,115752,8139,6313,1826,0,0,0,0,142266,136999,5267,1075609,1033625,41984,257892,246325,11567,1235475,12318230,4724917,912525,0,84153,0,16904,0,149007,247663,1378336,37011,1076542,2504642,30679,78326,0,0,0,0,-11256,0,1088781,9716686,1366069,1007504,358565,-17.161070456935885
2002:Q4,13193178,9268856,7957785,1311071,2550342,117967,112406,5561,400735,397366,3369,85723,84876,847,161165,102142,124454,6687,6157,530,0,0,0,0,157805,152334,5471,1125722,1081228,44494,267942,255547,12395,1373980,13193178,5012539,984329,0,82753,0,19154,0,155573,264732,1493308,48836,1076523,2688868,33584,98228,0,0,0,0,5330,0,1229421,10435460,1383738,1040541,343197,7.326821574991355
2003:Q1,12745119,9022544,7736330,1286214,2429122,103170,97707,5463,358595,355785,2810,82458,81696,762,167180,100831,122259,7952,5929,2023,0,0,0,0,155097,150208,4889,1072712,1029489,43223,258868,248447,10421,1293453,12745119,4702803,922711,0,82710,0,18931,0,150011,261734,1517484,56254,1119439,2579752,33694,97162,0,0,0,0,-6398,0,1208832,10095861,1355805,1031219,324586,-3.4918298636372995
2003:Q2,14796204,10367884,8951939,1415945,2846901,121136,114701,6435,408393,405439,2954,91343,90583,760,190729,121572,122110,9774,7221,2553,0,0,0,0,188046,182065,5981,1277078,1225469,51609,316720,304580,12140,1581419,14796204,5554072,1030006,0,87538,0,21944,0,165631,293618,1754021,67152,1142658,3075150,40006,117704,0,0,0,0,-1400,0,1448104,11716408,1498377,1113462,384915,16.02809785565075
2003:Q3,15484105,10765571,9291864,1473707,2963149,128990,122338,6652,422395,419457,2938,97212,96430,782,204443,119753,125821,10225,7452,2773,0,0,0,0,206942,200733,6209,1321307,1268782,52525,326061,313540,12521,1755385,15484105,5899534,1021911,0,88992,0,23629,0,169813,303591,1798712,66898,1185568,3282123,45575,115547,0,0,0,0,-925,0,1483137,12170613,1558107,1166534,391573,3.2888694792141675
2003:Q4,17328673,11930291,10386711,1543580,3318960,139518,132823,6695,476255,473166,3089,108140,107332,808,215910,150983,133489,11910,8916,2994,0,0,0,0,235762,229141,6621,1471941,1417798,54143,375052,360657,14395,2079422,17328673,6627087,1106509,0,93976,0,25204,0,185024,325777,1967418,79022,1254192,3762039,52730,146316,0,0,0,0,7146,0,1696233,13616926,1632325,1237387,394938,11.916975485197424
2004:Q1,17986754,12338882,10618224,1720658,3509412,159205,150967,8238,519091,515430,3661,116565,115559,1006,234422,161704,134842,15014,11012,4002,0,0,0,0,247176,238701,8475,1509086,1447341,61745,412307,396854,15453,2138460,17986754,6934954,1122544,0,97991,0,26437,0,190324,338236,2026199,83867,1232634,3967702,66931,155616,0,0,0,0,17333,0,1725986,14025056,1823238,1288432,534806,2.2203538454558247
2004:Q2,18196548,12636760,10873428,1763332,3398245,140421,132596,7825,544656,540401,4255,122283,121196,1087,236446,178537,133521,15038,11218,3820,0,0,0,0,228254,220596,7658,1467862,1407883,59979,331227,315781,15446,2161543,18196548,6947973,1138964,0,92425,0,25573,0,193003,341824,2030368,85918,1295749,4033580,70975,171828,0,0,0,0,-1305,0,1769673,14171603,1863402,1316110,547292,0.9526768616467176
2004:Q3,17976848,12344757,10571658,1773099,3419735,145654,137947,7707,524720,520638,4082,119642,118579,1063,244874,181392,128649,21473,16474,4999,0,0,0,0,221179,214067,7112,1484695,1423824,60871,347457,335122,12335,2212356,17976848,6839551,1114543,0,101322,0,25367,0,192982,341083,2026846,85806,1257819,4008437,74544,173932,0,0,0,0,-4256,0,1738872,13893224,1871268,1326058,545210,-2.250508991358134
2004:Q4,19800656,13516571,11644860,1871711,3723667,138985,131306,7679,536967,532629,4338,127872,126660,1212,255455,227539,122290,24514,18812,5702,0,0,0,0,253308,246150,7158,1604089,1542429,61660,432648,415393,17255,2560418,19800656,7373407,1213832,0,91015,0,26346,0,202674,366740,2193261,98280,1471030,4491000,81804,217689,0,0,0,0,21405,0,1952173,15263523,1976715,1410241,566474,9.70911841436121
2005:Q1,19661266,13464315,11426122,2038193,3547046,133656,125482,8174,509020,504715,4305,124592,123329,1263,261526,231307,98442,25258,19118,6140,0,0,0,0,261652,252987,8665,1490053,1426550,63503,411540,396090,15450,2649905,19661266,7426667,1137185,0,88525,0,25434,0,196692,363655,2136868,98891,1473782,4457299,87954,217437,0,0,0,0,17463,0,1933414,14865668,2145693,1421782,723911,-2.629132650627909
2005:Q2,20136713,13737498,11591054,2146444,3694813,138869,130525,8344,522937,518707,4230,138742,137475,1267,271592,245299,103749,27203,20518,6685,0,0,0,0,255152,247382,7770,1529358,1465290,64068,461912,445605,16307,2704402,20136713,7679621,1101851,0,94628,0,26451,0,199567,368498,2171903,101220,1491598,4588344,95339,230240,0,0,0,0,15192,0,1972261,15177196,2255115,1496672,758443,1.8854970031579634
2005:Q3,21053423,14223868,12051286,2172582,3750885,134361,125823,8538,538085,533703,4382,149737,148436,1301,277813,262858,84398,23180,17251,5929,0,0,0,0,280069,271176,8893,1497294,1432852,64442,503090,487723,15367,3078670,21053423,8083275,1089399,0,104150,0,26974,0,204749,376328,2245396,108181,1505127,4884903,102966,245509,0,0,0,0,14415,0,2062051,15693319,2281434,1533762,747672,3.594601182288119
2005:Q4,21517496,14217771,12062909,2154862,3982020,145406,136836,8570,576026,571606,4420,159130,157831,1299,276482,300819,94594,25453,19753,5700,0,0,0,0,302325,293115,9210,1578610,1517076,61534,523175,503836,19339,3317705,21517496,8193033,1058806,0,103688,0,27008,0,205749,380355,2287801,112724,1530000,5056822,104874,281018,0,0,0,0,57865,0,2117753,15934857,2264934,1567005,697929,1.7447876595616454
2006:Q1,23078515,15233106,12695278,2537828,4162998,147523,137121,10402,569861,564864,4997,164058,162647,1411,281444,329207,94138,24405,17659,6746,0,0,0,0,358725,346170,12555,1624333,1546894,77439,569304,549587,19717,3682411,23078515,9431320,1043745,0,96047,0,28124,0,210901,400696,1863657,121189,1696388,5442967,108995,305814,0,0,0,0,71760,0,2256912,16725009,2671095,1640137,1030958,4.996167135305718
2006:Q2,22483614,14745223,12323911,2421312,4064811,147457,136875,10582,543482,538730,4752,149065,147587,1478,281055,345705,88112,25957,19168,6789,0,0,0,0,350517,337623,12894,1640752,1561393,79359,492709,473227,19482,3673580,22483614,9155588,970391,0,98501,0,26987,0,207649,392384,1805783,118607,1650253,5343358,107125,317546,0,0,0,0,55709,0,2233733,16253386,2556648,1613068,943580,-2.3828721584933503
2006:Q3,23267528,15146099,12659797,2486302,4292810,144796,135122,9674,596003,591149,4854,149426,147999,1427,287788,361698,102318,26797,19681,7116,0,0,0,0,342643,329422,13221,1736656,1650964,85692,544685,522907,21778,3828619,23267528,9442960,964281,0,103987,0,27784,0,216196,408027,1864725,125849,1674690,5548721,111488,331600,0,0,0,0,59831,0,2387389,16808845,2630064,1654932,975132,4.009715127540328
2006:Q4,24974549,16023053,13420745,2602308,4622536,125294,115916,9378,649672,644674,4998,153064,151654,1410,299110,422550,107096,25504,18548,6956,0,0,0,0,382302,367761,14541,1816526,1733170,83356,641418,613314,28104,4328960,24974549,10151006,964060,0,106573,0,30535,0,231627,462491,1976297,138402,1734141,6026520,121670,387336,0,0,0,0,85480,0,2558411,17894538,2751051,1797064,953987,6.70542818947509
2007:Q1,25748607,16656509,13645591,3010918,4555735,112762,102245,10517,626824,621333,5491,156372,154721,1651,313295,444260,96470,26694,19125,7569,0,0,0,0,393035,375640,17395,1736434,1642703,93731,649589,615854,33735,4536363,25748607,10574952,974300,0,112676,0,29515,0,233218,472748,1992967,141086,1751049,6235084,136299,404508,0,0,0,0,89515,0,2600690,18031237,3181007,1841354,1339653,0.9722267164328259
2007:Q2,26987411,17392149,14398077,2994072,4636963,114438,103670,10768,632872,627203,5669,166553,164786,1767,324109,485926,105993,22941,16592,6349,0,0,0,0,408491,388872,19619,1697587,1605314,92273,678053,641000,37053,4958299,26987411,10700190,1039857,0,104754,0,32002,0,246647,494561,2102757,152020,1873530,6690863,146407,442671,0,0,0,0,100055,0,2861097,18861542,3167570,1895232,1272338,5.636535523473196
2007:Q3,27350752,17569548,14524189,3045359,4518735,101527,93246,8281,603398,598153,5245,162720,160990,1730,328702,551101,100357,18371,13541,4830,0,0,0,0,352402,336947,15455,1625809,1532258,93551,674348,637296,37052,5262469,27350752,10660056,1065175,0,114259,0,34531,0,251412,501506,2121664,153972,1880791,6853800,152505,498523,0,0,0,0,118676,0,2943882,18876780,3211503,1949845,1261658,1.0201080254037782
2007:Q4,26301123,16914397,14030865,2883532,4138736,70673,64483,6190,600299,595533,4766,155956,154289,1667,316135,608422,63323,20699,16178,4521,0,0,0,0,337685,321304,16381,1336071,1258491,77580,629473,593402,36071,5247990,26301123,9976767,1033221,0,115028,0,33625,0,237325,480323,2040978,150810,1839262,6611942,145198,544824,0,0,0,0,137821,0,2953999,18022425,3030708,1910404,1120304,-3.6830402316784796
2008:Q1,24041175,15605396,12729619,2875777,3648899,67398,61237,6161,523769,519424,4345,141234,139512,1722,291960,571108,43718,17846,14455,3391,0,0,0,0,271041,256717,14324,1210810,1136644,74166,510015,479795,30220,4786880,24041175,9132050,987843,0,112205,0,31886,1,216969,434788,1844741,130873,1737432,5963957,129808,494644,0,0,0,0,76952,0,2747026,16244189,3010106,1786241,1223865,-9.960267378446781
2008:Q2,23353359,15443463,12754186,2689277,3208187,57599,52459,5140,453156,449633,3523,126148,124677,1471,279400,578066,31232,18943,15682,3261,0,0,0,0,257142,244513,12629,935887,880538,55349,470614,440584,30030,4701709,23353359,8513215,1011226,0,106761,0,30946,1,214447,420941,1814610,130299,1769649,5920011,123847,492137,0,0,0,0,104050,0,2701219,15850970,2800680,1692653,1108027,-2.0154891705284323
2008:Q3,20764543,13819918,11331517,2488401,3308515,54113,47895,6218,403190,400292,2898,122042,120383,1659,231881,579509,14950,16186,13900,2286,0,0,0,0,144869,132063,12806,1263252,1184908,78344,478523,446621,31902,3636110,20764543,7459269,971814,47759,102349,0,25978,0,212029,390104,1655710,111551,1602673,5019971,99066,491252,0,0,0,0,84911,0,2490107,14503919,2624514,1549549,1074965,-9.145246220531355
2008:Q4,16481288,11038117,8821591,2216526,2694743,62393,57063,5330,314307,311629,2678,80608,79506,1102,185098,531286,21874,16741,14796,1945,0,0,0,0,84793,78277,6516,1064258,1010555,53703,333385,312167,21218,2748428,16481288,5875695,791594,269938,96656,0,22193,0,195998,320911,1275037,86818,1299132,3736342,72277,438296,0,0,0,0,70542,0,1929859,11423842,2309018,1341011,968007,-23.41730086250634
2009:Q1,14676313,9957738,7916293,2041445,2261602,35856,32313,3543,265191,263085,2106,47105,46496,609,179708,482019,55438,15023,13494,1529,0,0,0,0,55346,53771,1575,882640,846171,36469,243276,228032,15244,2456973,14676313,5193190,678830,329855,89486,0,24237,0,167347,259263,1111499,76221,1219961,3357674,64904,361664,0,0,0,0,29801,0,1712381,10116820,2102520,1248664,853856,-11.179495333273707
2009:Q2,17265678,11351227,9133010,2218217,2752242,36972,33448,3524,278563,276348,2215,71801,70860,941,199092,590338,67955,18906,17162,1744,0,0,0,0,72989,71314,1675,1107500,1058390,49110,308126,290683,17443,3162209,17265678,6271816,758642,290518,99168,0,23807,0,190465,291015,1269941,93643,1299017,4076209,74824,449471,0,0,0,0,39211,0,2037931,11808600,2294869,1336785,958084,16.14372129912557
2009:Q3,20170866,12975562,10496485,2479077,3359153,42264,38680,3584,336420,333849,2571,96175,95026,1149,220622,693376,68074,24802,22676,2126,0,0,0,0,90827,88899,1928,1434118,1373934,60184,352475,334371,18104,3836151,20170866,7341905,845283,307054,104594,0,25183,0,222946,325714,1448752,110745,1502218,4827596,83653,534875,0,0,0,0,46325,0,2444023,13765992,2568723,1480176,1088547,15.733382140919067
2009:Q4,21007760,13674040,11188489,2485551,3338425,41668,38480,3188,323607,321327,2280,97122,96050,1072,224407,777128,79165,24063,22333,1730,0,0,0,0,86640,84945,1695,1278738,1226990,51748,405887,388430,17457,3995295,21007760,7453271,863153,225314,102945,25106,34126,0,224503,351146,1504445,119695,1574956,5093642,87430,595518,0,0,0,0,69978,25106,2657426,14447744,2564721,1543668,1021053,5.293380499872841
2010:Q1,22060369,14221812,11704764,2517048,3703543,49478,45896,3582,386483,384089,2394,118589,117329,1260,230313,805364,92173,24068,22189,1879,0,0,0,0,90000,88319,1681,1458966,1399021,59945,448109,429644,18465,4135014,22060369,7846770,892125,228245,104302,25416,34397,0,221343,376003,1599649,127993,1616577,5358728,89087,615882,0,0,0,0,37824,25416,2860612,15319101,2606254,1626484,979770,5.685847567568518
2010:Q2,19870614,12775020,10434117,2340903,3360982,40872,37766,3106,368307,366157,2150,101699,100637,1062,223465,772206,108624,24891,23013,1878,0,0,0,0,74387,72843,1544,1255223,1203841,51382,391308,375455,15853,3734612,19870614,7153462,774768,245380,99921,25733,28308,0,197812,353785,1424962,113718,1491813,4733116,82042,558690,0,0,0,0,20888,25733,2540483,13718124,2417878,1508747,909131,-11.524419382586256
2010:Q3,22215448,14162417,11672113,2490304,3577224,53967,49493,4474,387999,385762,2237,107398,106288,1110,240214,882745,109893,27782,25784,1998,0,0,0,0,78840,77344,1496,1256458,1205708,50750,431928,415123,16805,4475807,22215448,8028841,845055,248043,104766,26057,30231,0,209039,396489,1590991,127807,1619569,5331986,92101,653200,0,0,0,0,21666,26057,2863550,15170467,2569174,1599735,969439,10.973268280952627
2010:Q4,24427958,15565283,12978719,2586564,3962429,62459,57438,5021,421490,419002,2488,123343,122082,1261,239384,991989,113348,31240,28849,2391,0,0,0,0,93397,91542,1855,1416060,1358393,57667,469719,451096,18623,4900246,24427958,8808818,917209,227993,105352,26385,35060,50,224165,429535,1778082,145304,1722987,5872706,96701,752507,0,0,0,0,45255,26385,3213464,16851842,2675870,1705732,970138,11.152051342605409
2011:Q1,25864159,16559377,13795840,2763537,4144802,66959,61825,5134,457711,454862,2849,128271,126975,1296,243889,1055034,117399,54453,51686,2767,0,0,0,0,100155,98046,2109,1430391,1371883,58508,490540,470687,19853,5159980,25864159,9426624,973102,226256,101064,0,34444,44,227850,446981,1862638,153467,1772348,6251220,100411,801067,0,0,0,0,48706,0,3437937,17848126,2856053,1822099,1033954,5.917387771513782
2011:Q2,25720327,16512309,13814495,2697814,4003143,65024,59997,5027,428312,425718,2594,116524,115331,1193,248739,1077345,126619,54238,51468,2770,0,0,0,0,93893,91848,2045,1314273,1260397,53876,478176,458134,20042,5204875,25720327,9307849,975429,216139,97389,0,38310,0,225811,454132,1833265,154377,1766572,6230062,100930,811856,0,0,0,0,48382,0,3459824,17730091,2785361,1784535,1000826,-0.4677711703122728
2011:Q3,21764676,14187035,11773117,2413918,3290420,49371,45272,4099,371204,369136,2068,86363,85515,848,240722,951457,133601,53133,50667,2466,0,0,0,0,67697,66102,1595,965111,925406,39705,371761,355220,16541,4287221,21764676,7818370,840928,203787,96351,0,32855,3,209336,405401,1525638,124825,1625858,5077347,95097,671938,0,0,0,0,9243,0,3027699,14996215,2481240,1600097,881143,-15.653251176549201
2011:Q4,23651374,15594528,13023982,2570546,3555408,53865,49334,4531,404925,402742,2183,97440,96499,941,244024,1048141,136706,52813,50389,2424,0,0,0,0,68798,67396,1402,1047649,1005748,41901,401047,383648,17399,4501438,23651374,8347359,940555,209455,101163,0,34080,3,231062,442388,1680431,132201,1735762,5510024,95855,754137,0,0,0,0,39725,0,3397174,16508609,2641327,1757867,883460,11.500278336830386
2012:Q1,26475567,17015723,14141765,2873958,4454441,33529,29105,4424,418142,415837,2305,111292,110187,1105,249886,1193177,131031,57468,54580,2888,0,0,0,0,35178,33676,1502,1805855,1721502,84353,418883,399062,19821,5005403,26475567,9318399,1046924,191729,98856,0,27425,3,256011,478085,1882071,150762,1938328,6220859,97913,873197,0,0,0,0,49138,0,3845867,18479808,2990356,1932671,1057685,12.351864496867345
2012:Q2,25435143,16542312,13691708,2850604,4219816,32251,28156,4095,419577,417370,2207,78623,77730,893,251098,1166660,120589,61166,58084,3082,0,0,0,0,30008,28686,1322,1662555,1582454,80101,397289,377472,19817,4673015,25435143,9012787,1006139,174961,97878,0,28099,3,251621,458462,1808310,143914,1881620,5883383,96216,835004,0,0,0,0,40315,0,3716431,17800007,2962121,1910552,1051569,-3.604316812351559
2012:Q3,26835418,17643940,14671658,2972282,4143128,33464,29150,4314,451784,449465,2319,84506,83563,943,262148,1281125,110028,67077,63600,3477,0,0,0,0,28731,27549,1182,1452706,1393072,59634,371559,350655,20904,5048350,26835418,9530209,1057400,139567,103124,0,29894,3,265515,479150,1904268,152353,1935270,6217479,100376,921316,0,0,0,0,59452,0,3940042,18722013,3065055,1978632,1086423,5.634088497784435
2012:Q4,26097216,17481854,14496468,2985386,4256948,33302,29258,4044,401526,399794,1732,125274,123899,1375,265175,1337122,117145,64543,61230,3313,23966,23202,764,0,31567,30466,1101,1511435,1449149,62286,345893,325467,20426,4358414,26097216,8829067,1040110,137933,100445,0,30466,3,266253,480858,1710111,153076,1709160,6297415,100640,972228,4564,0,288538,38046,74339,0,3863964,18658375,3080427,2057780,1022647,-0.40135189390023446
2013:Q1,28842426,19636248,16007537,3628711,4712044,38288,33659,4629,472718,470267,2451,141166,139394,1772,279940,1446268,125400,73822,69461,4361,30809,29718,1091,0,34671,33164,1507,1663204,1594006,69198,405758,380454,25304,4494134,28842426,10069985,1146896,144336,103260,0,32330,3,281677,511953,1838458,172386,1767804,6865679,108020,1086464,7576,0,312460,37709,58462,0,4296968,20609268,3739024,2271557,1467467,10.524318363208886
2013:Q2,29365188,19997337,16233193,3764144,4901607,39563,34574,4989,497565,494824,2741,171123,168767,2356,278355,1417649,134813,69987,66266,3721,32873,31418,1455,0,38018,36363,1655,1800158,1721945,78213,421503,393484,28019,4466244,29365188,10326107,1176561,151995,100435,0,31361,3,286541,515967,1833171,178168,1765347,6989334,107934,1099591,7890,0,335635,37115,55776,0,4366257,21011651,3887293,2338772,1548521,2.2880981205953823
2013:Q3,31170978,21080170,17163211,3916959,5125066,44497,39379,5118,512260,509254,3006,181092,178460,2632,278559,1541948,142774,65032,61583,3449,35381,33449,1932,0,42096,40242,1854,1834894,1756719,78175,446533,416971,29562,4965742,31170978,10878711,1234370,157044,100329,0,33429,3,294673,533782,1890267,189887,1845472,7554511,110125,1215450,8140,0,354551,36395,57897,0,4675942,22162549,4042687,2418165,1624522,5.646189832517547
2013:Q4,33589507,22681681,18672464,4009217,5611403,51547,45788,5759,541281,538003,3278,209739,206664,3075,281806,1674713,132216,70145,65626,4519,37900,35436,2464,0,75597,73591,2006,1989397,1904619,84778,547062,513894,33168,5296423,33589507,11529155,1359761,137036,102556,0,35821,3,325409,564503,2023677,217002,1923734,8227282,114237,1363158,8674,0,403815,37947,115504,0,5100233,24144820,4148264,2528373,1619891,9.565956005813206
2014:Q1,34621532,23433956,18977160,4456796,5749364,56144,49901,6243,547896,544622,3274,206253,203150,3103,289399,1710738,122057,73470,70131,3339,43203,39399,3804,0,77522,75326,2196,2044940,1954739,90201,577742,542325,35417,5438212,34621532,12252587,1386292,121892,104154,0,35646,3,327797,563425,2005639,222762,1885689,8411502,117326,1382876,8996,0,398621,38680,82032,0,5275613,24578947,4604373,2676974,1927399,1.53529794464275
2014:Q2,36263029,24507532,19954677,4552855,5916378,62364,56382,5982,560531,557249,3282,213777,210622,3155,299639,1831962,111857,78092,74673,3419,45110,40255,4855,0,75432,73112,2320,2044027,1958339,85688,593587,559483,34104,5839119,36263029,12929197,1460674,108129,102242,0,37000,3,334908,572398,2046605,232763,1937552,8787880,124037,1488754,9288,0,432017,39481,98510,0,5521591,25728250,4695660,2772389,1923271,4.349959058850747
2014:Q3,35896136,24318099,19724354,4593745,5974032,60179,54676,5503,585200,581974,3226,206865,203784,3081,297505,1831035,100738,74078,71000,3078,47665,41820,5845,0,82646,80535,2111,2061710,1976202,85508,626411,594255,32156,5604005,35896136,12695334,1479025,97600,97959,0,36458,3,335329,565565,1995663,235550,1935048,8622827,123515,1491337,9244,0,429408,38446,111936,0,5595889,25557878,4734253,2830354,1903899,-0.5339679560885218
2014:Q4,37131603,25317731,20495535,4822196,6337905,67517,61821,5696,638056,634498,3558,210584,207548,3036,291613,1974551,102154,76383,73324,3059,48607,42111,6496,0,87502,85399,2103,2158173,2074056,84117,682765,648239,34526,5475967,37131603,13269181,1553751,99506,102064,0,37995,3,341932,571447,2034072,240154,1926387,8799214,119384,1619032,9196,0,440186,38812,132928,0,5796359,26690849,4964787,3091914,1872873,4.720506852301365
2015:Q1,37714140,25491764,20620779,4870985,6377964,70045,64504,5541,625963,622483,3480,192974,190197,2777,291885,2063204,105167,76873,73984,2889,51073,43592,7481,0,91722,89673,2049,2062507,1985968,76539,746551,711358,35193,5844412,37714140,13414958,1549779,101529,105671,0,37766,3,336835,570862,2036534,247891,1973364,9061589,118659,1682805,9641,0,471062,40410,104107,0,5850675,26862794,5006934,3222437,1784497,1.3208660333131288
2015:Q2,37707648,25183247,20286560,4896687,6541744,75800,69929,5871,598492,594921,3571,203675,200583,3092,285683,2083140,107777,73537,70726,2811,52713,44248,8465,0,91555,89434,2121,2199224,2118173,81051,770148,735046,35102,5982657,37707648,13464209,1535465,103678,103039,0,38214,3,333691,568769,2019759,247362,1973195,9118140,115978,1708049,10088,0,459717,39924,102270,0,5766098,26686220,5038771,3207779,1830992,-0.3531947610902476
2015:Q3,34576680,23279205,18642486,4636719,6044021,72633,67061,5572,581705,578076,3629,178407,175667,2740,267016,1955834,110426,70698,68080,2618,52244,43450,8794,0,75897,73997,1900,1981784,1909963,71821,697377,665372,32005,5253454,34576680,12373134,1418991,106426,101854,0,35474,3,319433,556672,1843399,227651,1847391,8282557,101407,1566838,9768,0,416356,39014,70000,0,5260312,24557428,4765798,3031099,1734699,-7.727787563161959
2015:Q4,36088148,24346537,19567299,4779238,6275201,76509,70446,6063,588256,584756,3500,182201,179320,2881,262990,2100680,109953,67035,64630,2405,50553,41750,8803,0,77113,75438,1675,2040749,1967472,73277,719162,687251,31911,5466410,36088148,12931673,1499935,106928,104777,0,37579,3,333955,578703,1957570,240348,1901520,8625329,99794,1708670,9816,0,418008,39283,108212,0,5386045,25711985,4909753,3160743,1749010,5.719736804528808
2016:Q1,36229725,24758340,19615989,5142351,6056696,74115,68204,5911,591417,587898,3519,162023,159440,2583,261904,2154998,110140,67205,64648,2557,49811,40992,8819,0,73166,71453,1713,1791031,1724105,66926,720886,688214,32672,5414689,36229725,13285851,1527627,107504,105208,0,30444,3,330612,574471,1944913,238051,1907131,8555730,97809,1708406,10318,0,400596,38245,67072,0,5299734,25547985,5267051,3306485,1960566,0.3719267349827688
2016:Q2,36921515,25246633,20003931,5242702,6195590,74556,68442,6114,605035,601657,3378,159819,157418,2401,268587,2229526,111663,69676,66963,2713,51805,41844,9961,0,73925,72323,1602,1784991,1718526,66465,766007,733487,32520,5479292,36921515,13730108,1573044,108063,105911,0,30816,3,329401,579133,1958839,240754,1894725,8649293,101728,1748639,10240,0,409326,38169,76845,0,5336478,26074367,5367856,3410321,1957535,2.087168622733113
2016:Q3,38278765,25838959,20571756,5267203,6561257,81889,75235,6654,600346,597028,3318,173483,170878,2605,272275,2387532,111847,92285,89428,2857,53666,42821,10845,0,80518,78880,1638,1918694,1846641,72053,788722,755468,33254,5878549,38278765,14112064,1642010,108696,110024,0,31703,0,329807,590971,2009660,250524,1942199,9007479,103561,1877255,9598,0,429350,39863,91746,0,5592255,26999789,5400427,3448132,1952295,3.9180055370913944
2016:Q4,39068244,25851542,20741195,5110347,7336620,102199,93517,8682,644761,640883,3878,211947,208654,3293,264802,2524541,110738,93401,90469,2932,50824,38897,11927,0,83632,81651,1981,2419012,2325539,93473,830763,793172,37591,5880082,39068244,14409232,1712941,103623,108976,0,33388,0,354315,586930,2061835,260768,1964762,9069933,101804,2029285,9615,0,434720,42539,124159,0,5659419,27914058,5274104,3526443,1747661,3.5967544024791915
2017:Q1,41356627,27256145,21880330,5375815,7687465,102311,93782,8529,668602,664853,3749,208896,205762,3134,271252,2774752,104165,96972,93790,3182,53987,41273,12714,0,81980,79846,2134,2412427,2319361,93066,912121,874691,37430,6413017,41356627,15219766,1786453,99263,110798,0,33757,0,364000,608481,2163942,277059,2047151,9604948,105522,2236763,9325,0,469058,46882,105728,0,6067731,29403857,5539753,3700351,1839402,5.291078257126324
2017:Q2,42611085,27692720,22346089,5346631,8021631,112365,103756,8609,743250,738748,4502,214531,211535,2996,274174,2944343,100153,102280,98849,3431,55327,42648,12679,0,97170,95165,2005,2388352,2295165,93187,989686,950371,39315,6896734,42611085,15697968,1810517,95563,111992,0,34583,0,369742,624094,2206889,288076,2119668,9923346,106018,2369562,9737,0,487738,43556,126244,0,6185792,30200996,5513355,3771013,1742342,2.516043531339559
2017:Q3,44278975,28455488,23089240,5366248,8431445,116187,107331,8856,783235,778812,4423,223130,220114,3016,277056,3137550,98434,105950,102364,3586,55667,42572,13095,0,103135,100883,2252,2489050,2391108,97942,1042051,1000542,41509,7392042,44278975,16123241,1859513,92623,112740,0,34680,0,383438,644924,2290049,300372,2208762,10351331,108579,2526556,9955,0,513636,45678,134122,0,6538776,31346006,5540927,3825488,1715439,4.073956734657496
2017:Q4,46787771,30021359,24356405,5664954,9005255,118726,109215,9511,835778,831287,4491,230614,227560,3054,277300,3401019,101696,104803,101221,3582,56241,42633,13608,0,103382,100686,2696,2665910,2557203,108707,1109786,1063972,45814,7761157,46787771,17149217,1949283,96434,116805,0,36521,0,410585,660820,2413569,324207,2299549,10819639,109298,2771577,10561,0,567466,48547,123874,0,6879819,33170197,5856417,4092855,1763562,5.830727069274222
2018:Q1,46445590,29744422,24065392,5679030,8930788,119869,110353,9516,833335,828759,4576,212782,209842,2940,268739,3411600,104493,101163,97854,3309,56336,42700,13636,0,105741,103002,2739,2598967,2494699,104268,1117763,1072319,45444,7770380,46445590,16997340,1915449,101228,112949,0,38406,0,407419,641130,2362339,322057,2259836,10761948,103379,2771359,10824,0,553868,47624,123093,0,6915342,32809752,5865458,4039070,1826388,-1.0486322682711995
2018:Q2,47248785,30842997,25125632,5717365,8942452,122482,113330,9152,788515,784250,4265,208301,205427,2874,271416,3497885,110418,103513,100242,3271,56124,43367,12757,0,98353,95563,2790,2536378,2440127,96251,1149067,1105273,43794,7463336,47248785,17240077,1961404,106961,116051,0,38099,0,409744,641342,2436707,330805,2303516,10930539,104415,2834369,11526,0,557363,49130,132223,0,7044514,33892930,5892519,4125854,1766665,3.399079720994779
2018:Q3,49481637,32558901,26691687,5867214,9324842,127973,119126,8847,878129,873444,4685,221074,217966,3108,272377,3700859,116398,106261,102954,3307,57654,44307,13347,0,93463,90890,2573,2538849,2444792,94057,1211805,1166721,45084,7597894,49481637,17996161,2091549,113200,118133,0,38720,0,434263,650703,2595417,348599,2366570,11367339,105826,3016061,11378,0,579598,52201,158944,0,7436975,35841521,6042222,4207592,1834630,6.625150942456615
2018:Q4,42760862,27926917,22485665,5441252,8205904,104906,97687,7219,810402,806357,4045,188471,185837,2634,252205,3371154,114130,105400,102185,3215,57682,44033,13649,0,80927,78629,2298,2077972,2002841,75131,1042655,1001302,41353,6628041,42760862,15636734,1789868,111680,117725,0,34893,0,392117,573169,2164058,292063,2087904,9657450,91200,2659009,10884,0,492843,56206,96473,0,6496586,30542025,5590796,3862577,1728219,-14.790159525134486
2019:Q1,48078226,31841980,25655970,6186010,8897230,112582,104977,7605,848612,844283,4329,201706,198901,2805,268599,3771298,116605,116218,112469,3749,60105,45850,14255,0,85659,83477,2182,2218842,2137779,81063,1097004,1054947,42057,7339016,48078226,17821090,2026146,111104,120524,0,39560,0,417468,621526,2446342,331025,2343613,10880165,101888,3000124,11602,0,541919,60576,100193,0,7103361,34395155,6344055,4447693,1896362,13.486709756570692
2019:Q2,49525325,32627540,26479937,6147603,9376093,110963,103350,7613,913627,908949,4678,218740,215777,2963,272984,3933355,117011,115509,111804,3705,62782,47905,14877,0,89030,86858,2172,2342281,2259189,83092,1199811,1154269,45542,7521692,49525325,18252537,2105393,111676,123647,0,41144,0,436805,641963,2497640,341350,2376353,11183989,103629,3103378,11455,0,542636,59739,115716,0,7476275,35691388,6312245,4551438,1760807,3.596401988086553
2019:Q3,49535754,32782644,26545723,6236921,9388024,116881,108939,7942,865155,860141,5014,204155,201224,2931,274228,4024327,119354,116760,112942,3818,63753,49566,14187,0,90294,88104,2190,2347339,2262532,84807,1165778,1117565,48213,7365086,49535754,18190448,2132960,112100,122088,0,40337,0,457118,647391,2477726,339426,2451077,11073533,103065,3139209,11660,0,540613,61002,123586,0,7512415,35764645,6406023,4565976,1840047,0.6545136644399769
2019:Q4,53325518,35066413,28530744,6535669,10179294,125869,118774,7095,896564,891479,5085,211664,208410,3254,278674,4396207,116910,90094,85886,4208,64553,52368,12185,0,99709,97513,2196,2600010,2502339,97671,1299040,1247246,51794,8079811,53325518,19536497,2317738,110751,120392,0,43521,0,493890,682855,2669072,370695,2555232,11934519,107181,3476225,11890,0,591295,64469,110277,0,8129019,38526550,6719157,4818181,1900976,8.519869731664832
2020:Q1,41819101,28007005,23042167,4964838,7641547,77296,73667,3629,690819,687964,2855,125691,124186,1505,231312,3639718,113144,39297,37737,1560,58252,46839,11413,0,71431,69802,1629,1527331,1479614,47717,1067256,1030576,36680,6170549,41819101,14915297,1832349,109954,116858,0,33365,0,395228,587555,2038036,277938,2178736,9203756,79652,2704388,10378,0,483364,59321,79198,0,6713728,30576726,5071826,4439419,632407,-21.342663532249357
2020:Q2,50578492,34551843,28569621,5982222,8841133,90473,85237,5236,701974,698582,3392,142239,140296,1943,250627,4355705,114089,53899,51220,2679,61520,49417,12103,0,99345,97597,1748,1719273,1652734,66539,1251989,1203905,48084,7185516,50578492,18459189,2165023,109676,126900,0,38869,0,429753,658694,2481885,342540,2385604,11129401,92042,3275349,10818,0,556352,60629,109155,7974,8138639,37269030,6123946,4799090,1324856,21.520468736470434
2020:Q3,55146902,38115187,31570301,6544886,9350464,83127,77661,5466,790128,786446,3682,144619,142538,2081,258132,4725232,112968,56497,53258,3239,62673,51042,11631,0,100985,98888,2097,1705001,1635668,69333,1311102,1252350,58752,7681251,55146902,20434697,2312758,108900,128405,0,42074,0,462099,695395,2682161,366003,2593238,11843423,95573,3562703,11594,0,602303,62964,140153,8618,8993841,40764484,6701167,5089026,1612141,8.642392086086009
2020:Q4,63935760,43788352,36091357,7696995,11131446,119277,111149,8128,870743,866169,4574,177373,174672,2701,278548,5449361,133019,69942,65420,4522,66963,54915,12048,0,105786,104119,1667,2309272,2209207,100065,1551162,1476767,74395,9015962,63935760,24265405,2543177,128173,131159,0,49008,0,518090,769765,3065296,418582,2908572,13391070,105865,4229440,13269,0,668983,70975,137500,8776,10512655,47014703,7905095,5757632,2147463,14.323650416926839
2021:Q1,68585549,46708637,38163013,8545624,12403501,153555,143120,10435,934068,928532,5536,223739,220236,3503,289670,5909739,157211,77630,72764,4866,72372,57226,15146,0,100795,98545,2250,2827142,2699718,127424,1657580,1571669,85911,9473411,68585549,26626117,2691108,152616,113843,0,53666,0,546314,791557,3196806,449244,2972636,13977907,114866,4692646,14664,0,713775,79255,146514,8507,11243508,50311443,8800695,6453516,2347179,6.076117004703255
2021:Q2,74116092,50527398,41623226,8904172,13481681,150358,139553,10805,987799,982250,5549,227690,224186,3504,300285,6491253,186944,82792,77652,5140,79567,60151,19416,0,104980,102674,2306,2996997,2863092,133905,1873016,1778201,94815,10107013,74116092,29099726,2885874,183308,114827,0,57908,0,584900,814452,3397068,487596,3113341,14919355,121056,5184637,17011,0,734542,90059,145590,1062,12163780,54829467,9179612,6896498,2283114,7.9362011794921665
2021:Q3,74327472,50558128,41430673,9127455,13735607,160159,147983,12176,968224,962482,5742,229699,226080,3619,302547,6580569,223464,80434,75230,5204,87680,63076,24604,0,132232,127747,4485,3074305,2932368,141937,1896294,1793339,102955,10033737,74327472,29577628,2867443,220900,119749,0,55881,0,589515,802860,3308648,483793,3072552,14716362,121324,5234459,18387,0,729592,97887,115094,0,12195398,54865558,9428177,7061986,2366191,-0.442117818508328
2021:Q4,79604376,54276033,44798142,9477891,15053863,172350,158744,13606,1024238,1018274,5964,239296,235321,3975,303861,7190515,224185,83350,77917,5433,98268,66328,31940,84201,123785,120165,3620,3065085,2920782,144303,2444729,2333853,110876,10274480,79604376,30966438,3144897,221452,123036,0,60401,0,641877,809307,3551317,524006,3362679,15533811,122695,5803329,21451,42288,760352,111254,105598,0,13698188,59448087,9881809,7438859,2442950,8.787497100487423
2022:Q1,75553418,51244259,41914181,9330078,14674873,157784,145240,12544,1159488,1152075,7413,252117,247609,4508,284849,7014506,224620,79357,74167,5190,110535,67372,43163,101564,101630,98301,3329,2856675,2721744,134931,2331748,2222297,109451,9634286,75553418,29889661,2946674,222106,118323,0,59243,0,673600,770277,3326309,485522,3244031,14328619,115523,5633518,23180,47210,683331,111957,75615,0,12798719,56166961,9752171,7279409,2472762,-5.730542902736762
2022:Q2,63370664,42361788,34386040,7975748,12678115,129048,118742,10306,951775,944037,7738,212304,207720,4584,254741,6156505,224656,66728,62421,4307,118580,66208,52372,103454,84594,81923,2671,2331765,2222876,108889,2043965,1949329,94636,8330761,63370664,24862100,2429344,222892,124482,0,49546,0,595397,673937,2778538,410083,2928257,11894395,99752,4802233,23699,45364,598608,106015,8013,0,10718009,46675198,8364705,6248333,2116372,-17.16737954034372
2022:Q3,60124328,40367310,32584349,7782961,12212318,126380,116622,9758,913650,905916,7734,213718,208485,5233,239019,5892048,225646,54365,50931,3434,124442,66204,58238,107138,80855,77950,2905,2272999,2170058,102941,1962058,1872752,89306,7544700,60124328,23845847,2270125,223700,123038,0,45846,0,507900,630052,2664233,384859,2784235,11077427,92849,4552096,26336,46826,568487,108422,47726,0,10124324,44409980,8169648,6155313,2014335,-4.946556451196684
2022:Q4,63879184,42064546,34091682,7972864,13290593,124154,114892,9262,1029910,1021245,8665,246958,241038,5920,247906,6476913,229331,60433,56800,3633,127322,66133,61189,109819,91449,88560,2889,2488601,2379335,109266,2057797,1968361,89436,8524045,63879184,25140293,2397646,227558,124336,0,51376,0,532945,658501,2898562,418678,2980796,11867026,98518,5059184,27663,49378,571671,115394,47635,0,10612024,46982196,8372943,6248263,2124680,6.711204695884732
2023:Q1,67705836,45418097,37053770,8364327,13266763,84585,78421,6164,1011363,1003549,7814,216416,211384,5032,247704,6882604,233697,58498,54991,3507,132562,66818,65744,115013,96206,93201,3005,2224653,2125303,99350,1963462,1876115,87347,9020976,67705836,26794272,2571331,231606,131302,0,51691,0,576382,677816,3052494,448833,2961559,12537122,98387,5376461,26159,52738,585212,107302,76095,0,11349074,49927557,8757303,6584681,2172622,6.791041676401729
2023:Q2,72083715,48933431,40155943,8777488,13896623,80947,75009,5938,1078452,1070529,7923,223873,218488,5385,248603,7299650,238095,62974,59204,3770,140526,67846,72680,119032,93585,90584,3001,2265188,2164427,100761,2045698,1953459,92239,9253661,72083715,28516656,2762731,235851,132110,0,54686,0,605232,687659,3260003,485144,3123455,13229677,101018,5766227,29053,54194,607465,109985,107845,0,12214724,53641837,9188217,6978130,2210087,7.961095424871551
2023:Q3,69548214,46927839,38392633,8535206,13698121,82768,76648,6120,1102664,1094202,8462,237214,231156,6058,237053,7134461,243057,60951,57329,3622,152138,69499,82639,123813,92215,89045,3170,2168186,2069834,98352,2063601,1967387,96214,8922254,69548214,27618822,2640743,240400,127627,0,54208,0,557117,655682,3077276,474013,3027279,12605474,95482,5608241,29904,56259,598598,117680,84661,0,11878748,51662304,8963656,6799333,2164323,-3.653965968701326
2023:Q4,76767801,51751514,42480083,9271431,15434636,98743,91473,7270,1153421,1144650,8771,255013,248566,6447,250271,8085698,258904,66240,62190,4050,162505,70794,91711,131738,105347,102123,3224,2626572,2508931,117641,2240184,2137198,102986,9581651,76767801,30370239,2913842,255208,134430,0,59717,0,596349,695948,3410205,534457,3223029,13882105,99770,6433413,30309,60612,622921,128243,116104,0,13200900,57440881,9745269,7382417,2362852,11.682479645906426
2024:Q1,83576208,56650780,46444634,10206146,16825144,97620,90957,6663,1364548,1353650,10898,278695,271285,7410,255509,8842771,275616,64993,60917,4076,179035,72756,106279,142140,118799,114692,4107,2882929,2751140,131789,2322489,2208546,113943,10100284,83576208,32855102,3141341,270995,135165,0,75819,0,599463,740496,3966523,585631,3395836,14994580,104205,7148856,31698,65500,676281,129719,116797,0,14542201,62742473,10733451,8087495,2645956,9.658159345954074
2024:Q2,85511741,58193424,48005338,10188086,17185237,91894,85212,6682,1310481,1300139,10342,265758,258524,7234,252908,9143098,292139,63195,59139,4056,195673,75190,120483,150913,128303,123755,4548,2894433,2762437,131996,2396442,2281908,114534,10133080,85511741,33741266,3185393,287849,137786,0,75046,0,550207,764994,4002177,601743,3375476,15149634,102843,7380913,31562,68666,671195,135585,131325,0,15118081,64639787,10738874,8110599,2628275,2.8869035010684523
2024:Q3,90896753,61380061,50653364,10726697,18688814,98856,91285,7571,1483331,1472128,11203,295481,287531,7950,260612,9968601,309765,70358,65774,4584,210270,76287,133983,161123,138618,133822,4796,3053521,2915199,138322,2638278,2521036,117242,10827878,90896753,36245908,3278004,305800,144235,0,82017,0,545129,806054,4155716,635459,3487613,15905702,107841,8030639,32418,74472,713383,148550,156353,0,16041460,68755404,11313471,8553162,2760309,5.80671522644248
2024:Q4,92360330,62768040,51870114,10897926,19417151,105779,97584,8195,1462397,1450846,11551,288740,280304,8436,251133,10305396,330714,64622,60529,4093,225357,75729,149628,171731,169647,163272,6375,3409773,3254367,155406,2631862,2507899,123963,10175139,92360330,36999300,3260492,322975,140777,0,79844,0,545945,800533,4192553,650720,3434521,15646125,104086,8352900,34126,82608,757162,149724,143212,0,16662727,70647887,11537304,8792245,2745059,2.371472630793062
2025:Q1,89638467,59428546,48625464,10803082,19632949,97009,89394,7615,1688836,1676144,12692,291380,283613,7767,248096,10369126,352460,69105,64636,4469,246087,82419,163668,189628,164045,157715,6330,3288115,3137338,150777,2629062,2500890,128172,10576972,89638467,36522174,3077324,340175,142290,0,81210,0,538065,782825,3733977,599579,3384451,14991816,102669,8249220,35033,97161,707427,148323,148673,0,15956075,67587295,11474200,8699303,2774897,-5.178713767728184
2025:Q2,98239696,65333338,54308899,11024439,21148080,98553,90952,7601,1578664,1566470,12194,286921,279140,7781,251452,11492136,375093,67159,62937,4222,260371,82142,178229,203046,226648,217258,9390,3762430,3593140,169290,2545607,2413358,132249,11758278,98239696,39641419,3360377,357425,146290,0,84978,0,576762,830206,4198547,664456,3641111,16442965,107073,9262389,36130,105527,770075,155854,182032,0,17676080,74732977,11748441,9040406,2708035,10.71708997502841
2025:Q3,105694835,70397225,58934714,11462511,22731180,102931,95010,7921,1603393,1591356,12037,296846,288960,7886,257260,12635110,397033,71990,67330,4660,276261,82561,193700,223335,272788,260306,12482,4034455,3850889,183566,2559778,2424544,135234,12566430,105694835,42969749,3576762,389576,150212,0,91062,0,594248,849682,4750991,718480,3797069,17029997,111863,10207887,38711,116531,821154,164332,169347,0,19147182,80885073,12243332,9313011,2930321,7.888125005097087
2025:Q4,108715751,71994893,60314789,11680104,23648820,112862,104431,8431,1596840,1584670,12170,293832,285938,7894,256707,13372957,416320,75459,70565,4894,286704,81608,205096,236798,244452,233624,10828,4259316,4064352,194964,2496573,2365220,131353,13072038,108715751,44322838,3614207,414183,148883,0,96211,0,613251,824530,4875660,733640,3855219,17115647,112175,10760928,41840,128886,856215,172811,140852,0,19887775,83151181,12492532,9509003,2983529,2.049778919769044
2026:Q1,106042859,70018384,58080953,11937431,23019672,116035,106996,9039,1505510,1492484,13026,267955,260157,7798,253294,13552294,434441,75532,70073,5459,285554,79101,206453,247714,198353,188938,9415,3893656,3692978,200678,2189334,2054403,134931,13004803,106042859,44007836,3403770,443386,148626,0,95645,0,612616,786797,4644353,703894,3657228,16407961,112024,10753431,41859,138573,787999,173499,186095,0,18937267,80266112,12771944,9761327,3010617,-4.279726483155707
2026:Q2,123687233,83050847,68353304,14697543,26193848,133029,121296,11733,1584325,1569419,14906,299582,290656,8926,266715,15702340,456788,78864,72374,6490,283819,78102,205717,264362,235084,221930,13154,4457227,4192228,264999,2431713,2282573,149140,14442538,123687233,52119174,3866853,512682,149447,0,102471,0,682849,861396,5333402,780298,4065798,18621486,122775,12797403,46084,149217,906166,177619,181446,0,22210667,93607725,15636970,12069741,3567229,15.390829935261893
