date,FA893064105.Q,FA103164105.Q,FA793164105.Q,FA763164105.Q,FA513164105.Q,FA543164175.Q,FA554090005.Q,FA564090005.Q,FA403164105.Q,FA643164105.Q,FA453164105.Q,FA463164105.Q,FA663164105.Q,FA733164105.Q,FA503164105.Q,FA263164105.Q,FA893064105.Q,FA153064105.Q,FA103064103.Q,FA313064105.Q,FA213064103.Q,FA713064103.Q,FA763064103.Q,FA753064103.Q,FA513064105.Q,FA543064105.Q,FA573064105.Q,FA343064105.Q,FA223064145.Q,FA653064100.Q,FA553064103.Q,FA563064100.Q,FA453064103.Q,FA463064105.Q,FA623064105.Q,FA443064100.Q,FA663064105.Q,FA503064105.Q,FA263064105.Q
1945:Q4,ND,ND,ND,ND,ND,ND,ND,ND,ND,ND,0,0,ND,ND,ND,ND,ND,ND,ND,ND,ND,ND,ND,ND,ND,ND,ND,ND,ND,ND,ND,ND,ND,0,ND,0,ND,ND,ND
1946:Q4,1139,1018,29,0,0,0,29,0,0,0,0,0,0,0,0,92,1139,ND,0,0,0,0,14,0,-41,267,0,0,1,143,23,0,0,0,ND,0,-104,0,-64
1947:Q4,1399,1093,300,0,0,0,300,0,0,0,0,0,0,0,0,6,1399,ND,0,0,0,0,-34,0,34,150,0,0,2,157,240,0,0,0,ND,0,10,0,-151
1948:Q4,1035,1000,100,0,0,0,100,0,0,0,0,0,0,0,0,-65,1035,ND,0,0,0,0,11,0,87,44,0,0,3,118,80,0,0,0,ND,0,3,0,-144
1949:Q4,1503,1212,300,0,0,0,300,0,0,0,0,0,0,0,0,-9,1503,ND,0,0,0,0,0,0,131,226,0,0,7,204,240,0,0,0,ND,0,186,0,-21
1950:Q4,1361,1288,300,0,0,0,300,0,0,0,0,0,0,0,0,-227,1361,ND,0,0,0,0,24,0,135,317,0,0,9,125,240,0,0,0,ND,0,-140,0,3
1951:Q4,2106,2107,200,0,0,0,200,0,0,0,0,0,0,0,0,-201,2106,1354,0,0,0,0,46,0,139,55,0,0,12,179,160,0,0,0,0,0,41,0,120
1952:Q1,2384,2292,192,0,0,0,192,0,0,0,0,0,0,0,0,-100,2384,1008,0,0,0,0,92,4,352,248,600,0,12,348,140,0,0,0,0,0,-436,0,16
1952:Q2,2604,2656,36,0,0,0,36,0,0,0,0,0,0,0,0,-88,2604,572,0,0,0,0,116,0,372,160,624,0,16,520,-28,0,0,0,0,0,-88,0,340
1952:Q3,2452,1560,472,0,0,0,472,0,0,0,0,0,0,0,0,420,2452,412,0,0,0,0,120,0,-208,88,648,0,16,524,408,0,0,0,0,0,864,0,-420
1952:Q4,2352,2772,-320,0,0,0,-320,0,0,0,0,0,0,0,0,-100,2352,468,0,0,0,0,108,0,208,160,700,0,16,340,-380,0,0,0,0,0,-352,0,1084
1953:Q1,2512,2072,656,0,0,0,656,0,0,0,0,0,0,0,0,-216,2512,696,0,0,0,0,96,0,208,116,716,0,16,468,596,0,0,0,0,0,144,0,-544
1953:Q2,3212,2180,660,0,0,0,660,0,0,0,0,0,0,0,0,372,3212,1180,0,0,0,0,84,0,196,116,744,0,20,456,600,0,0,0,0,0,188,0,-372
1953:Q3,1948,1260,572,0,0,0,572,0,0,0,0,0,0,0,0,116,1948,-88,0,0,0,0,88,4,184,56,788,0,20,328,512,0,0,0,0,0,240,0,-184
1953:Q4,1368,1552,-156,0,0,0,-156,0,0,0,0,0,0,0,0,-28,1368,-304,0,0,0,0,112,0,172,84,864,0,20,204,-216,0,0,0,0,0,-448,0,880
1954:Q1,1876,2948,-512,0,0,0,-512,0,0,0,0,0,0,0,0,-560,1876,-104,0,0,0,0,128,0,168,212,940,0,24,164,-572,0,0,0,0,0,-468,0,1384
1954:Q2,2168,2088,-540,0,0,0,-540,0,0,0,0,0,0,0,0,620,2168,472,0,0,0,0,152,4,164,424,996,0,24,168,-596,0,0,0,0,0,180,0,180
1954:Q3,912,912,-708,0,0,0,-708,0,0,0,0,0,0,0,0,708,912,-496,0,0,0,0,152,4,160,284,1040,0,24,324,-764,0,0,0,0,0,64,0,120
1954:Q4,252,384,-588,0,0,0,-588,0,0,0,0,0,0,0,0,456,252,-1224,0,0,0,0,128,0,160,160,1088,0,24,532,-656,0,0,0,0,0,-208,0,248
1955:Q1,2768,2124,48,0,0,0,48,0,0,0,0,0,0,0,0,596,2768,1328,0,0,0,0,104,0,160,76,1140,0,28,416,-24,0,0,0,0,0,-656,0,196
1955:Q2,388,640,-744,0,0,0,-744,0,0,0,0,0,0,0,0,492,388,-1100,0,0,0,0,88,4,164,100,1288,0,28,272,-828,0,0,0,0,0,240,0,132
1955:Q3,1168,1112,-288,0,0,0,-288,0,0,0,0,0,0,0,0,344,1168,-328,0,0,0,0,76,0,164,60,1456,0,28,412,-372,0,0,0,0,0,-612,0,284
1955:Q4,3044,3000,12,0,0,0,12,0,0,0,0,0,0,0,0,32,3044,-228,0,0,0,0,68,0,164,24,1616,0,28,536,-68,0,0,0,0,0,1008,0,-104
1956:Q1,1416,2088,-408,0,0,0,-408,0,0,0,0,0,0,0,0,-264,1416,-100,0,0,0,0,60,0,156,0,1784,0,32,648,-488,0,0,0,0,0,-824,0,148
1956:Q2,1584,936,764,0,0,0,764,0,0,0,0,0,0,0,0,-116,1584,-2188,0,0,0,0,44,0,140,0,1812,0,32,612,688,0,0,0,0,0,152,0,292
1956:Q3,2856,2292,668,0,0,0,668,0,0,0,0,0,0,0,0,-104,2856,-272,0,0,0,0,44,0,128,0,1848,0,36,484,592,0,0,0,0,0,-284,0,280
1956:Q4,3612,3684,240,0,0,0,240,0,0,0,0,0,0,0,0,-312,3612,560,0,0,0,0,52,0,120,-8,1944,0,36,412,152,0,0,0,0,0,40,0,304
1957:Q1,3280,3040,1132,0,0,0,1132,0,0,0,0,0,0,0,0,-892,3280,-596,0,0,0,0,56,4,124,52,1972,0,44,668,1040,0,0,0,0,0,-512,0,428
1957:Q2,2868,3612,-408,0,0,0,-408,0,0,0,0,0,0,0,0,-336,2868,328,0,0,0,0,56,0,132,0,2152,0,52,452,-508,0,0,0,0,0,-84,0,288
1957:Q3,2832,1196,1716,0,0,0,1716,0,0,0,0,0,0,0,0,-80,2832,-2576,0,0,0,0,64,4,128,88,2148,0,52,988,1616,0,0,0,0,0,296,0,24
1957:Q4,3004,1916,1380,0,0,0,1380,0,0,0,0,0,0,0,0,-292,3004,-2212,0,0,0,0,72,4,116,32,2180,0,56,656,1272,0,0,0,0,0,980,0,-152
1958:Q1,284,884,0,0,0,0,0,0,0,0,0,0,0,0,0,-600,284,-2164,0,0,0,0,92,0,124,76,2312,0,56,712,-112,0,0,0,0,0,-692,0,-120
1958:Q2,1628,3432,-644,0,0,0,-644,0,0,0,0,0,0,0,0,-1160,1628,-1724,0,0,0,0,124,0,108,76,2500,0,56,972,-760,0,0,0,0,0,348,0,-72
1958:Q3,888,1940,-980,0,0,0,-980,0,0,0,0,0,0,0,0,-72,888,-960,0,0,0,0,112,4,128,80,2752,0,60,1536,-1100,0,0,0,0,0,-1692,0,-32
1958:Q4,144,1616,-960,0,0,0,-960,0,0,0,0,0,0,0,0,-512,144,-3640,0,0,0,0,52,0,176,80,3056,0,60,1344,-1076,0,0,0,0,0,84,0,8
1959:Q1,2188,2044,352,0,0,0,352,0,0,0,0,0,0,0,0,-208,2188,-1920,0,0,0,0,16,0,224,176,3300,0,68,1296,36,0,0,0,0,0,-1148,0,140
1959:Q2,2616,2952,-344,0,0,0,-344,0,0,0,0,0,0,0,0,8,2616,-2668,0,0,0,0,-68,4,276,144,3676,0,76,1080,-452,0,0,0,0,0,160,0,388
1959:Q3,1572,1040,1008,0,0,0,1008,0,0,0,0,0,0,0,0,-476,1572,-4772,0,0,0,0,-76,0,292,200,3364,0,76,792,892,0,0,0,0,0,456,0,348
1959:Q4,1784,2276,-56,0,0,0,-56,0,0,0,0,0,0,0,0,-436,1784,-4592,0,0,0,0,-68,0,276,248,3772,0,80,984,-192,0,0,0,0,0,748,0,528
1960:Q1,2508,1404,1156,0,0,0,1156,0,0,0,0,0,0,0,0,-52,2508,-2908,0,0,0,0,-84,4,264,168,3768,0,80,964,756,0,0,0,0,0,-1052,0,548
1960:Q2,2616,1476,976,0,0,0,976,0,0,0,0,0,0,0,0,164,2616,-4276,0,0,0,0,12,4,264,256,3988,0,76,1092,748,0,0,0,0,0,108,0,344
1960:Q3,2832,1600,1092,0,0,0,1092,0,0,0,0,0,0,0,0,140,2832,-4040,0,0,0,0,60,4,264,524,3812,0,84,644,888,0,0,0,0,0,652,0,-60
1960:Q4,1344,980,272,0,0,0,272,0,0,0,0,0,0,0,0,92,1344,-4672,0,0,0,0,76,4,264,460,4324,0,104,420,164,0,0,0,0,0,220,0,-20
1961:Q1,1016,2680,-1864,0,0,0,-1864,0,0,0,0,0,0,0,0,200,1016,-1812,0,0,0,0,44,0,252,444,4792,0,128,1272,-2136,0,0,0,0,0,-2352,0,384
1961:Q2,4272,4672,-692,0,0,0,-692,0,0,0,0,0,0,0,0,292,4272,-3480,0,0,0,0,52,4,232,204,4888,0,148,1688,-616,0,0,0,0,0,564,0,588
1961:Q3,764,1532,-996,0,0,0,-996,0,0,0,0,0,0,0,0,228,764,-4964,0,0,0,0,68,0,252,428,5132,0,160,840,-884,0,0,0,0,0,-316,0,48
1961:Q4,-1696,-400,-1876,0,0,0,-1876,0,0,0,0,0,0,0,0,580,-1696,-8816,0,0,0,0,96,0,304,784,5564,0,172,1272,-1788,0,0,0,0,0,444,0,272
1962:Q1,616,244,392,0,0,0,392,0,0,0,0,0,0,0,0,-20,616,-6336,0,0,0,0,124,0,248,364,5144,0,184,1204,252,0,0,0,0,0,-680,0,112
1962:Q2,948,576,400,0,0,0,400,0,0,0,0,0,0,0,0,-28,948,-8940,0,0,0,0,160,4,248,748,5128,0,196,2396,568,0,0,0,0,0,332,0,108
1962:Q3,-48,256,-276,0,0,0,-276,0,0,0,0,0,0,0,0,-28,-48,-5372,0,0,0,0,168,0,248,156,4564,0,204,-484,-160,0,0,0,0,0,520,0,108
1962:Q4,392,400,16,0,184,0,-168,0,0,0,0,0,0,0,0,-24,392,-6376,0,0,0,0,144,-4,248,364,5292,0,204,648,-224,0,0,0,0,0,-12,0,108
1963:Q1,972,-20,880,0,252,0,628,0,0,0,0,0,0,0,0,112,972,-4440,-604,0,0,0,128,4,156,428,4856,0,200,840,140,0,0,0,0,0,-960,0,224
1963:Q2,1196,-44,1124,0,324,0,800,0,0,0,0,0,0,0,0,116,1196,-7240,-628,0,0,0,116,0,156,252,6000,0,196,1272,340,0,0,0,0,0,508,0,224
1963:Q3,1624,384,1124,0,324,0,800,0,0,0,0,0,0,0,0,116,1624,-5168,-648,0,0,0,108,0,156,256,5948,0,208,464,308,0,0,0,0,0,-232,0,224
1963:Q4,-752,-1684,828,0,244,0,584,0,0,0,0,0,0,0,0,104,-752,-9616,-680,0,0,0,108,0,156,68,6524,0,232,500,240,0,0,0,0,0,1488,0,228
1964:Q1,2796,2548,-116,0,176,0,-292,0,0,0,0,0,0,0,0,364,2796,-2088,-436,0,0,0,100,0,428,388,6552,0,248,24,-828,0,0,0,0,0,-1300,0,-292
1964:Q2,3404,3128,60,0,120,0,-60,0,0,0,0,0,0,0,0,216,3404,-4928,-448,0,0,0,88,4,120,384,6796,0,264,476,-244,0,0,0,0,0,972,0,-80
1964:Q3,752,748,-164,0,96,0,-260,0,0,0,0,0,0,0,0,168,752,-5892,-464,0,0,0,96,4,-8,528,6912,0,280,1324,-384,0,0,0,0,0,-1192,0,-452
1964:Q4,-1672,-1844,76,0,100,0,-24,0,0,0,0,0,0,0,0,96,-1672,-13328,-464,0,0,0,120,4,-128,536,7172,0,300,1544,-92,0,0,0,0,0,3008,0,-344
1965:Q1,36,-224,-172,0,96,0,-268,0,0,0,0,0,0,0,0,432,36,-8036,44,0,0,0,156,16,108,280,8032,0,320,424,-588,0,0,0,0,0,-876,0,156
1965:Q2,1136,1320,-492,0,84,0,-576,0,0,0,0,0,0,0,0,308,1136,-10052,44,0,0,0,196,12,448,524,7940,0,332,1084,-500,0,0,0,0,0,1668,0,-560
1965:Q3,-712,52,-1032,0,80,0,-1112,0,0,0,0,0,0,0,0,268,-712,-8824,48,0,0,0,188,4,80,836,8804,0,360,1660,-1000,0,0,0,0,0,-2020,0,-848
1965:Q4,-1952,-1260,-880,0,80,0,-960,0,0,0,0,0,0,0,0,188,-1952,-15240,48,0,0,0,128,8,-288,1160,9040,0,396,1916,-868,0,0,0,0,0,2096,0,-348
1966:Q1,72,-528,288,0,80,0,208,0,0,0,0,0,0,0,0,312,72,-13244,4092,0,0,0,68,12,-328,156,8740,0,440,2356,0,0,0,0,0,0,-2088,0,-132
1966:Q2,6580,6032,628,0,76,0,552,0,0,0,0,0,0,0,0,-80,6580,-10908,3884,0,0,0,-4,12,524,176,9528,0,476,324,676,0,0,0,0,0,2136,0,-244
1966:Q3,544,1068,-556,0,80,0,-636,0,0,0,0,0,0,0,0,32,544,-10280,3512,0,0,0,4,8,640,224,8608,0,508,-452,-532,0,0,0,0,0,-1492,0,-204
1966:Q4,-672,-1536,1188,0,88,0,1100,0,0,0,0,0,0,0,0,-324,-672,-20004,3684,0,0,0,96,12,728,380,9348,0,528,1584,1148,0,0,0,0,0,2464,0,-640
1967:Q1,1004,1008,92,0,92,0,0,0,0,0,0,0,0,0,0,-96,1004,-9872,-1236,0,0,0,164,12,188,596,10728,0,580,3244,-292,0,0,0,0,0,-2988,0,-120
1967:Q2,1056,1920,-960,0,88,0,-1048,0,0,0,0,0,0,0,0,96,1056,-14468,-1240,0,0,0,232,8,472,1044,11500,0,576,1632,-1072,0,0,0,0,0,2100,0,272
1967:Q3,2112,2944,-952,0,108,0,-1060,0,0,0,0,0,0,0,0,120,2112,-14252,-1324,0,0,0,252,12,268,964,11580,0,760,3464,-1140,0,0,0,0,0,412,0,1116
1967:Q4,2864,3716,-1100,0,152,0,-1252,0,0,0,0,0,0,0,0,248,2864,-10492,-1320,0,0,0,228,12,412,1372,11824,0,764,-944,-1436,0,0,0,0,0,920,0,1524
1968:Q1,2532,1460,488,0,184,0,304,0,0,0,0,0,0,0,0,584,2532,-14476,3260,0,0,0,232,12,440,1152,10904,0,1080,-528,-24,0,0,0,0,0,-756,0,1236
1968:Q2,4348,2120,1336,0,200,0,1136,0,0,0,0,0,0,0,0,892,4348,-19700,3596,0,0,0,228,16,440,1592,12628,0,1172,3784,624,0,0,0,0,0,-2176,0,2144
1968:Q3,-688,-1904,880,0,252,0,628,0,0,0,0,0,0,0,0,336,-688,-26484,3708,0,0,0,272,12,1020,964,13448,0,1284,2136,136,0,0,0,0,0,980,0,1836
1968:Q4,-936,-2312,1248,0,352,0,896,0,0,0,0,0,0,0,0,128,-936,-32904,3752,0,0,0,272,8,1120,1536,14380,0,1732,4584,632,0,0,0,0,0,780,0,3172
1969:Q1,6856,1348,5312,0,464,0,164,0,64,0,0,0,0,4620,0,196,6856,-19328,7948,0,0,0,240,0,1112,1552,14408,0,1208,-1348,-292,0,0,0,0,0,-1652,0,3008
1969:Q2,9632,1684,6776,0,596,0,796,0,64,0,0,0,0,5320,0,1172,9632,-23656,7652,0,0,0,232,0,1176,1396,13564,0,2120,2988,808,0,0,0,0,0,2744,0,608
1969:Q3,10976,3960,6492,0,616,0,828,0,64,0,0,0,0,4984,0,524,10976,-14252,7292,0,0,0,232,16,300,680,13132,0,1720,1932,984,0,0,0,0,0,-1736,0,676
1969:Q4,8784,6632,1960,0,520,0,212,0,64,0,0,0,0,1164,0,192,8784,-27584,7208,0,0,0,248,16,1328,1668,14988,0,2104,3428,548,0,0,0,0,0,2864,0,1968
1970:Q1,10752,5268,5388,0,428,0,-1312,0,112,0,0,0,0,6160,0,96,10752,1592,3956,0,0,0,300,16,1356,1888,4548,0,1896,-564,-700,0,0,0,0,0,-3192,0,-344
1970:Q2,12468,4780,7776,0,344,0,-1128,0,112,0,0,0,0,8448,0,-88,12468,-2308,3208,0,0,0,328,20,1148,1164,3700,0,2244,168,-128,0,0,0,0,0,3300,0,-376
1970:Q3,-1088,4456,-6028,0,352,0,-8804,0,112,0,0,0,0,2312,0,484,-1088,-5328,3716,0,0,0,348,16,68,528,4140,0,1520,1744,-7876,0,0,0,0,0,-1508,0,1544
1970:Q4,17164,8332,8516,0,448,0,1972,0,112,0,0,0,0,5984,0,316,17164,-9336,4064,0,0,0,356,16,1364,2912,5876,0,2888,3360,2368,0,0,0,0,0,1332,0,1964
1971:Q1,9352,7960,888,0,544,0,676,0,24,0,0,0,0,-356,0,504,9352,-10116,240,0,0,0,384,8,1084,4908,7644,0,2768,2556,300,0,0,0,0,0,-736,0,312
1971:Q2,19860,13284,6176,0,640,0,2012,0,24,0,0,0,0,3500,0,400,19860,-1712,236,0,0,0,432,12,2996,3676,9440,0,3052,1328,1368,0,0,0,0,0,-956,0,-12
1971:Q3,18992,15356,3500,0,648,0,2288,0,24,0,0,0,0,540,0,136,18992,-2408,232,0,0,0,416,-20,2948,3504,9820,0,3844,992,1528,0,0,0,0,0,-2784,0,920
1971:Q4,11084,9184,2248,0,564,0,-608,0,24,0,0,0,0,2268,0,-348,11084,-10396,244,0,0,0,668,-16,2856,3908,8764,0,3076,-3192,-1100,0,0,0,0,0,4148,0,2124
1972:Q1,15520,9036,6512,0,496,0,432,0,16,0,0,0,260,5308,0,-28,15520,-1856,-2192,0,0,0,728,64,2352,4588,11588,0,2052,-452,-176,0,0,0,0,0,-3952,0,2776
1972:Q2,16764,13688,3492,0,432,0,196,0,16,0,0,0,260,2588,0,-416,16764,-5496,-2192,0,0,0,808,28,2740,4544,13772,0,3616,-1696,40,0,0,0,0,0,-80,0,680
1972:Q3,18952,10416,8836,0,424,0,-600,0,16,0,0,0,220,8776,0,-300,18952,628,-2260,0,0,0,656,0,3552,2400,13168,0,4440,-2664,-740,0,0,0,0,0,-2152,0,1924
1972:Q4,22168,10956,12112,0,472,0,-252,0,16,0,0,0,260,11616,0,-900,22168,-4896,-2412,0,0,0,220,0,3184,3708,9772,0,4600,-2524,-524,0,0,0,0,0,6684,0,4356
1973:Q1,25032,6908,18876,2000,492,0,2932,0,16,0,0,0,260,13176,0,-752,25032,-8344,16052,0,0,0,596,60,2328,3312,6716,0,5388,-3708,2160,0,0,0,0,0,-4620,0,5092
1973:Q2,23520,8572,15204,1840,480,0,3064,0,16,0,0,0,260,9544,0,-256,23520,-8052,15008,0,0,0,648,-80,2416,4228,4000,0,3360,-2372,2440,0,0,0,0,0,1412,0,512
1973:Q3,28320,5256,23164,2824,532,0,696,0,16,0,0,0,260,18836,0,-100,28320,2744,15608,0,0,0,-292,72,2736,2956,2716,0,2244,-1976,140,0,0,0,0,0,-2112,0,3484
1973:Q4,12852,10572,2316,-1800,648,0,4052,0,16,0,0,0,220,-820,0,-36,12852,-24844,14040,0,0,0,548,144,2008,2736,2848,0,2652,-920,3812,0,0,0,0,0,7864,0,1964
1974:Q1,17844,6204,11948,1000,756,0,-460,0,44,0,0,0,260,10348,0,-308,17844,-14748,28164,0,0,0,668,44,976,2060,2016,0,2940,-1260,-776,0,0,0,0,0,-3744,0,1504
1974:Q2,14416,4832,10388,1000,864,0,1672,0,44,0,0,0,260,6548,0,-804,14416,-20720,25772,0,0,0,-36,4,-308,2348,188,0,2152,-600,2084,0,0,0,0,0,3632,0,-100
1974:Q3,-1032,-128,-372,1000,916,0,2252,0,44,0,0,0,260,-4844,0,-532,-1032,-26564,19044,0,0,0,36,-4,-912,1308,868,0,1056,0,2720,0,0,0,0,0,1052,0,364
1974:Q4,11644,5156,6920,1000,916,0,52,0,44,0,0,0,220,4688,0,-432,11644,-16500,20548,0,0,0,116,4,-1732,2072,4052,0,4128,100,320,0,0,0,0,0,-652,0,-812
1975:Q1,13980,7796,6892,1000,928,0,-124,0,12,0,0,0,260,4816,0,-708,13980,12356,-8800,0,0,0,244,56,-572,2248,7368,0,1628,1552,-376,0,0,0,0,0,-4332,0,2608
1975:Q2,22712,12916,10740,1000,968,0,-1296,0,12,0,0,0,260,9796,0,-944,22712,19420,-10048,0,0,0,328,-68,-1780,2924,7768,0,1996,-720,-1292,0,0,0,0,0,1816,0,2368
1975:Q3,15736,6772,10276,1000,976,0,-1976,0,12,0,0,0,260,10004,0,-1312,15736,14292,-8852,0,0,0,24,-4,-624,1524,7248,0,2908,-1664,-2028,0,0,0,0,0,-1052,0,3964
1975:Q4,14564,12180,3104,1000,964,0,-3768,0,12,0,0,0,220,4676,0,-720,14564,8636,-9520,0,0,0,48,56,-20,1508,7808,0,3020,-2860,-3824,0,0,0,0,0,6440,0,3272
1976:Q1,21588,12656,8484,1600,896,0,1008,0,36,0,0,0,944,4000,0,448,21588,15012,-5052,0,0,0,20,252,328,4076,8808,0,2128,2024,508,0,0,0,0,0,-10312,0,3796
1976:Q2,19184,14028,4924,1600,820,0,-1544,0,36,0,0,0,12,4000,0,232,19184,16776,-5124,0,0,0,84,-32,472,2408,6696,0,3316,-4016,-1844,0,0,0,0,0,40,0,408
1976:Q3,13520,7344,5488,1600,872,0,-1028,0,36,0,0,0,8,4000,0,688,13520,10920,-5172,0,0,0,-132,-48,1408,2836,4904,0,3296,-3004,-1236,0,0,0,0,0,-180,0,-72
1976:Q4,16356,8192,8112,1600,1044,0,-1572,0,36,0,0,0,108,6896,0,52,16356,14312,-5280,0,0,0,280,-32,1504,2976,4732,0,3724,-4524,-1452,0,0,0,0,0,812,0,-696
1977:Q1,5996,-628,5848,300,1244,0,-1072,0,76,0,0,0,196,5104,0,776,5996,-15120,13000,0,0,0,280,104,768,1804,6168,0,3232,-4864,-572,0,0,0,0,0,-124,0,1320
1977:Q2,6664,1736,4460,300,1472,0,-1396,0,76,0,0,0,8,4000,0,468,6664,-18084,13272,0,0,0,500,-4,828,796,7724,0,3232,-2736,-468,0,0,0,0,0,504,0,1100
1977:Q3,11556,4428,5940,900,1464,0,-1976,0,76,0,0,0,276,5200,0,1188,11556,-12168,12748,0,0,0,488,-12,1396,600,9340,0,4088,-4644,-1064,0,0,0,0,0,228,0,556
1977:Q4,11600,5420,6980,788,1220,0,-1284,0,76,0,0,0,56,6124,0,-800,11600,-17268,12560,0,0,0,212,36,1700,1348,9012,0,4160,-2696,-820,0,0,0,0,0,1036,0,2320
1978:Q1,-5100,-6440,2232,1200,1000,0,-396,0,44,0,0,0,108,276,0,-892,-5100,-16580,-424,0,0,0,412,116,1436,-96,9932,0,2564,-2824,-660,0,0,0,0,0,-340,0,1364
1978:Q2,4848,2780,2400,1404,800,0,-348,0,44,0,0,0,100,400,0,-332,4848,-11136,-452,0,0,0,-36,-12,1800,260,9540,0,2528,-1640,-712,0,0,0,0,0,852,0,3856
1978:Q3,3004,832,2060,972,748,0,-244,0,44,0,0,0,140,400,0,112,3004,-11500,-488,0,0,0,-256,32,1808,476,9432,0,2864,1088,-692,0,0,0,0,0,344,0,-104
1978:Q4,7508,2408,5392,996,832,0,3028,0,44,0,0,0,152,340,0,-292,7508,-5588,-456,0,0,0,152,24,2892,-1216,10124,0,2560,-3188,2824,0,0,0,0,0,-784,0,164
1979:Q1,-4956,-6680,1608,996,872,0,-1180,0,48,0,0,0,12,860,0,116,-4956,-19876,1936,0,0,0,120,8,3920,-492,10816,0,1072,-2700,-1528,0,0,0,0,0,72,0,1696
1979:Q2,-5872,-12408,6716,1256,864,0,-572,0,48,0,0,0,-80,5200,0,-180,-5872,-22480,1960,0,0,0,112,-4,3728,-664,11104,0,2988,-3576,-468,0,0,0,0,0,324,0,1104
1979:Q3,-4020,-7524,1072,1484,904,0,-1852,0,48,0,0,0,88,400,0,2432,-4020,-28708,2084,0,0,0,-232,4,2132,1996,14984,0,8060,-3532,-1716,0,0,0,0,0,360,0,548
1979:Q4,-592,-4580,2256,1576,992,0,276,0,48,0,0,0,-248,-388,0,1732,-592,-27336,2056,0,0,0,-236,36,2980,884,16484,0,4472,-1372,340,0,0,0,0,0,328,0,772
1980:Q1,10928,5472,2728,332,1080,0,-956,0,8,0,0,0,276,1988,0,2728,10928,-17965,6840,0,0,0,-1348,8,2072,2148,15612,0,3584,-6123,-972,0,0,0,0,0,-912,0,7984
1980:Q2,6700,3536,1252,336,1180,0,-2496,0,8,0,0,0,224,2000,0,1912,6700,-25014,7656,0,0,0,-64,-40,4932,-3152,15960,0,3516,5922,-2592,0,0,0,0,0,-1556,0,1132
1980:Q3,15588,10168,1984,400,1204,0,-1936,0,8,0,0,0,308,2000,0,3436,15588,-13352,8408,0,0,0,-136,16,2268,1796,17512,0,5212,-6348,-2000,0,0,0,0,0,2020,0,192
1980:Q4,29908,22536,5984,400,1152,0,540,0,8,0,0,0,648,3236,0,1388,29908,-7685,9100,0,0,0,-596,-32,3104,760,16600,0,9016,-19,616,0,0,0,0,0,-8576,0,7620
1981:Q1,10188,3284,6272,448,1016,0,860,0,0,0,0,0,64,3884,0,632,10188,-40189,6884,0,0,0,-540,-100,2624,1892,17192,0,4432,2389,172,0,0,0,0,0,8840,0,6592
1981:Q2,-5584,-5340,-1144,468,784,0,-560,0,0,0,0,0,300,-2136,0,900,-5584,-45575,6640,0,0,0,-960,-48,1744,-284,16980,0,8528,-2829,-88,0,0,0,0,0,-1304,0,11612
1981:Q3,-29488,-26792,-1560,500,992,0,-744,0,0,0,0,0,448,-2756,0,-1136,-29488,-61103,5880,0,0,0,-436,8,1564,4024,17908,0,10700,-6033,-296,0,0,0,0,0,-2080,0,376
1981:Q4,10972,-24960,35476,528,1632,0,-1416,0,0,0,0,0,2376,32356,0,456,10972,-20124,6204,0,0,0,-440,-64,2084,3836,17292,0,4620,1816,-1200,0,0,0,0,0,-3788,0,736
1982:Q1,-7904,-7524,408,556,2364,0,1016,0,104,0,0,0,644,-4276,0,-788,-7904,-37888,2852,0,0,0,-620,28,2724,1776,4000,0,5952,6184,-140,0,0,0,0,0,3660,0,3568
1982:Q2,4088,2712,924,584,3172,0,-56,0,104,0,0,0,156,-3036,0,452,4088,-17066,2792,0,0,0,-372,-12,2800,1212,8000,0,2212,2630,-324,0,0,0,0,0,-1564,0,3780
1982:Q3,15988,-7508,22920,612,3220,0,-752,0,104,0,0,0,556,19180,0,576,15988,-11861,3068,0,0,0,-464,8,2728,5860,12000,0,-3044,14089,-1064,0,0,0,0,0,-6924,0,1592
1982:Q4,54496,20072,29196,640,2516,0,-1020,0,104,0,0,0,1440,25516,0,5228,54496,-53224,3584,0,0,0,-444,16,2492,744,63716,0,18984,11948,-1172,0,0,0,0,0,2176,0,5676
1983:Q1,21240,22984,-5592,668,1844,0,-1908,0,364,0,0,0,580,-7140,0,3848,21240,-56790,7768,0,0,0,316,36,2604,5820,12408,0,19644,14738,-756,0,0,0,0,0,5024,0,10428
1983:Q2,42780,37172,-1436,696,1204,0,-580,0,364,0,0,0,56,-3176,0,7044,42780,-27728,8540,0,0,0,240,4,3016,6392,9384,0,13260,18060,-652,0,0,0,0,0,7724,0,4540
1983:Q3,35524,8556,23948,800,1192,0,-320,0,364,0,0,0,412,21500,0,3020,35524,-25522,8436,0,0,0,288,-12,2308,1108,6544,0,25684,15638,-488,0,0,0,0,0,-1952,0,3492
1983:Q4,47268,11744,34708,960,1804,0,-468,0,364,0,0,0,2768,29280,0,816,47268,6248,8376,0,0,0,424,-24,472,412,8,0,21364,6288,-496,0,0,0,0,0,2676,0,1520
1984:Q1,-79356,-62972,-14604,1040,3164,0,120,0,0,0,0,0,1616,-20544,0,-1780,-79356,-87341,12852,0,0,0,440,8,-1812,916,-14628,0,7120,12261,212,0,0,0,0,0,-10684,0,1300
1984:Q2,-118012,-104928,-12972,1080,3060,0,-456,0,0,0,0,0,888,-17544,0,-112,-118012,-102264,12368,0,0,0,-104,0,-6460,-900,-19672,0,1832,-2080,-484,0,0,0,0,0,2448,0,-2696
1984:Q3,-33204,-71572,35584,1120,4088,0,-1888,0,0,0,0,0,472,31792,0,2784,-33204,-80425,13412,0,0,0,-308,-16,-6148,1988,14800,0,11076,16841,-616,0,0,0,0,0,2908,0,-6716
1984:Q4,-36064,-75940,36996,1160,5464,0,-1772,0,0,0,0,0,1480,30664,0,2880,-36064,-48490,13504,0,0,0,-652,-284,-2920,-968,304,0,9064,6794,-1200,0,0,0,0,0,-5888,0,-5328
1985:Q1,-82080,-86808,-2792,1200,-688,404,624,0,108,0,0,0,-244,-4196,0,7520,-82080,-125863,-5948,0,0,0,404,260,-2800,6352,14172,0,21068,11439,-460,0,0,0,0,0,4620,0,-5324
1985:Q2,-58676,-69968,10700,1400,2008,460,4,0,108,0,0,0,4036,2684,0,592,-58676,-135759,-6316,0,0,0,560,20,-2112,5128,18488,0,39472,19343,-508,0,0,0,0,0,840,0,2168
1985:Q3,-61736,-76972,11336,1440,2852,-600,1756,0,108,0,0,0,-2344,8124,0,3900,-61736,-95812,-5996,0,0,0,-156,44,-1608,1196,9796,0,16384,18960,-188,0,0,0,0,0,-9556,0,5200
1985:Q4,-70816,-102528,28972,1500,1716,-584,1492,0,108,0,0,0,8364,16376,0,2740,-70816,-103422,-6956,0,0,0,-1080,20,-1300,6608,-104,0,37356,-15522,-560,0,0,0,0,0,-1608,0,15752
1986:Q1,-48228,-59664,3788,1300,5812,-308,6256,0,-100,0,0,0,1852,-11024,0,7648,-48228,-149131,19816,0,0,0,880,36,-1000,-17268,-28320,0,25240,46943,4368,0,0,0,0,0,25140,0,25068
1986:Q2,-65712,-87068,14236,1300,2316,2056,6380,0,-100,0,0,0,2284,0,0,7120,-65712,-131448,20808,0,0,0,2460,-76,-756,-9928,1648,0,19680,6176,3200,0,0,0,0,0,-5188,0,27712
1986:Q3,-79704,-84672,8936,1400,1012,-1192,5580,0,-100,0,0,0,2236,0,0,-3968,-79704,-132002,19188,0,344,0,3456,20,-168,17184,-39696,0,25836,8510,2400,0,0,0,0,0,-2828,0,18052
1986:Q4,-103172,-107220,10236,1400,-152,1724,5016,0,-100,0,0,0,2348,0,0,-6188,-103172,-191063,20088,0,520,0,1752,48,748,1744,15916,0,25400,19599,1600,0,0,0,0,0,-284,0,760
1987:Q1,-26332,-42876,11092,1476,-1668,-984,9268,0,156,0,0,0,2844,0,0,5452,-26332,-191778,5760,0,416,0,3244,32,1856,25788,45020,0,34216,6250,6864,0,0,0,0,0,-2052,0,38052
1987:Q2,-65608,-76164,7816,1492,-2048,-632,5764,0,156,0,0,0,3084,0,0,2740,-65608,-179517,6004,0,492,0,1328,20,3116,3664,-24388,0,45544,36529,4380,0,0,0,0,0,3820,0,33400
1987:Q3,-62460,-70172,8800,1492,-1960,-892,5716,0,156,0,0,0,4288,0,0,-1088,-62460,-100205,6356,0,328,0,584,-36,3376,148,-29768,0,32824,-1503,1624,0,0,0,0,0,4980,0,18832
1987:Q4,-106892,-112712,21444,1496,-2148,-908,8348,0,156,0,0,0,14500,0,0,-15624,-106892,-93044,4880,0,892,0,472,-376,2636,-3424,8416,0,16904,13900,304,0,0,0,0,0,-28268,0,-30184
1988:Q1,-85524,-100492,12040,668,-2188,-472,13416,0,24,0,0,0,592,0,0,2928,-85524,-94156,-74268,0,248,0,2900,-4,3096,1316,50000,0,24460,8984,748,0,0,0,0,0,-4772,0,-4076
1988:Q2,-119040,-139152,24864,-192,-2008,444,25068,0,24,0,0,0,1528,0,0,-4752,-119040,-19219,-78460,0,636,0,1988,32,2896,-3996,-6384,0,15576,-29653,2772,0,0,0,0,0,-6872,0,1644
1988:Q3,-51960,-83060,30328,6820,-2172,-232,24188,0,24,0,0,0,1700,0,0,772,-51960,25175,-78004,0,1220,0,1840,0,3544,-3076,-21160,20,36092,-24271,4292,0,0,0,0,0,-292,0,2660
1988:Q4,-169556,-194500,19484,2656,-2188,-272,19804,0,24,0,0,0,-540,0,0,5460,-169556,-69831,-79672,0,1500,0,1224,-32,5036,-3568,4840,8,15276,-36173,3196,0,0,0,0,0,376,0,-11736
1989:Q1,-167988,-172376,700,968,-1648,-792,2504,0,-72,0,0,0,-260,0,0,3688,-167988,-139741,-4536,0,1256,0,4684,4,7524,7600,-37872,44,7408,-1255,-8016,0,0,0,0,0,-5892,0,804
1989:Q2,-78432,-98116,1696,1664,-1608,-364,-108,0,-72,0,0,0,2184,0,0,17988,-78432,-134483,-4892,0,912,0,-1144,4,10992,8360,-25480,36,14104,20643,-832,0,0,0,0,0,15624,0,17724
1989:Q3,-101520,-145884,14100,1664,-1644,-680,13180,0,-72,0,0,0,1652,0,0,30264,-101520,-152379,-5372,0,612,0,-1460,0,9668,12792,-21268,48,14004,9047,1712,0,0,0,0,0,9376,0,21700
1989:Q4,-52900,-79540,9728,1664,-1460,-700,9520,0,-72,0,0,0,776,0,0,16912,-52900,-65669,-5436,0,1488,0,-1036,0,3548,5972,-51092,52,20680,38781,6008,0,0,0,0,0,-360,0,-5836
1990:Q1,-50588,-68968,18292,2652,-4112,-1428,12716,0,-404,0,0,0,1124,7744,0,88,-50588,-29360,6048,0,2060,0,-2656,0,-2660,5769,2208,136,-4644,4007,2684,0,0,0,0,0,-19748,0,-14432
1990:Q2,-29160,-48228,-5452,560,-2644,-936,-10232,0,-404,0,0,0,460,7744,0,24520,-29160,-47624,6372,0,864,0,-2824,4,-8960,5343,-13232,136,18212,26749,-4892,0,0,0,0,0,6820,0,-16128
1990:Q3,-69228,-74912,3496,52,-5792,-1780,5900,0,-404,0,0,0,-2224,7744,0,2188,-69228,-29727,5448,0,4012,0,-3320,-4,-10100,-611,-11672,156,29220,-6738,6560,0,0,0,0,0,-41084,0,-11368
1990:Q4,-56568,-60824,1436,5332,-2664,-1276,-2828,0,-404,0,0,0,-968,4244,0,2820,-56568,-142922,5876,0,152,0,-11440,0,-6096,17495,23968,724,47328,11767,-4004,0,0,0,0,0,25600,0,-25016
1991:Q1,43556,-4664,20896,3588,-2580,-444,3168,0,220,0,0,0,776,16168,0,27324,43556,43110,6256,0,-1464,0,5672,-16,-3040,-33209,20820,264,35064,-43689,-5128,0,0,0,0,0,9952,0,8964
1991:Q2,87644,12444,38120,648,-2552,-248,22100,0,220,0,0,0,1900,16052,0,37080,87644,16621,6192,0,1724,0,-2964,0,-980,7575,19860,100,22300,-11368,6936,0,0,0,0,0,-7496,0,29144
1991:Q3,77004,19232,23216,-3036,-2516,-316,17916,0,220,0,0,0,328,10620,0,34556,77004,-28179,6468,0,268,0,-960,32,-160,-1019,-11172,660,40304,52934,3792,0,0,0,0,0,18104,0,-4068
1991:Q4,105224,48716,32844,2480,-2576,644,15116,0,220,0,0,0,848,16112,0,23664,105224,28393,6956,0,-356,0,432,60,-604,20501,16084,1204,58680,-23350,1540,0,0,0,0,0,13356,0,-17672
1992:Q1,120036,47276,42084,2172,-48,-28,24648,0,48,0,0,0,-2624,17916,0,30676,120036,172755,-31624,0,2000,0,-1012,-64,-720,13089,-51104,1484,8432,54624,1352,0,0,0,0,0,-24144,0,-25032
1992:Q2,90276,35968,41472,4612,-1524,-236,21716,0,48,-20,0,0,3104,13772,0,12836,90276,12437,-31976,0,1712,0,316,0,-572,6888,75356,1140,20896,36075,2912,0,0,0,0,0,-16780,0,-18128
1992:Q3,87056,13352,37120,2876,-1932,2224,16460,0,48,8,0,0,584,16852,0,36584,87056,126073,-32732,0,828,0,-2212,4,-324,3119,-15404,1000,2624,61452,-2024,0,0,0,0,0,-23312,0,-32036
1992:Q4,112348,19380,43480,7696,-388,480,17840,0,48,36,0,0,2696,15072,0,49488,112348,-31289,-34136,0,-448,0,2792,-36,0,6236,-5068,1224,23440,110489,-2312,0,0,0,0,0,35784,0,5672
1993:Q1,88620,14632,40652,2464,2684,1612,23696,524,-424,-16,0,0,1052,9060,0,33336,88620,-227529,46220,0,396,0,2028,0,432,-227,138060,1596,62580,70604,3712,524,0,0,0,0,-20648,0,10872
1993:Q2,128884,31312,42840,1476,11092,252,23696,576,-424,0,0,0,-360,6532,0,54732,128884,-89495,46100,0,1480,0,1148,616,916,4950,22628,1380,-2728,121445,3712,576,0,0,0,0,21756,0,-5600
1993:Q3,162156,47768,32092,132,332,-4140,23696,24,-424,4,0,0,9456,3012,0,82296,162156,-32737,46960,0,384,0,4936,-556,1028,14405,-38080,1584,24872,152972,3712,24,0,0,0,0,-18368,0,1020
1993:Q4,158188,44308,30740,3568,208,-1072,23696,676,-424,-4,0,0,1004,3088,0,83140,158188,-209718,47732,0,1152,0,2084,-60,772,26291,14808,2116,48296,158411,3712,676,0,0,0,0,25284,0,36632
1994:Q1,82328,3768,1736,2536,-3140,-836,2364,868,-1036,-4,0,0,2076,-1092,0,76824,82328,1268,-30700,0,3140,0,-5192,-4,800,17808,-40492,2352,25812,138752,6064,868,0,0,0,0,-47528,0,9380
1994:Q2,60000,13284,-3452,60,-3000,-952,2364,-1064,-1036,4,0,0,2460,-2288,0,50168,60000,-121628,-30596,0,2012,0,-3452,0,804,16721,70272,1484,33104,105595,6064,-1064,0,0,0,0,6728,0,-26044
1994:Q3,-18368,-37872,-8468,2256,-2840,-2128,2364,-348,-1036,8,0,0,700,-7444,0,27972,-18368,-177639,-31864,0,-580,0,-1632,0,804,12147,42768,1588,8768,134220,6064,-348,0,0,0,0,-5076,0,-7588
1994:Q4,-86128,-114292,-9276,2216,-5204,-3068,2364,432,-1036,-12,0,0,4516,-9484,0,37440,-86128,-109582,-31628,0,1752,0,-2312,0,804,11088,-94128,1392,36584,86718,6064,432,0,0,0,0,34352,0,-27664
1995:Q1,-18548,-43204,5760,572,-3012,-2668,7892,-64,-1796,3020,0,0,4472,-2656,0,18896,-18548,16344,-2640,0,-2220,0,-216,8,4328,-6739,-64288,1504,-18200,69175,-620,-64,0,0,0,0,9156,0,-24076
1995:Q2,2708,-45060,-3548,4912,-2284,-6216,7892,564,-1796,744,0,0,572,-7936,0,51316,2708,-83434,-2872,0,-1644,0,2984,16,-1452,-19373,-78068,2536,24636,114071,-620,564,0,0,0,0,33368,0,11996
1995:Q3,26452,-70192,-4944,2152,-2104,-540,7892,312,-1796,364,0,0,-1184,-10040,0,101588,26452,-100877,-3080,0,30876,0,6524,-24,-2252,-10142,-105492,2936,34200,162355,-620,312,0,0,0,0,3592,0,8144
1995:Q4,36868,-48648,-4320,2784,-1380,-4800,7892,952,-1796,192,0,0,-120,-8044,0,89836,36868,-23893,-3244,0,22524,0,1744,20,-4128,-14754,-118760,3580,32024,67443,-620,952,0,0,0,0,47804,0,26176
1996:Q1,21320,-68624,-28116,3208,-11856,-8860,300,988,-1664,1864,0,0,1728,-13824,0,118060,21320,-80279,26628,0,11876,0,3728,0,-16472,3192,-111136,4128,-8088,243727,-2640,988,0,0,0,0,-53376,0,-956
1996:Q2,62560,-23760,-14600,3224,-924,-1124,300,600,-1664,1376,0,0,-2356,-14032,0,100920,62560,-177626,27664,0,18796,0,656,0,1432,8691,-115660,4972,-8996,271971,-2640,600,0,0,0,0,21452,0,11248
1996:Q3,-53736,-74924,-26496,2884,-2668,-3072,300,572,-1664,332,0,0,896,-24076,0,47684,-53736,-281576,28352,0,14928,0,1988,-8,2732,6778,-74604,3576,91956,192878,-2640,572,0,0,0,0,-18296,0,-20372
1996:Q4,9508,-11996,-43224,3292,-3840,-22180,300,2200,-1664,-3456,0,0,168,-18044,0,64728,9508,-199011,30556,0,13516,0,3260,-8,-15968,-10001,-63044,4156,-2220,204620,-2640,2200,0,0,0,0,43164,0,928
1997:Q1,-71012,-66720,-80444,636,-20692,-2332,-11148,1252,-2456,804,0,0,6904,-53412,0,76152,-71012,-158150,79296,0,10572,0,568,0,2716,6724,-157688,3704,2588,162514,-10016,1252,0,0,0,0,-33376,0,18284
1997:Q2,-57784,-84864,-46884,3548,-7324,2144,-11148,1632,-3708,2028,0,0,256,-34312,0,73964,-57784,-275146,92704,0,10476,0,-172,0,660,2824,-138844,4360,-18208,149886,-10016,1632,0,0,0,0,41532,0,80528
1997:Q3,-39148,-77548,-37864,1772,-7748,-2316,-11148,4148,-3856,-640,0,0,4248,-22324,0,76264,-39148,-419846,99212,0,19460,0,-572,-12,2744,5989,-143584,4840,20680,266181,-10016,4148,0,0,0,0,17172,0,94456
1997:Q4,-106720,-70024,-40624,6748,-19232,-13372,-11148,6728,-2528,268,0,0,5488,-13576,0,3928,-106720,-386821,101636,0,29160,0,3216,0,4224,10462,-171108,4748,32696,197203,-10016,6728,0,0,0,0,49356,0,21796
1998:Q1,-10780,-44580,6192,424,6940,-3612,-6808,2296,-632,7560,0,0,11892,-11868,0,27608,-10780,-428738,127624,0,8780,0,2836,0,-4728,10290,-21444,4108,-55792,229116,-11740,2296,0,0,0,0,18452,0,108160
1998:Q2,-52872,-94488,-11124,5524,-6640,2336,-6808,3440,-1464,6144,0,0,2912,-16568,0,52740,-52872,-380315,131340,0,21000,0,2864,0,-11512,9309,-46916,5744,-31164,210958,-11740,3440,0,0,0,0,7772,0,36348
1998:Q3,-269448,-238188,-26236,2540,-8968,-4396,-6808,6120,712,-3496,0,0,-236,-11704,0,-5024,-269448,-284434,117808,0,7668,0,4588,0,6916,16183,-93548,1784,-18424,51867,-11740,6120,0,0,0,0,-20056,0,-54180
1998:Q4,-163096,-464084,-29136,6760,-10224,-13152,-6808,12240,540,-4752,0,0,6288,-20028,0,330124,-163096,-538566,142388,0,-60784,0,1004,0,-12088,3083,41568,4332,-7220,187039,-11740,12240,0,0,0,0,45664,0,29984
1999:Q1,-79312,-50276,-9176,1936,-6756,-4504,13280,1220,-2404,-88,0,0,4564,-16424,0,-19860,-79312,-391831,453012,0,-13424,0,3648,0,3208,31828,-280476,4256,-48660,125855,5460,1220,0,0,0,0,-5440,0,32032
1999:Q2,364,-321536,37640,868,-9016,-3160,22520,10260,-1928,1132,0,0,16248,716,0,284260,364,-558078,483416,0,-31896,0,-4016,0,-5112,24674,-198836,5128,20908,134268,7520,10260,0,0,0,0,-11608,0,123736
1999:Q3,-48356,-85736,-84232,-92,-7056,-6828,-49392,5664,-916,-2092,0,0,4772,-28292,0,121612,-48356,-541260,451720,0,24308,0,2956,0,-5360,33506,-215104,3716,22024,199510,-62648,5664,0,0,0,0,-44964,0,77576
1999:Q4,165080,68460,25388,12680,-8288,-9488,-5768,31504,-412,11200,0,0,5152,-11192,0,71232,165080,-781391,517416,0,-65516,0,2608,0,388,24875,-12148,4624,-18908,233920,-8144,31504,0,0,0,0,51832,0,184020
2000:Q1,235168,196768,-36764,412,-13144,-6180,2500,2088,-1276,-4700,0,0,11784,-28248,0,75164,235168,-437930,-166948,0,-16728,0,2300,0,-8756,-1776,161340,8308,-27904,461490,-2968,2088,0,0,0,0,8876,0,253776
2000:Q2,121804,-107400,40308,4936,-1512,12864,476,46312,-2300,-612,0,0,-1740,-18116,0,188896,121804,-81184,-162048,0,11804,0,-496,0,-11220,1027,-13020,4992,28480,136841,4744,46312,0,0,0,0,13368,0,142204
2000:Q3,116128,46924,2888,4308,-964,-4936,-13992,14076,308,232,0,0,10584,-6728,0,66316,116128,-398160,-160032,0,-3988,0,2840,0,-15816,1576,14024,5056,176656,233000,-7292,14076,0,0,0,0,31780,0,222408
2000:Q4,-89648,-279852,93724,7876,-2376,-4756,-11004,107168,-2756,5720,0,0,6920,-13068,0,96480,-89648,-347395,-147084,0,32776,0,-1824,0,40972,-15807,95172,2572,-130656,102022,5744,107168,0,0,0,0,-3424,0,170116
2001:Q1,182260,57256,38820,4904,-1832,-6780,-4844,57880,-272,-188,0,0,1504,-11552,0,86184,182260,-165631,-209016,0,40544,0,3128,0,7344,1347,-17728,-3280,178732,116496,2100,57880,0,0,0,0,-6060,0,176404
2001:Q2,202236,-20768,176,5884,-2216,-5040,-3948,11312,1416,796,0,0,5308,-13336,0,222828,202236,-111103,-220564,0,-27928,0,2808,0,4180,4355,172592,3180,53516,164288,-3832,11312,0,0,0,0,8648,0,140784
2001:Q3,-39512,-80136,-2932,2860,-6580,-10908,2376,27932,-1940,2688,0,0,3152,-22512,0,43556,-39512,-498631,-187512,0,48112,0,8016,0,8332,18230,152148,-4560,212304,115829,2872,27932,0,0,0,0,-24748,0,82164
2001:Q4,196588,29732,82948,19024,12556,19240,14172,26928,-1164,2384,0,0,3632,-13824,0,83908,196588,26598,-206812,0,-45380,0,-368,0,11172,-46217,111272,2376,15892,135259,-6244,26928,0,0,0,0,42192,0,129920
2002:Q1,53360,-4752,66108,5180,16244,-7420,28052,24040,-4800,4396,0,0,4992,-4576,0,-7996,53360,-188786,-2268,0,-11536,0,-2732,0,2176,16374,-31608,5472,81104,107632,-984,24040,0,0,0,0,-41672,0,96148
2002:Q2,179552,46100,57424,8080,-1372,-9152,13888,65224,-2608,3180,0,0,2948,-22764,0,76028,179552,-108423,-1956,0,34504,0,1916,0,5100,20181,-142808,2092,95664,116862,13296,65224,0,0,0,0,11688,0,66212
2002:Q3,-99868,-80400,31832,4224,4376,-9200,20048,43196,-3444,28,0,0,-2208,-25188,0,-51300,-99868,-569838,-1612,0,45804,0,1928,0,2336,903,-36008,1132,556424,-121861,22364,28208,0,0,0,0,-62208,0,32560
2002:Q4,137428,9252,77092,4692,5524,-180,18796,48748,5388,-3252,0,0,5588,-8212,0,51084,137428,225245,-1736,0,-29140,0,4280,0,19604,20179,-51424,35040,-306344,49592,2628,48816,0,0,0,0,69644,0,51044
2003:Q1,121604,-38020,25548,6104,-1096,-6480,30164,6048,-2672,-1248,0,0,2068,-7340,0,134076,121604,-376968,-104880,0,10924,0,2328,0,-3216,6033,294252,36816,366216,-64661,5132,7196,0,0,0,0,-46176,0,-11392
2003:Q2,183064,-3664,111908,12072,18348,-3724,60808,14988,-824,736,0,0,9988,-484,0,74820,183064,718815,-120496,0,-19400,0,2536,0,-1092,6388,-31128,10724,-642704,144025,3644,14572,0,0,0,0,24096,0,73084
2003:Q3,218972,19288,44496,10596,-3256,-6160,59272,-24056,-2460,2216,0,0,17528,-9184,0,155188,218972,219486,-123152,0,-5696,0,4972,0,4296,3355,-142372,-9684,-17052,338343,17012,-25628,0,0,0,0,2084,0,-46992
2003:Q4,212732,13776,91032,7524,2524,576,22600,66256,4192,4828,0,0,4040,-21508,0,107924,212732,441408,-137488,0,-22484,0,-4404,0,2552,-26596,-137480,13204,-335204,256868,6892,64212,0,0,0,0,32724,0,58528
2004:Q1,194456,33344,93580,4772,-444,-4528,60864,30084,-3348,8440,0,0,3320,-5580,0,67532,194456,-27897,7256,0,7712,0,2884,0,-6804,16757,31184,11904,-211952,258076,52124,24956,0,0,0,0,40116,0,-11860
2004:Q2,213632,-48804,101432,3364,-3288,-6208,35772,60768,-3472,2928,0,0,21976,-10408,0,161004,213632,-82463,7352,0,-25996,0,-3508,0,4552,15208,-58928,2364,222136,128523,13624,57224,0,0,0,0,-75212,0,8756
2004:Q3,79212,-123072,130628,8888,-2564,-7044,19964,27052,-580,9788,0,0,12680,62444,0,71656,79212,-265269,7184,0,43908,0,-412,0,3432,11836,95660,5232,-55940,194173,20664,24804,0,0,0,0,-11924,0,5864
2004:Q4,-33576,-125672,53276,5436,-9776,-9268,12444,107592,-69392,13752,0,0,2376,112,0,38820,-33576,-843007,7808,0,-80580,0,-4652,0,-708,-21225,5132,13204,312068,190748,88,97984,0,0,0,0,104296,0,185268
2005:Q1,171888,-165572,153104,11360,-4504,-9688,43936,40620,93668,5008,0,0,2072,-29368,0,184356,171888,-15336,-181068,0,-388,0,-2648,0,5064,19216,-63732,5632,139052,146448,33200,23956,0,0,0,0,-13520,0,76012
2005:Q2,14192,-183528,77628,9048,-4448,1388,26316,40704,72,2012,0,0,84,2452,0,120092,14192,-22024,-182716,0,17736,0,3472,0,8388,-2400,-56464,2884,6688,139692,22908,37128,0,0,0,0,-10404,0,49304
2005:Q3,-56476,-273184,11028,11096,-3088,-3892,15600,14584,68,3064,0,0,8028,-34432,0,205680,-56476,64064,-188464,0,24480,0,-2980,0,4080,9221,-38820,8496,-247472,178311,16804,5508,0,0,0,0,-5292,0,115588
2005:Q4,7664,-343432,114488,2168,-364,-3864,-9508,131016,88,-2076,0,0,15936,-18908,0,236608,7664,-266525,-191452,0,-9116,0,-1296,0,11500,-549,-61120,7256,-30308,162906,444,121864,0,0,0,0,172796,0,91264
2006:Q1,-195772,-402448,36868,5432,-3716,-19908,10856,39828,20,9040,0,0,20704,-25388,0,169808,-195772,-703650,-218148,0,-51284,0,-1140,0,5476,14961,-53860,6864,311120,187285,-4476,27448,0,0,0,0,44016,0,239616
2006:Q2,-200440,-362692,74820,9204,-5312,-17872,19148,98384,-2008,4176,0,0,-2596,-28304,0,87432,-200440,-57744,-214000,0,18968,0,-3808,0,-5000,-50,-53860,-3096,-55480,66018,2908,79632,0,0,0,0,-57364,0,82436
2006:Q3,-401384,-431696,-5896,6844,-7164,-9848,-8052,21392,36,2376,0,0,5072,-16552,0,36208,-401384,-240344,-225060,0,6148,0,-168,0,1936,10235,-53860,8428,-155252,119281,272,14280,0,0,0,0,7552,0,105168
2006:Q4,-71704,-471148,143568,19180,-7932,-10520,17228,136380,56,-944,0,0,-768,-9112,0,255876,-71704,-5200,-238948,0,-17548,0,3576,0,-7204,-28487,-53860,9880,-258848,260859,10824,117804,0,0,0,0,86548,0,48900
2007:Q1,-114388,-373352,54076,5948,-11428,-18228,47700,57368,-2984,5272,0,0,18568,-48140,0,204888,-114388,-644132,33996,0,20268,0,-5532,0,-2372,24202,-10176,-192,-38988,278366,49572,42488,0,0,0,0,12816,0,125296
2007:Q2,-408368,-595956,50972,7612,-9988,-19112,43136,69464,-4996,-1692,0,0,6496,-39948,0,136616,-408368,-1072649,35972,0,-57092,0,3080,0,2160,-50,-10176,8228,89976,102971,33620,52644,0,0,0,0,21976,0,380972
2007:Q3,-137504,-533540,138792,5988,-15228,-24200,18896,192472,4608,-21084,0,0,9364,-32024,0,257244,-137504,-543584,36532,0,33744,0,8192,0,8656,7560,-10176,-1836,-69032,79136,13440,166420,0,0,0,0,70404,0,63040
2007:Q4,-357988,-661028,310664,10560,-34384,-23308,3748,283128,61840,-14524,0,0,15620,7984,0,-7624,-357988,-1198399,35132,0,19912,0,-4,0,-6316,-14180,-10176,6116,79440,-23213,1800,251196,0,0,0,0,94064,0,406640
2008:Q1,169,-421964,363664,8648,-7272,-24820,-8900,105011,-4,17480,0,0,68756,204764,1,58469,169,-717287,228468,0,34536,0,4460,4,17608,27262,28200,-23808,314024,-50457,-6580,70487,0,0,0,0,-188568,0,261820
2008:Q2,40376,-312524,362476,8032,15828,-11120,-31724,84728,28856,14488,0,0,29844,223544,0,-9576,40376,-811962,221092,0,-12732,0,-1984,0,6888,-38087,28200,6844,274428,84225,-8360,49044,0,0,0,0,114596,0,128184
2008:Q3,98920,-409904,603292,10420,-8852,-5488,-22204,305070,28008,-2068,0,0,43240,95432,159734,-94468,98920,-753731,201464,187732,21408,0,-5580,-4,51484,50759,28200,-15060,176308,-124914,-6896,269514,0,0,0,0,-38496,0,56732
2008:Q4,518318,-568568,1195512,21316,-212,6760,-26928,214071,55096,-24244,0,0,27684,761968,160001,-108626,518318,-1294237,156016,1022816,73096,0,6508,0,83284,26730,28200,4296,261728,-99618,-13120,185667,0,0,0,0,22060,0,54892
2009:Q1,268337,-148068,429820,13632,624,-5800,-5048,33670,184044,5540,0,0,-14416,217576,-2,-13415,268337,105599,-81644,361100,14540,0,17516,0,-18232,-15493,-83980,-2856,291704,-178899,-3468,-72802,0,0,0,0,-131416,0,66668
2009:Q2,481321,70080,322856,16048,1100,5456,-3348,160159,100480,11188,0,0,21920,5252,4601,88385,481321,838248,-94072,-131912,-19056,0,-16448,0,9532,6487,-83980,13752,-549132,218431,-1212,94167,0,0,0,0,18396,0,178120
2009:Q3,379035,2976,278072,9052,-4828,-528,-4712,121916,42908,14576,0,0,7780,83684,8224,97987,379035,-197195,-108168,230016,-40708,0,-8252,0,9108,-7675,-83980,3700,-42420,256681,-3072,70548,0,0,0,0,3780,0,296672
2009:Q4,67671,-281316,267160,7824,-8588,-4300,72,150120,60004,-2128,0,0,-12776,-32048,108980,81827,67671,-204680,-114104,-298060,-28740,100424,32304,0,-12164,29980,-83980,12860,15756,128591,-2328,76460,0,0,0,0,84804,100424,230124
2010:Q1,-63082,-163340,98532,16388,-21636,-6776,288,27840,61200,4592,0,0,5460,1140,10036,1726,-63082,-61892,-52332,-16416,-17984,1240,-3328,0,-45132,58026,38656,8324,-116316,74324,-956,-4732,0,0,0,0,-144532,1240,218728
2010:Q2,156075,-137532,294888,10844,376,-13144,4112,172059,76000,8192,0,0,7220,27960,1269,-1281,156075,-408707,-46124,63560,30560,1268,-8328,0,192,40107,38656,4512,292096,7516,1952,95791,0,0,0,0,-50308,1268,92064
2010:Q3,68264,-269440,235444,16872,-6880,8072,10772,146637,13200,3040,0,0,-4396,46832,1295,102260,68264,-10836,-51068,8304,-24480,1296,-4676,0,21124,36507,38656,-2292,-209448,46792,4744,111645,0,0,0,0,-6056,1296,106756
2010:Q4,232800,-145720,164624,3540,-11656,-3064,6548,125403,10400,8368,0,0,19048,4724,1313,213896,232800,78186,-56276,-78080,-44388,1312,9240,200,3120,50040,38656,13828,-236080,147339,2472,116455,0,0,0,0,84688,1312,100776
2011:Q1,-75662,-168732,26592,6976,-151588,-7304,6560,101871,12400,97356,0,0,6384,14288,-60351,66478,-75662,43326,24644,17172,-42088,-105540,-9444,-24,2960,17935,-82640,-1232,-161548,148158,5360,67487,0,0,0,0,3092,-105540,102260
2011:Q2,-272055,-381436,180660,8996,6008,-7740,9680,165135,34000,7892,0,0,2264,-22376,-23199,-71279,-272055,-466097,24548,-16388,-12808,0,16740,-176,-9188,11947,-82640,2688,6780,39480,5040,125987,0,0,0,0,-388,0,82420
2011:Q3,-314569,-507240,140068,16084,-17416,-11988,3424,98154,26264,11804,0,0,2540,20428,-9226,52603,-314569,-806350,21028,-23452,56824,0,3484,12,28080,-2069,-82640,-17864,614344,-79956,4148,35834,0,0,0,0,-126264,0,60272
2011:Q4,-234776,-323800,109028,-6524,-11100,-7328,4404,105436,55132,3076,0,0,-29028,-1152,-3888,-20004,-234776,-62018,23376,49692,-25072,0,-6812,0,-8440,61519,-82640,-23004,-175480,-80353,3324,45352,0,0,0,0,117676,0,-71896
2012:Q1,-42156,-181884,109696,3460,-51004,-9572,1904,234057,18868,29152,0,0,-70628,12004,-58545,30032,-42156,-36420,-26316,-43924,-59208,0,-39928,0,4404,-15826,-23700,3752,-200,-111915,760,155549,0,0,0,0,18024,0,132792
2012:Q2,-167140,-383248,111404,1248,-13004,-8964,10320,148586,760,13296,0,0,-3088,-14752,-22998,104704,-167140,-164710,-25452,-40052,10336,0,8112,0,11688,-309,-23700,-2576,146516,-68879,4176,78106,0,0,0,0,-28208,0,-72188
2012:Q3,71552,-295584,176052,824,-36300,-6740,15620,226480,0,44720,0,0,776,36472,-105800,191084,71552,116964,-26920,-114988,-1072,0,708,0,-2324,2386,-23700,-4156,-225780,-15362,2752,179532,0,0,0,0,67460,0,116052
2012:Q4,-88940,-261248,82232,2032,-4228,-6380,17696,132461,0,784,0,0,2544,-32276,-30401,90076,-88940,-540473,-26648,-45896,-9064,0,-500,0,9676,5713,-23700,-7532,23860,10847,4128,79337,0,0,0,0,60504,0,370808
2013:Q1,234808,-86012,292492,-5564,-2128,-5540,29208,248696,4,20956,26828,0,12720,-7040,-25648,28328,234808,652819,9988,-15588,-31020,0,-2120,0,4776,-11916,-206520,14812,-345560,76577,5160,246720,11868,0,-25780,-3572,-94804,0,-51032
2013:Q2,201500,-297864,92804,532,-3620,-9044,23584,112089,0,3444,9028,0,-14284,-21344,-7581,406560,201500,225077,10224,-13324,-20748,0,-3956,0,9628,-5390,-189408,8408,-62204,196648,4148,157425,992,0,64104,1084,-16096,0,-165112
2013:Q3,-267260,-333376,210028,2600,-6384,-10564,1448,234591,0,1348,10196,0,12740,-27520,-8427,-143912,-267260,-562576,10704,-22792,-23108,0,1272,0,-1224,-39357,-185632,-7748,-188508,224410,688,224883,448,0,-140,-5076,-4116,0,310612
2013:Q4,230576,-302964,74180,4724,-10316,-7948,3820,124503,0,-42236,9728,0,11976,-12284,-7787,459360,230576,307616,11764,-28204,-29480,0,-1260,0,-2468,18251,-189644,37548,-288620,289566,4420,161443,2408,0,61388,2972,208272,0,-335396
2014:Q1,-51844,-379400,93380,-6768,-12888,-14900,4120,112419,292,5788,21080,0,2860,-2680,-15943,234176,-51844,-84103,35560,-15668,92,0,-2456,0,2264,-36556,-196428,6924,-234468,174324,2620,68887,1284,0,-45572,2244,-140984,0,410192
2014:Q2,318180,-165804,333688,4356,-5744,-12120,1808,287023,292,14456,8208,0,9052,30580,-4223,150296,318180,305328,37228,-16288,-25772,0,-700,0,-9168,-36378,-185112,-976,-99376,66499,2028,241975,-1376,0,64224,-2652,51640,0,-72944
2014:Q3,526732,-305016,207792,2740,-19232,-16632,9868,220840,0,4488,11568,0,2932,-1332,-7448,623956,526732,-82509,37460,-7848,-14948,0,1560,0,3356,-5405,-160056,6500,175760,115218,9244,195396,-212,0,-1208,-4140,55808,0,202756
2014:Q4,416912,-332468,298112,1180,-15424,-14736,3944,343066,0,992,8840,0,2784,-27892,-4642,451268,416912,646083,39104,-2328,-2076,0,4292,0,15932,-20308,-223184,-17048,-189940,21103,3360,256738,-460,0,-37968,-4216,62832,0,-135004
2015:Q1,547456,-483112,322288,12092,-16020,-21544,3396,289732,0,-1816,10732,0,3632,48976,-6892,708280,547456,321161,-43024,-2212,9036,0,-1756,0,-460,-23565,-97620,5296,43044,102160,1420,195528,1044,0,100248,2836,-122304,0,56624
2015:Q2,72560,-408948,225404,2092,-18400,-3800,3588,226751,0,14988,7812,0,-5672,2012,-3967,256104,72560,-22763,-42924,-2060,-9036,0,3096,0,-3196,-11808,-38328,-5128,29820,154648,2672,224631,1256,0,-38724,1320,-5876,0,-165040
2015:Q3,-699484,-623104,120316,2104,-25724,-8168,2320,198850,0,-6784,4832,0,4516,-50400,-1230,-196696,-699484,-897767,-39948,-96,27108,0,3264,0,10492,107099,-81108,460,190232,66566,1664,113594,1120,0,-31340,5804,-97468,0,-79160
2015:Q4,-300396,-509552,152804,10928,-24872,-8252,-1868,208627,0,-10320,3776,0,2436,-26396,-1255,56352,-300396,272083,-42524,-20,-11612,0,3444,0,-12784,40114,34936,-476,-156308,-91868,-696,160651,1400,0,-88648,912,136832,0,-545832
2016:Q1,-586136,-498320,124244,-34592,-23604,-8552,1264,213314,0,-8320,1380,0,64,-15848,-862,-212060,-586136,222573,64388,0,164,0,-29488,0,13216,-34051,-79752,-10748,66496,-111740,-112,45418,2592,0,-75868,-2140,-166172,0,-490912
2016:Q2,243596,-502192,136912,4684,-18860,-6196,132,187752,0,-7220,4808,0,-1008,-24020,-3160,608876,243596,618744,65612,-60,-5972,0,-1880,0,-14632,-21980,-106672,-8716,-104784,-147624,-212,102128,1168,0,1476,11552,33492,0,-178044
2016:Q3,40484,-432876,447312,3148,-13768,-4516,4124,396876,0,99744,6464,0,3840,-44724,-3876,26048,40484,-303094,67780,-40,-148,0,824,-12,-14244,-26086,-103704,-9168,-148048,-167192,420,280340,-1096,0,15948,11952,47560,0,388492
2016:Q4,-129024,-333456,259592,6912,-17568,-6844,-2200,338253,0,-4688,-10260,0,-8112,-49480,13579,-55160,-129024,63747,69988,-20,-20020,0,2776,0,27184,-26104,-80432,6100,-80644,-19584,136,316301,1112,0,-40292,9308,116452,0,-475032
2017:Q1,263852,-320108,498220,-7856,-21224,-17172,2868,615023,0,-14352,14292,0,3028,-65124,-11263,85740,263852,30319,-85108,0,-15776,0,-3788,0,21328,-1334,-27948,3036,-105896,-226096,376,467971,-1876,0,45348,14200,-100000,0,249096
2017:Q2,463736,-247132,452928,2456,-16268,-13492,-1820,518412,0,17636,8116,0,3124,-57756,-7480,257940,463736,254351,-87292,-252,-6372,0,144,0,16036,4685,-45996,4804,25944,-81852,-3288,375540,1876,0,27512,-5476,71424,0,-88052
2017:Q3,144164,-457868,279080,3000,-6664,-15048,1504,371120,0,15624,3900,0,17764,-109796,-2324,322952,144164,-277887,-90748,-20,-15260,0,-4876,0,-1936,-6393,-26992,-6024,-17004,-106824,1684,241136,580,0,24108,7288,10940,0,412392
2017:Q4,-5564,-286840,298928,13732,-6636,-19080,160,379289,0,-2836,4296,0,13208,-81800,-1405,-17652,-5564,131401,-96304,0,-10036,0,552,0,3704,-18798,-40028,24088,-89532,-119484,-960,302165,1868,0,95524,2140,-72272,0,-119592
2018:Q1,545792,-451612,269308,-27792,-3684,-20028,-220,328907,15996,6500,2024,0,-11812,-19172,-1411,728096,545792,-10122,-39856,15976,-10524,0,11608,0,26172,-36737,-103684,-1168,-7300,-96832,-68,250631,1636,0,-30588,-848,2072,0,575424
2018:Q2,-1078108,-919748,199184,3764,-8612,-528,7556,300112,0,3372,-160,0,-2360,-100500,-3460,-357544,-1078108,-677524,-41024,0,-2948,0,-1872,0,5100,-38012,-23716,-5212,-24108,-162612,-1612,176968,1864,0,-61328,9268,19784,0,-251124
2018:Q3,145748,-268228,214512,2672,-10900,-6800,-920,367538,0,11184,7116,0,-1528,-148928,-4922,199464,145748,417098,-43980,-72,-22428,0,-4564,0,38228,-53540,-10904,-5964,-107056,-124356,192,263882,-1512,0,-58768,9344,71844,0,-221696
2018:Q4,-479384,-871552,40336,444,-11616,-22824,1056,247627,0,-7416,3360,0,6652,-176684,-263,351832,-479384,-537827,-37832,0,68256,0,4916,0,10912,-48676,-189972,-74212,86548,-99436,-156,125419,324,0,-4124,18036,-155852,0,354292
2019:Q1,-652196,-611416,140764,-6756,-2192,-23660,5652,264326,0,23932,9104,0,8640,-130980,-7302,-181544,-652196,760434,9644,0,-52316,0,2440,0,-9836,-18872,-38304,-60,-111692,-225788,544,125350,1492,0,-69568,11520,-37164,0,-1000020
2019:Q2,65416,-30816,279460,1308,-4816,-14168,6868,339555,88,2964,12784,0,64664,-119796,-9991,-183228,65416,-189531,10008,0,-4848,0,1940,0,-5396,6836,-146728,-9916,-125092,-196888,5324,174267,-724,0,-75092,3804,47680,0,569772
2019:Q3,-103716,-387544,181980,6904,-1648,-20608,6424,349568,0,4652,8852,0,2608,-164220,-10552,101848,-103716,24412,10128,0,-9472,0,-2660,0,24384,9832,-145044,-14424,279184,-202460,-16,173316,1368,0,-22296,9456,28448,0,-267872
2019:Q4,-84136,-331412,26404,3948,-13160,-11872,4584,336779,0,-115052,8700,0,12476,-184208,-15791,220872,-84136,666105,10992,0,-48392,0,1468,0,-16296,-7588,-79012,4496,-189220,-252556,4680,191139,912,0,18492,3252,-95356,0,-297252
2020:Q1,851172,-297932,162056,-9488,-13892,-23596,11272,371406,0,-69796,10192,0,31528,-139416,-6154,987048,851172,243790,-109816,0,88644,0,4560,0,-10700,1100,-245536,-48832,53516,-361252,7720,278858,1508,0,73068,23092,-30172,0,881624
2020:Q2,454272,-27276,657332,2980,1876,3832,-652,616694,308,14064,8124,0,-21720,37492,-5666,-175784,454272,907978,-131728,0,-60428,0,1392,0,-62836,-15924,21020,18936,-192736,-330240,32,190326,572,0,-124140,7488,51652,31896,141012
2020:Q3,1039564,89500,463276,4932,-1204,-8236,-192,454188,232,8444,-1204,0,744,6860,-1288,486788,1039564,995216,-142892,0,-37848,0,2256,0,-30428,-9980,-56872,-23432,251628,-666452,24,192400,64,0,-8524,-6992,86256,2576,492564
2020:Q4,777040,-59324,628380,9140,-744,-31252,828,561272,0,14168,9644,0,51864,22192,-8732,207984,777040,485080,-159592,0,-62552,0,3584,0,14608,18968,-4192,-42160,-298808,-567820,-172,379096,3624,0,-78364,2872,-90912,632,1173148
2021:Q1,1645840,226020,1037824,-1356,-1868,-23924,27152,1075864,0,3780,15668,0,4032,-57264,-4260,381996,1645840,1636728,-92868,0,-101140,0,4096,0,2804,-13200,-218964,18360,-307668,-587984,16728,921876,2408,0,16576,21740,2640,-1076,324784
2021:Q2,1324772,68388,987896,6428,-5564,-22296,15552,1076400,484,3228,17256,0,744,-103884,-452,268488,1324772,1823084,-100456,0,-32204,0,3848,0,7348,-147248,-213772,13580,-185344,-193292,7512,801908,5100,0,-143520,29444,-50208,-29780,-271228
2021:Q3,644452,-250144,574384,15076,-13232,-30316,12584,719412,0,7508,29216,0,-2136,-155468,-8260,320212,644452,432088,-100692,0,21720,0,-2364,0,2296,-66880,-293604,-9540,-27672,-101632,2212,531212,3848,0,-6808,21248,-119408,-4248,362676
2021:Q4,65960,-262104,725496,-10952,-17832,-26416,12616,870224,0,13364,40912,0,-21776,-123600,-11044,-397432,65960,1609496,-111412,0,-28944,0,3968,0,-3500,-86700,-192312,18444,-152344,-375036,4632,671572,10524,0,-133412,30556,-246440,0,-953132
2022:Q1,129644,-531752,638932,-26628,-16844,-36056,1052,870252,0,-8304,50448,72832,-28692,-234232,-4896,22464,129644,1204640,-156768,0,9348,0,2312,0,146320,17060,-85992,-31844,-188708,-518364,1152,703628,6068,18824,-133796,7240,-95728,0,-775748
2022:Q2,955544,-530496,532852,9028,-18644,-29604,2188,556604,0,-9932,47556,22096,128,-43812,-2756,953188,955544,350652,-130988,0,105888,0,-7752,0,11728,27544,93076,17516,-351596,-322404,1608,376248,5504,620,130348,2260,-218484,0,863776
2022:Q3,477664,-596976,359740,3944,-17068,-32084,-2104,395336,0,-10224,28364,16256,3600,-23496,-2784,714900,477664,727984,-124076,0,18856,0,-908,0,-223468,-38360,92548,-13600,-62684,-251052,-8,213592,12076,2616,-2044,12676,160436,0,-46920
2022:Q4,-618920,-552024,673160,82880,-12732,-23556,-3232,614888,0,4028,14456,9140,-2708,-8540,-1464,-740056,-618920,99052,-132860,0,-27836,0,-1184,0,-32100,-70924,222112,3196,75184,-454148,-2216,370788,5124,12200,-139872,12620,-13176,0,-544880
2023:Q1,-305956,-391572,275400,-41024,-13016,-22064,1300,423688,0,2372,18284,10084,11056,-113328,-1952,-189784,-305956,-82484,-81324,0,-5908,0,-1320,0,45848,-58404,-171644,-696,-334692,-279904,68,204404,-6740,5692,-101124,-22984,100900,0,484356
2023:Q2,369624,-422620,544060,564,-11896,-28388,404,630912,0,508,29004,9028,21716,-105244,-2548,248184,369624,443576,-88076,0,-38580,0,5244,0,-30896,-124568,-142016,13616,63592,-363116,376,439780,10708,-1688,-97344,15724,102768,0,160524
2023:Q3,135176,-418096,423012,3668,-10396,-22712,-1392,420848,0,-9384,39728,15232,17016,-26468,-3128,130260,135176,870792,-84864,0,1380,0,4668,0,-105440,-36632,-254428,22884,-84736,-284888,-40,275048,3184,1432,53320,23644,-76976,0,-193172
2023:Q4,-64808,-1179128,891460,2748,-11184,-22888,-3840,914604,0,5340,38236,17996,-68,-45656,-3828,222860,-64808,562996,-94396,0,-32428,0,1552,0,-76584,-136628,-106296,12048,-216556,-349420,-200,681464,824,11828,-182432,24468,86208,0,-251256
2024:Q1,446844,-636312,856236,-66164,-18920,-44708,284,994600,0,-128,61676,23896,-23100,-65736,-5464,226920,446844,1565588,-304776,0,-48996,0,43716,0,-194944,-38300,-315424,10248,-192656,-608272,0,810772,5080,2116,-27212,18860,-42084,0,-236872
2024:Q2,433364,-503492,766032,2740,-16544,-20232,-1056,883868,0,-2512,67136,23896,-31896,-128380,-10988,170824,433364,1509172,-316732,0,-5124,0,1648,0,-248928,42644,-315424,12100,-241480,-461152,-244,596776,96,1280,-98440,33632,44624,0,-121084
2024:Q3,1056936,-348940,1198548,3288,-12632,-23468,-1852,1177676,-300,11372,57864,25016,53236,-87772,-3880,207328,1056936,1160224,-334252,0,-6208,0,3076,0,-152336,-28388,-315424,-17860,-240804,-556092,-740,746764,3472,14848,12852,43904,69608,0,654292
2024:Q4,1682836,-99368,1485144,9964,15232,-48052,-3328,1523228,0,-2904,60200,31288,-15092,-88392,3000,297060,1682836,1384484,-341164,0,-27516,0,-1648,0,-20588,-82596,-315424,29928,-183016,-432964,332,1207096,5676,16656,107444,-14956,-67396,0,418488
2025:Q1,904680,-324156,1176520,-13340,-21028,-35920,-472,1284620,0,5240,89036,64176,916,-167572,-29136,52316,904680,845104,-152592,100,35212,0,468,0,39036,61304,92732,-108028,160264,-884976,-8,818436,3564,52404,-42096,10704,51512,0,-78460
2025:Q2,699480,-372652,982464,2232,-3208,-26848,1836,1074224,0,-492,60144,25900,-10936,-140460,72,89668,699480,-273800,-168720,300,-44996,0,-2240,0,-45876,-92972,257584,-12088,-348340,-598680,-360,698076,4252,7716,-52668,35916,69704,0,1266672
2025:Q3,1160767,-431468,1385088,2716,-14980,-20428,-3236,1436915,388,19088,65212,58568,-4592,-154008,-555,207147,1160767,1648471,-181868,37344,-30468,0,5456,0,-96784,-172699,885028,8228,-236036,-2078004,-2668,868227,8948,23524,-38664,18848,-108176,0,602060
2025:Q4,1890359,-264368,1995180,5980,-16772,-15708,2476,2076036,0,11072,48908,35412,18628,-173360,2508,159547,1890359,1076373,-186136,4108,-17632,0,13172,0,20492,-207517,109140,-17928,-430216,-733625,972,1448928,13576,30540,72920,24588,-127864,0,796468
2026:Q1,1847921,205068,1683472,-11288,-26008,-20644,2064,1882569,0,-1388,21196,32428,-14216,-183632,2391,-40619,1847921,2016081,-172328,6136,24460,0,-3760,0,68380,-23732,-90572,-39776,-233824,-909981,352,1168009,1960,21452,-126292,29368,205060,0,-93072
2026:Q2,2952979,612836,2270732,4336,-25464,-19132,320,2274592,388,444,4168,42524,10916,-185760,163400,69411,2952979,1352675,-172328,18400,-88216,0,-2916,0,-108596,-191756,-103024,-135972,90540,-930524,356,1673488,16244,17872,-12452,19064,-133164,0,1643288
