date,FA894122005.Q,FA893169175.Q,FA313161105.Q,FA893161705.Q,FA383162005.Q,FA893163005.Q,FA894122005.Q,FA384122005.Q,FA163162003.Q,FA104122005.Q,FA314122005.Q,FA213162005.Q,FA794122005.Q,FA764122005.Q,FA753169175.Q,FA403161705.Q,FA413065005.Q,FA674122005.Q,FA614122005.Q,FA644122075.Q,FA453163003.Q,FA663163003.Q,FA734122005.Q,FA504122005.Q,FA264122005.Q,FA894022005.Q,FA384022005.Q,FA154022005.Q,FA104022005.Q,FA114022005.Q,FA314022005.Q,FA214022005.Q,FA794022005.Q,FA714022005.Q,FA764022005.Q,FA754022005.Q,FA744022003.Q,FA474022005.Q,FA514022005.Q,FA544022005.Q,FA574022005.Q,FA344022005.Q,FA224022045.Q,FA634022005.Q,FA654022005.Q,FA554022005.Q,FA564022005.Q,FA404022005.Q,FA674022005.Q,FA613063003.Q,FA644022075.Q,FA464022005.Q,FA624022005.Q,FA443063000.Q,FA664022005.Q,FA734022605.Q,FA504022005.Q,FA264022005.Q
1945:Q4,ND,ND,ND,ND,ND,ND,ND,ND,ND,ND,ND,ND,ND,ND,ND,ND,ND,ND,ND,ND,ND,ND,ND,ND,ND,ND,ND,ND,ND,ND,ND,ND,ND,ND,ND,ND,ND,ND,ND,ND,ND,ND,ND,ND,ND,ND,ND,ND,ND,ND,ND,0,ND,0,ND,ND,ND,ND
1946:Q4,-23120,258,-24462,92,69,923,-23120,-23601,0,995,-24665,69,573,58,15,295,0,0,205,0,0,0,0,0,-92,ND,ND,ND,-5636,0,0,-757,ND,-912,-14358,-17,-52,0,594,2743,249,0,258,0,32,6,0,5,0,0,0,0,ND,0,-1067,0,94,-732
1947:Q4,-4474,192,-9279,79,1611,2923,-4474,-4857,0,2848,-9316,1611,404,28,7,116,0,0,253,0,0,0,0,0,-21,ND,ND,ND,-354,0,0,675,ND,-791,-4345,-1,-105,15,732,1420,251,0,321,0,5,60,0,-31,0,0,0,0,ND,0,-743,0,19,657
1948:Q4,-710,171,-8157,1126,1334,4816,-710,-1682,0,4294,-7310,1334,892,-1,-1,275,4,0,615,0,0,0,0,0,80,ND,ND,ND,715,0,0,604,ND,774,-5950,48,-60,10,906,1268,249,0,419,0,31,20,0,128,0,0,0,0,ND,0,584,0,130,101
1949:Q4,5369,177,1025,-20,986,3201,5369,4999,0,2899,1114,986,379,10,3,-112,3,0,475,0,0,0,0,0,-9,ND,ND,ND,1962,0,0,379,ND,-4448,5606,116,-32,7,663,1239,300,0,502,0,64,60,0,-3,0,0,0,0,ND,0,53,0,77,226
1950:Q4,5795,206,-809,-216,4525,2089,5795,4763,0,1669,-1431,4525,781,98,25,381,25,0,252,0,0,0,0,0,251,ND,ND,ND,3218,0,0,693,ND,1840,-3902,92,-13,8,782,109,273,0,624,0,79,60,0,-77,0,0,0,0,ND,0,-139,0,146,1448
1951:Q4,6852,509,170,101,2115,3957,6852,5504,0,3356,33,2115,1071,78,19,227,11,0,736,0,0,0,0,0,277,6852,1543,-93,922,0,5,709,5234,2879,-336,131,-44,10,572,257,755,0,699,0,64,40,0,55,0,0,0,0,0,0,-219,0,371,75
1952:Q1,23556,980,10780,-756,8508,4044,23556,23384,0,4404,10472,8508,16,-104,-12,-456,8,0,580,0,0,0,0,0,156,23556,7796,9792,-3232,0,36,1200,16148,-992,11500,220,4,8,968,2180,972,0,964,0,156,52,0,548,0,0,0,0,0,0,-1240,0,808,-388
1952:Q2,22460,744,2188,2624,10500,6404,22460,20952,0,6036,4416,10500,1312,-136,-16,388,8,0,1068,0,0,0,0,0,196,22460,17112,19192,-4748,0,-40,2708,4908,-388,-1028,244,28,4,536,1152,972,0,708,0,36,64,0,-276,0,0,0,0,0,0,3300,0,-444,440
1952:Q3,13756,636,1864,2972,4220,4064,13756,13220,0,4536,4464,4220,868,124,-28,360,12,0,400,0,0,0,0,0,-332,13756,4128,1728,1804,0,-8,604,8036,2900,1456,-328,32,4,1180,3348,1108,0,1360,0,24,64,0,-52,0,0,0,0,0,0,-3460,0,400,1592
1952:Q4,9756,-688,4736,-3088,4320,4476,9756,10152,0,4092,1740,4320,-484,124,56,-104,12,0,-572,0,0,0,0,0,88,9756,-216,-3840,2448,0,0,1176,10648,200,1424,200,20,12,1008,2628,1344,0,792,0,92,60,0,48,0,0,0,0,0,0,2608,0,212,-676
1953:Q1,13264,636,2204,-168,5776,4816,13264,11280,0,3052,2452,5776,1780,-120,-24,-424,8,0,2340,0,0,0,0,0,204,13264,3372,44,2204,0,208,916,9408,1464,2032,-160,8,4,1184,2868,1392,0,1096,0,12,60,0,800,0,0,0,0,0,0,-2288,0,936,484
1953:Q2,16976,-496,5392,1048,5284,5748,16976,15676,0,4012,6380,5284,1800,-88,-4,56,4,0,1832,0,0,0,0,0,-500,16976,20104,26028,-6384,0,-136,596,-4052,2116,-11136,108,0,4,884,2256,1368,0,1484,0,-88,60,0,-484,0,0,0,0,0,0,-372,0,-252,924
1953:Q3,27828,1096,16412,2216,5016,3088,27828,25328,0,2160,18152,5016,2680,280,16,468,8,0,1908,0,0,0,0,0,-180,27828,4436,-3776,7556,0,-76,732,22196,2096,12388,-36,-4,4,1208,1964,1248,0,1436,0,16,60,0,72,0,0,0,0,0,0,1276,0,468,1196
1953:Q4,11280,276,-3228,3428,5344,5460,11280,10768,0,5120,304,5344,484,188,80,-112,8,0,320,0,0,0,0,0,28,11280,-3088,-8248,3800,0,-4,1364,14276,-544,6824,232,-4,12,1220,2624,1088,0,892,0,92,60,0,-12,0,0,0,0,0,0,1872,0,-80,92
1954:Q1,9264,1300,-2992,1496,5528,3932,9264,8420,0,3480,-588,5528,160,24,4,-912,4,0,1040,0,0,0,0,0,684,9264,-3408,1020,-5228,0,72,728,11692,320,4880,-116,12,8,764,2780,1108,0,1536,0,192,60,0,1248,0,0,0,0,0,0,-1556,0,456,980
1954:Q2,11696,-276,2904,-620,6072,3616,11696,11796,0,3828,1896,6072,152,28,40,384,4,0,-304,0,0,0,0,0,-252,11696,-2564,8928,-12020,0,-40,568,14800,696,6976,-4,28,8,896,1664,1168,0,1628,0,52,56,0,-116,0,0,0,0,0,0,2076,0,-328,-540
1954:Q3,8324,80,3124,-4184,5372,3932,8324,9108,0,5328,-1592,5372,-392,64,-36,500,32,0,-952,0,0,0,0,0,-392,8324,-2940,-10028,6172,0,-8,924,9872,-2996,8136,-48,28,8,1064,1544,1332,0,1204,0,160,56,0,96,0,0,0,0,0,0,-448,0,-264,1392
1954:Q4,14332,16,3836,3580,5632,1268,14332,15148,0,2020,7496,5632,-576,856,232,-112,32,0,-1584,0,0,0,0,0,-240,14332,-1068,-6308,4424,0,-20,836,14752,264,9480,328,0,8,1080,1580,1544,0,1224,0,92,68,0,-188,0,0,0,0,0,0,36,0,-764,648
1955:Q1,4796,764,-4156,688,5472,2028,4796,3888,0,1840,-3424,5472,1284,-216,-52,-76,32,0,1596,0,0,0,0,0,-376,4796,7688,5772,888,0,24,1004,-2888,-736,-7252,-68,-4,12,316,2268,1500,0,1104,0,24,72,0,532,0,0,0,0,0,0,-1940,0,1284,-4
1955:Q2,8184,-4,1132,-444,5144,2356,8184,7160,0,2628,-612,5144,1256,-488,-80,1264,36,0,524,0,0,0,0,0,-232,8184,16692,18036,-2552,0,4,1204,-8436,-1564,-12164,380,-20,16,580,1224,1448,0,1084,0,204,84,0,-452,0,0,0,0,0,0,128,0,616,-72
1955:Q3,6236,-348,-164,-572,4908,2412,6236,4840,0,1672,-1740,4908,1556,48,-36,964,40,0,540,0,0,0,0,0,-160,6236,10904,1936,7812,0,-16,1172,-5468,188,-10256,108,-20,16,1172,1956,1208,0,1316,0,268,84,0,-928,0,0,0,0,0,0,-460,0,-120,800
1955:Q4,12820,-1032,1816,1336,4612,6088,12820,11360,0,5252,1496,4612,1464,-96,-16,1612,44,0,-80,0,0,0,0,0,-4,12820,11556,-608,10776,0,64,1324,1004,220,-4828,240,-12,16,700,340,864,0,1404,0,100,80,0,1196,0,0,0,0,0,0,1280,0,-596,260
1956:Q1,6224,2268,-5000,192,4444,4320,6224,816,0,1648,-5276,4444,5048,64,12,424,44,0,4504,0,0,0,0,0,360,6224,-572,7384,-8804,0,-20,868,5040,572,-2332,-276,12,16,168,1268,976,0,1820,0,384,80,0,1280,0,0,0,0,0,0,-1184,0,2256,1756
1956:Q2,-4608,-188,-15060,1136,4420,5084,-4608,-6644,0,3724,-14788,4420,1712,76,76,820,44,0,696,0,0,0,0,0,324,-4608,6708,18104,-12808,0,-4,1416,-11656,-576,-13516,-24,28,16,168,1088,1200,0,984,0,-360,76,0,44,0,0,0,0,0,0,-304,0,-480,340
1956:Q3,6132,472,-4648,836,3956,5516,6132,3660,0,4508,-4804,3956,2176,388,60,972,20,0,736,0,0,0,0,0,296,6132,1132,12,-52,0,-32,1204,3536,-728,-264,-88,32,16,604,2088,1572,0,932,0,796,76,0,-40,0,0,0,0,0,0,-792,0,-668,1464
1956:Q4,9856,-640,2500,-1280,3840,5436,9856,9568,0,4088,1640,3840,28,528,112,-444,24,0,-192,0,0,0,0,0,260,9856,2988,-2732,4656,0,12,1052,8088,1648,2040,-44,28,12,680,1020,1968,0,852,0,104,88,0,-124,0,0,0,0,0,0,592,0,-776,-1220
1957:Q1,22784,2232,6872,1456,3740,8484,22784,16192,0,5744,6708,3740,5724,164,48,1588,32,0,3892,0,0,0,0,0,868,22784,7116,8412,-1624,0,44,284,15320,-2796,11196,-96,20,16,212,2272,1964,0,1380,0,172,92,0,464,0,0,0,0,0,0,-1580,0,2004,348
1957:Q2,-1656,-924,-14772,2400,4420,7220,-1656,-4536,0,5856,-14812,4420,2376,-128,28,2404,36,0,36,0,0,0,0,0,504,-1656,9568,16968,-7440,0,-8,48,-10880,-1464,-14868,64,12,16,368,1992,1744,0,1372,0,388,100,0,-292,0,0,0,0,0,0,356,0,-668,-344
1957:Q3,24212,1036,10408,360,4532,7876,24212,20504,0,5976,9996,4532,3584,704,144,756,16,0,1964,0,0,0,0,0,124,24212,5152,2448,3260,0,4,-560,19540,200,12780,-144,12,16,932,2684,1516,0,1624,0,-100,100,0,-528,0,0,0,0,0,0,640,0,-192,-480
1957:Q4,10672,1012,-5684,2772,5336,7236,10672,8288,0,6728,-3776,5336,2140,356,56,852,12,0,864,0,0,0,0,0,244,10672,2028,-1184,3956,0,-24,-720,7312,532,-1396,-104,4,12,1112,2048,1328,0,1352,0,56,108,0,24,0,0,0,0,0,0,2140,0,96,1332
1958:Q1,24640,4236,3812,1664,5264,9664,24640,19732,0,8520,5948,5264,3824,716,188,-480,8,0,3392,0,0,0,0,0,1084,24640,-6792,-424,-5328,0,168,-1208,33412,2516,20880,-128,32,16,-24,2972,1376,0,1916,0,472,112,0,2396,0,0,0,0,0,0,-536,0,1412,-1980
1958:Q2,26748,-900,20144,-3196,5428,5272,26748,27552,0,4772,17352,5428,-2164,-568,-80,-412,8,0,-1112,0,0,0,0,0,1360,26748,-2576,5600,-8392,0,-116,332,31860,6444,15744,140,48,16,492,2668,1440,0,968,0,720,116,0,-444,0,0,0,0,0,0,2880,0,628,-2536
1958:Q3,4068,-1500,-5860,1496,5124,4808,4068,5388,0,5512,-5248,5124,-1672,-232,-68,860,24,0,-2256,0,0,0,0,0,352,4068,-9284,-13496,4028,0,-76,260,10172,-2308,10424,-152,44,16,1212,3412,1540,0,1516,0,-4,120,0,-536,0,0,0,0,0,0,-4660,0,-452,3180
1958:Q4,29032,-1888,18916,88,5984,5932,29032,29332,0,4712,18636,5984,-1176,-280,-132,340,28,0,-1132,0,0,0,0,0,876,29032,14416,2008,11920,0,-16,504,13088,3480,2308,188,16,12,1456,2656,1636,0,1636,0,-96,116,0,-980,0,0,0,0,0,0,1868,0,-1208,1528
1959:Q1,20076,1396,10268,-956,5676,3692,20076,16660,0,2156,8828,5676,2740,-452,-92,464,20,0,2800,0,0,0,0,0,676,20076,14848,8236,5840,0,-4,776,3536,1216,-4556,-16,-4,12,544,2976,1040,0,1628,0,300,316,0,820,0,0,0,0,0,0,-1668,0,928,1692
1959:Q2,24908,440,10448,3568,5940,4512,24908,19308,0,2852,10516,5940,5340,-232,4,3476,24,0,2068,0,0,0,0,0,260,24908,22080,16052,4692,0,16,1320,-4856,296,-12032,20,-28,8,980,3324,1572,0,1276,0,136,108,0,-516,0,0,0,0,0,0,-424,0,424,7684
1959:Q3,23764,-712,10480,3240,6680,4076,23764,19332,0,2184,10468,6680,3912,-92,-44,3248,4,0,796,0,0,0,0,0,520,23764,15456,4864,9732,0,36,824,3504,2076,-7032,-32,-28,8,1604,1904,1428,0,2024,0,548,116,0,-44,0,0,0,0,0,0,652,0,280,4804
1959:Q4,16480,124,5012,384,5072,5888,16480,12624,0,3752,3800,5072,3420,636,100,1592,4,0,1088,0,0,0,0,0,436,16480,19456,12140,5724,0,-52,1644,-5528,-2168,-10084,132,-44,12,1824,1408,1908,0,1544,0,400,136,0,140,0,0,0,0,0,0,1400,0,-2136,2552
1960:Q1,13388,5780,-5116,-904,5752,7876,13388,2236,0,1852,-5368,5752,10036,696,196,-656,4,0,9796,0,0,0,0,0,1116,13388,14044,17016,-4440,0,180,1288,-2200,-1620,-10756,-136,12,8,1216,1668,1328,0,1972,0,196,400,0,816,0,0,0,0,0,0,-2380,0,5076,1544
1960:Q2,13644,928,-2740,3624,5272,6560,13644,7864,0,4332,-1740,5272,5280,52,60,2616,8,0,2544,0,0,0,0,0,500,13644,7804,14004,-7608,0,-124,1532,6248,2428,-2920,4,28,8,924,1360,1116,0,1516,0,284,228,0,-476,0,0,0,0,0,0,1036,0,712,-408
1960:Q3,11912,1096,940,-1272,5252,5896,11912,8084,0,3620,-788,5252,3524,924,216,464,-8,0,1928,0,0,0,0,0,304,11912,-14192,-9504,-6436,0,-48,1796,24720,1172,15836,-72,32,8,756,2156,1412,0,1124,0,348,204,0,52,0,0,0,0,0,0,2036,0,-344,1384
1960:Q4,14668,912,-276,460,4964,8608,14668,10324,0,5700,-340,4964,3956,1160,232,536,-12,0,2040,0,0,0,0,0,388,14668,-3872,-2332,-2792,0,132,1120,17444,-428,10120,124,4,16,672,2292,2084,0,1756,0,148,108,0,176,0,0,0,0,0,0,1944,0,-1572,1096
1961:Q1,8236,2880,-2248,-1360,5380,3584,8236,4260,0,560,-1680,5380,3636,656,200,-1928,0,0,4708,0,0,0,0,0,340,8236,-12948,-10836,-2660,0,-4,552,21008,1532,11352,564,16,16,792,2428,520,0,2220,0,192,272,0,1052,0,0,0,0,0,0,-2736,0,2788,176
1961:Q2,21460,-12,6812,1276,3952,9432,21460,19276,0,8580,6744,3952,1492,132,68,1348,-4,0,-52,0,0,0,0,0,692,21460,9552,9964,-1168,0,-92,848,13360,56,6420,164,8,20,908,2228,1592,0,1772,0,-220,-76,0,-196,0,0,0,0,0,0,704,0,-20,-1452
1961:Q3,25344,-204,14580,2000,6192,2776,25344,24040,0,3436,14412,6192,1036,488,108,1992,176,0,-1728,0,0,0,0,0,268,25344,-7768,-3956,-4648,0,96,740,30328,688,22904,372,4,20,1076,2680,1088,0,1672,0,496,-112,0,-292,0,0,0,0,0,0,568,0,-836,2784
1961:Q4,19560,744,4280,2124,5988,6424,19560,17468,0,6304,5176,5988,1644,844,156,1044,184,0,-584,0,0,0,0,0,448,19560,10244,5760,3636,0,-8,856,9008,4652,-216,-744,-16,24,1260,2172,1660,0,1332,0,1156,-88,0,-864,0,0,0,0,0,0,2072,0,-3392,308
1962:Q1,24108,3096,7252,2328,6644,4788,24108,17776,0,3148,7984,6644,5528,-600,-116,1508,88,0,4648,0,0,0,0,0,804,24108,-4860,-6512,1892,0,12,-252,28116,3204,9240,856,8,20,1372,3672,1096,0,2576,0,-116,140,0,2132,0,0,0,0,0,0,-764,0,4680,852
1962:Q2,19624,420,4796,2676,4932,6800,19624,17412,0,6452,6028,4932,952,-504,-108,1348,96,0,120,0,0,0,0,0,1260,19624,3928,7832,-4960,0,-120,1176,13928,888,4960,1132,8,16,1636,2900,1808,0,1672,0,-248,-168,0,-1432,0,0,0,0,0,0,464,0,292,1768
1962:Q3,7888,1984,-1520,896,4640,1888,7888,4432,0,2772,-2980,4640,3080,-196,-48,2208,148,0,968,0,0,0,0,0,376,7888,-3532,-1192,-3988,0,-12,1660,8780,-892,1896,-496,12,20,1604,2848,800,0,1692,0,968,-116,0,112,0,0,0,0,0,0,184,0,148,2640
1962:Q4,27644,-380,11664,2820,5588,7952,27644,23092,0,4172,13332,5588,3016,1192,244,992,160,0,428,0,0,0,0,0,1536,27644,3972,-748,2076,0,-20,2664,22000,3840,9460,-844,16,24,1292,1740,2012,0,1192,0,172,56,0,680,0,0,0,0,0,0,3800,0,-1440,1672
1963:Q1,18224,3976,4932,-2960,4908,7368,18224,13764,0,3584,5272,4908,2484,-196,-8,-3460,160,0,5988,0,0,0,0,0,1976,18224,-4428,-23032,16272,0,40,2292,22076,3220,9248,68,56,40,1000,2936,1520,0,1668,0,12,488,0,1760,0,0,0,0,0,0,-4164,0,4224,576
1963:Q2,23800,1452,5216,3804,6908,6420,23800,16092,0,3952,5232,6908,5680,348,100,3620,168,0,1444,0,0,0,0,0,2028,23800,6112,6480,-1712,0,196,1148,14684,3232,1608,-136,92,48,752,2236,1728,0,2524,0,-636,460,0,504,0,0,0,0,0,0,196,0,2076,3004
1963:Q3,4008,-924,-3768,1544,4052,3104,4008,988,0,1904,-4968,4052,2736,180,16,2688,56,0,-204,0,0,0,0,0,284,4008,-3456,-4168,-596,0,-72,1380,6112,2720,-3332,-932,84,48,668,2300,1788,0,1900,0,928,492,0,-1952,0,0,0,0,0,0,920,0,480,1352
1963:Q4,20056,-372,3448,3520,5092,8368,20056,13424,0,4724,3608,5092,6948,1376,88,3296,64,0,2124,0,0,0,0,0,-316,20056,13028,10412,1672,0,-48,992,7576,3316,-428,-276,36,44,732,1972,1300,0,1808,0,416,344,0,1336,0,0,0,0,0,0,-1124,0,-1900,-548
1964:Q1,18236,4620,5028,-3144,5104,6628,18236,11532,0,2364,4064,5104,7148,1432,200,-2284,104,0,7696,0,0,0,0,0,-444,18236,2012,-2244,4220,0,-32,68,17740,2256,7080,40,-4,32,768,2344,1788,0,2864,0,284,536,0,-792,0,0,0,0,0,0,-1768,0,2312,-1516
1964:Q2,23724,1808,2788,4564,6612,7952,23724,16140,0,5224,4304,6612,6976,604,56,2928,120,0,3268,0,0,0,0,0,608,23724,10020,11652,-2396,0,-28,792,13284,2176,-3360,-12,-36,24,748,2016,1484,0,2908,0,792,184,0,184,0,0,0,0,0,0,3112,0,3064,420
1964:Q3,19524,1076,6104,800,6596,4948,19524,15748,0,2772,6380,6596,3952,664,40,440,84,0,2724,0,0,0,0,0,-176,19524,-2972,-1972,-3028,0,24,2004,19804,4312,11060,564,-40,24,772,2068,1164,0,1976,0,332,124,0,-820,0,0,0,0,0,0,1228,0,-2960,2692
1964:Q4,25704,1104,4304,3248,6168,10880,25704,19308,0,6244,6896,6168,4516,1060,104,568,88,0,2696,0,0,0,0,0,1880,25704,6956,5444,-1344,0,-32,2888,16284,2908,5872,-288,-44,20,860,1092,2720,0,1496,0,88,68,0,-340,0,0,0,0,0,0,440,0,1392,2464
1965:Q1,16448,2312,664,648,6768,6056,16448,9616,0,2220,628,6768,6472,284,-28,476,208,0,5532,0,0,0,0,0,360,16448,-2744,-4524,444,0,24,1312,20856,6612,-256,172,4,20,872,2712,2160,0,3196,0,1392,320,0,1004,0,0,0,0,0,0,-2280,0,4928,-1664
1965:Q2,20624,1756,-648,4552,8024,6940,20624,13212,0,6212,-1024,8024,7132,2488,60,4712,216,0,-344,0,0,0,0,0,280,20624,7412,11388,-5828,0,28,1824,14392,2592,488,-124,16,8,824,2044,1036,0,2540,0,-384,-76,0,-324,0,0,0,0,0,0,4112,0,1640,-1180
1965:Q3,6828,528,-12084,4284,7544,6556,6828,4308,0,6796,-10032,7544,1952,-24,-12,1964,268,0,-244,0,0,0,0,0,568,6828,1388,-756,-808,0,88,2864,3956,4928,-564,332,24,20,984,2924,548,0,1628,0,1492,-112,0,-400,0,0,0,0,0,0,-5644,0,-2204,1484
1965:Q4,26016,-1136,13100,924,6612,6516,26016,22732,0,2868,13252,6612,2652,544,-16,484,288,0,1352,0,0,0,0,0,632,26016,5144,144,1796,0,-8,3212,17604,1820,6840,96,28,60,1348,1076,1448,0,1676,0,156,-92,0,256,0,0,0,0,0,0,2912,0,-20,3268
1966:Q1,36064,6228,2760,5572,6652,14852,36064,22044,0,11236,4156,6652,12584,160,12,3856,320,0,8236,0,0,0,0,0,1436,36064,21236,16904,3112,0,88,1132,17080,2936,-284,-180,60,100,1088,4876,3952,0,3368,0,1788,208,0,-80,0,0,0,0,0,0,-3376,0,2624,-2252
1966:Q2,26220,764,-12464,17668,8176,12076,26220,13544,0,10780,-5412,8176,12136,344,88,10280,336,0,1088,0,0,0,0,0,540,26220,14052,18024,-5144,0,156,1016,11228,2680,-2440,-284,84,144,1584,720,1320,0,2336,0,1080,-124,0,1244,0,0,0,0,0,0,2792,0,92,940
1966:Q3,22204,3164,948,1324,4912,11856,22204,15084,0,11360,-1188,4912,6692,-160,-12,2924,536,0,3404,0,0,0,0,0,428,22204,12268,15276,-3328,0,1764,-1444,9440,1480,-1812,564,88,152,1636,1320,1588,0,3584,0,1488,-104,0,-448,0,0,0,0,0,0,-2832,0,2736,496
1966:Q4,40768,8076,13208,2868,5204,11412,40768,28300,0,10780,12316,5204,11932,752,84,3172,588,0,7336,0,0,0,0,0,536,40768,10460,8140,624,0,3232,-1536,29988,5588,1836,88,60,120,1544,1248,2280,0,2380,0,676,-48,0,3024,0,0,0,0,0,0,6560,0,4632,320
1967:Q1,43348,10808,8292,3576,5744,14928,43348,35316,0,15784,13788,5744,6876,1140,96,-2584,664,0,7560,0,0,0,0,0,1156,43348,-17952,-16072,-2492,0,1656,-1044,58828,5452,35576,160,88,92,1476,3736,984,0,1952,0,-1136,292,0,3948,0,0,0,0,0,0,576,0,5632,2472
1967:Q2,7700,2652,-22656,5564,8184,13956,7700,10092,0,17140,-15232,8184,-3340,1472,412,-2580,720,0,-3364,0,0,0,0,0,948,7700,-12648,-1656,-10636,0,-128,-228,18824,4784,11944,132,88,68,1300,3208,-128,0,2700,0,-1888,24,0,628,0,0,0,0,0,0,-4156,0,120,1524
1967:Q3,51640,-156,23656,-252,7968,20424,51640,48836,0,17296,23572,7968,1248,188,36,-812,644,0,1192,0,0,0,0,0,1556,51640,7696,9424,-1164,200,-1568,804,41020,3332,33080,808,88,72,1348,5056,1432,0,2932,0,-872,80,0,-3288,0,0,0,0,0,0,1168,0,-4216,2924
1967:Q4,62072,3340,25752,8212,6708,18060,62072,50304,0,14060,29536,6708,10564,584,32,3760,668,0,5520,0,0,0,0,0,1204,62072,21376,13392,7488,200,-312,608,36512,7756,13320,548,84,96,1540,2148,504,0,3796,0,656,184,0,-1192,0,0,0,0,0,0,1024,0,6048,4184
1968:Q1,55732,6968,23556,6240,6748,12220,55732,42280,0,10908,24624,6748,12240,60,32,4448,724,0,6976,0,0,0,0,0,1212,55732,12404,904,8848,200,-64,2516,43968,6352,19924,124,52,132,1784,5756,2496,0,2164,0,2436,328,0,656,0,0,0,0,0,0,-1516,0,3280,-640
1968:Q2,31472,1932,-3196,11000,7388,14348,31472,23164,0,14308,1468,7388,8068,544,32,5576,760,0,1156,0,0,0,0,0,240,31472,23492,22376,-3424,200,1628,2712,10104,6204,-2196,-32,32,140,2016,2624,56,0,3124,0,-2368,512,0,644,0,0,0,0,0,0,-816,0,164,-2124
1968:Q3,48764,5144,16488,5676,7564,13892,48764,47180,0,18412,21204,7564,648,464,56,620,340,0,-832,0,0,0,0,0,936,48764,-3124,-4768,-3024,200,-68,4536,46380,3332,24888,-16,28,168,2040,3656,752,0,3036,0,1312,492,0,-1652,0,0,0,0,0,0,7624,0,720,5508
1968:Q4,35728,2756,-1728,4792,12072,17836,35728,25340,0,12804,464,12072,8440,324,-32,2272,328,0,5548,0,0,0,0,0,1948,35728,5808,-5424,7212,200,-960,4780,22388,-128,13240,-188,136,212,1848,2492,1004,0,3680,0,-2104,264,0,-128,0,0,0,0,0,0,-2708,0,4768,7532
1969:Q1,47492,11712,2388,5444,15492,12456,47492,33188,0,14820,2876,15492,13036,-380,44,4596,360,0,7616,0,0,0,800,0,1268,47492,45508,34072,6116,200,-1196,6316,4504,508,-6756,160,60,264,1668,5380,-108,0,3184,0,4132,456,0,-1072,0,0,0,0,0,0,-6844,0,3472,-2520
1969:Q2,13576,11840,-31884,8608,12880,12132,13576,-6172,0,13888,-32940,12880,18928,992,420,9324,340,0,3656,16,0,0,4180,0,820,13576,4432,7788,-4968,200,-2520,3932,8036,3152,-9812,92,56,320,1164,604,-632,0,3792,0,-1604,-12,0,240,0,0,0,0,0,0,4112,0,6564,1108
1969:Q3,61844,15260,14400,5764,10496,15924,61844,32544,0,13664,8384,10496,27640,1160,304,10788,992,0,8940,56,0,0,5400,0,1660,61844,46616,51812,-8112,200,-472,3188,4508,2648,-15668,232,60,340,1812,2628,2356,0,4400,0,2296,-156,0,-2476,0,0,0,0,0,0,-3056,0,9092,10720
1969:Q4,54564,11032,11284,9944,6676,15628,54564,25584,0,10256,8652,6676,28616,800,60,11556,1020,0,8376,8,0,0,6796,0,364,54564,33992,29372,868,200,-1000,4552,27648,10584,-5172,360,72,340,1804,816,976,0,3084,0,-756,-336,0,956,0,0,0,0,0,0,6332,0,8588,-7076
1970:Q1,62220,19748,8188,13904,8576,11804,62220,31828,0,16872,6380,8576,29264,-228,144,14532,1180,0,980,172,0,0,12484,0,1128,62220,17484,15928,-608,200,64,1900,35368,1180,3252,-1000,44,272,3088,2144,1012,0,3840,0,1776,-612,0,5164,0,0,0,0,0,0,-936,0,16144,9368
1970:Q2,58792,5444,11076,5088,13360,23824,58792,45380,0,22888,9132,13360,13644,2136,504,6176,856,0,-776,84,0,0,4664,0,-232,58792,7820,964,6400,200,-12,268,40240,6668,21748,388,20,356,3048,1216,472,0,3320,0,5396,-1000,0,-2228,0,0,0,0,0,0,-4340,0,5176,10732
1970:Q3,48784,-16760,23332,7652,8852,25708,48784,53692,0,21904,22936,8852,-6492,-336,-112,6372,1676,0,-2456,0,0,0,-11636,0,1584,48784,-164,5220,-1684,200,-16,-3884,36888,6332,38756,1020,32,388,4172,2236,3688,0,5332,0,-2924,-928,0,-1928,0,0,0,0,0,0,5996,0,-25284,12060
1970:Q4,66236,-56,9136,8664,17144,31348,66236,52660,0,26064,9452,17144,12560,4012,764,5856,2492,0,8160,168,0,0,-8892,0,1016,66236,-20532,-14136,1116,200,-424,-7288,71744,5744,43556,2428,52,356,4864,3928,3096,0,2664,0,-1912,-396,0,3392,0,0,0,0,0,0,8612,0,-4640,15024
1971:Q1,43844,-3432,2968,-2144,17120,29332,43844,41664,0,24404,140,17120,1052,2032,324,-4124,4808,0,-3532,96,0,0,1448,0,1128,43844,-41504,-34108,780,200,0,-8376,63424,15424,48972,-2128,344,152,3804,6620,-2800,0,3704,0,-1044,376,0,4592,0,0,0,0,0,0,-5932,0,-8660,21924
1971:Q2,79244,-5084,40880,1824,17072,24552,79244,73716,0,16784,39940,16992,4456,1876,380,-3696,6460,0,-948,224,0,0,160,0,1072,79244,22984,20564,5784,200,-28,-3536,27320,744,30460,-976,152,148,3812,5548,-3288,0,3032,0,-628,644,0,-3052,0,0,0,0,0,0,-4504,0,-4772,28940
1971:Q3,74372,3384,28956,8268,14160,19604,74372,55972,0,14752,27192,14028,17152,2172,400,6844,3188,0,2608,1176,0,0,764,0,1248,74372,17276,17496,496,240,0,-956,15168,4332,7180,308,180,208,3808,4116,-1696,0,2556,0,-1496,760,0,-5120,0,0,0,0,0,0,740,0,-708,41928
1971:Q4,79000,4708,22128,11464,16252,24448,79000,56984,0,17404,23460,16120,21704,24,-432,5544,4588,0,9332,1972,0,0,676,0,312,79000,-11436,-27844,14388,160,100,1760,71680,8948,33944,192,40,356,3772,7784,3280,0,2332,0,2344,492,0,1396,0,0,0,0,0,0,4252,0,2548,18756
1972:Q1,48712,6464,-676,6168,16780,19976,48712,33024,0,16736,-332,16620,13756,2296,312,1720,4104,0,512,2284,0,0,2528,0,1932,48712,-4220,-5476,-2040,200,-84,3180,40048,-652,16120,1280,64,420,3812,5860,3408,0,4240,0,1244,608,0,6688,0,0,0,0,0,0,-5304,0,2260,12884
1972:Q2,55120,-16,6012,10500,14640,23984,55120,39088,0,19164,5952,13972,14344,-2412,-552,5736,4824,0,2836,2568,0,0,1344,0,1688,55120,23504,19804,-444,200,-4,3948,27488,4236,13948,-324,-12,560,3904,7368,6524,0,4240,0,-336,156,0,-3696,0,0,0,0,0,0,-52,0,-9028,4128
1972:Q3,47772,-4804,13880,8788,12520,17388,47772,37552,0,9996,15728,11828,10732,-964,-332,2672,4268,0,-1312,2692,0,0,3708,0,-512,47772,2116,-4808,856,200,0,5868,27748,-5904,14992,1024,548,556,3776,9180,9868,0,4308,0,1684,140,0,-3328,0,0,0,0,0,0,1064,0,-10160,17908
1972:Q4,75348,4732,24928,11776,12724,21188,75348,47552,0,9108,26392,12052,26784,2428,-232,3956,6356,0,8932,2612,0,0,2732,0,1012,75348,-3084,-20896,9264,200,20,8328,72028,8832,36680,-564,512,548,3412,6776,6092,0,4692,0,-584,272,0,-2868,0,0,0,0,0,0,9556,0,-1328,6404
1973:Q1,51216,-3200,14204,12084,14952,13176,51216,31476,244,2560,15248,13424,19208,-400,224,8016,3024,0,4272,-436,0,0,4508,0,532,51216,10492,7904,-6040,132,20,8476,8180,15196,-22844,324,-308,476,3480,9076,8672,0,4908,0,1764,772,0,-2256,0,0,0,0,0,0,-8152,0,-2928,32544
1973:Q2,68156,9060,5400,24304,14456,14936,68156,31996,332,15948,3732,11984,35560,820,488,20152,5820,0,3884,236,0,0,4160,0,600,68156,45052,33912,2344,112,-28,8712,32384,684,5704,1284,-308,512,3240,5796,4952,0,5144,0,496,624,0,-1996,0,0,0,0,0,0,2668,0,3584,-9280
1973:Q3,59160,10072,-9644,27884,14436,16412,59160,17312,444,12708,-7876,12036,40964,2944,884,24348,1768,0,3252,3240,0,0,4528,0,884,59160,31364,34348,-10868,60,-8,7832,29208,3428,-1692,-680,300,456,3348,3096,8440,0,5896,0,932,556,0,72,0,0,0,0,0,0,1240,0,3816,-1412
1973:Q4,78016,17532,5728,17172,20072,17512,78016,44572,580,20000,6304,17688,31628,3112,16,12664,3932,0,12060,360,0,0,-516,0,1816,78016,3700,-6420,2980,28,8,7104,90216,17788,24304,596,304,464,3776,4688,4196,0,4100,0,-720,240,0,3332,0,0,0,0,0,0,10516,0,16632,-15900
1974:Q1,59200,18716,-6272,8264,19736,18756,59200,32312,712,19064,-4844,17380,24120,4376,1352,160,6676,0,7360,-2268,0,0,6464,0,2768,59200,28176,18544,2944,64,8,6616,32456,-2896,10876,1160,-136,356,4240,8412,4904,0,5060,748,1956,316,0,368,0,0,0,0,0,0,-8956,0,6048,-1432
1974:Q2,92868,13172,9120,23632,17104,29840,92868,50840,836,26428,9004,14572,40192,10164,2588,22056,1692,0,5408,-7260,0,0,5544,0,1836,92868,36940,29404,2100,60,-32,5408,42176,9840,-832,1244,268,260,4668,4112,6132,0,6692,684,-256,-412,0,-1804,0,0,0,0,0,0,3220,0,8360,13752
1974:Q3,123564,28096,17780,35676,14996,27016,123564,58000,964,27380,16948,12708,63548,9204,2584,30628,5880,0,9372,-2704,0,0,8584,0,2016,123564,73084,57708,10872,48,0,4456,51156,3868,-5956,-128,180,316,4804,1204,12076,6004,7400,960,576,-468,0,268,0,0,0,0,0,0,2920,0,17132,-676
1974:Q4,103476,11052,23324,16248,9388,43464,103476,59208,1088,29424,22324,6372,40676,7876,1228,13564,3684,0,14676,-692,0,0,340,0,3592,103476,31168,19200,12128,48,0,-208,64436,8692,23224,1364,-356,620,4700,7832,12460,0,3704,636,744,-268,0,6364,0,0,0,0,0,0,3712,0,-8992,7872
1975:Q1,127088,6304,49080,9208,11588,50908,127088,100536,1212,42760,47908,8656,17824,976,656,-1468,11848,0,2460,-76,0,0,3428,0,8728,127088,9500,124,6508,-40,0,2908,91300,10348,43256,-2716,204,900,6768,8564,17848,-6004,7232,2148,220,252,0,13776,0,0,0,0,0,0,100,0,-11596,26288
1975:Q2,149724,-12316,104604,4336,13324,39776,149724,140500,1336,26012,104408,8744,3808,-3092,-748,-200,4732,0,3240,176,0,0,-300,0,5416,149724,44836,27144,13972,-8,0,3728,103396,1372,82900,1456,140,1248,5944,8608,15316,0,9520,-860,664,-4,0,-3168,0,0,0,0,0,0,768,0,-20508,1492
1975:Q3,129244,-6056,91052,8428,9132,26688,129244,113888,1464,16144,91016,5264,10216,-2600,-280,3736,4728,0,4036,-432,0,0,1028,0,5140,129244,60176,52520,-716,68,0,8304,73488,10492,41940,-336,216,1260,7012,13424,15540,0,7504,1020,1644,52,0,-5396,0,0,0,0,0,0,-2312,0,-18572,-4420
1975:Q4,184560,7232,82740,14196,25784,54608,184560,125040,1588,19556,82732,21164,48620,6456,568,7300,6904,0,12532,-32,0,0,14892,0,10900,184560,57664,30360,18900,124,0,8280,116468,10552,42776,1164,196,1052,9368,18852,13548,152,11864,484,-4,56,0,1020,0,0,0,0,0,0,7700,6000,-8312,10428
1976:Q1,144884,5340,70608,11780,20516,36640,144884,119520,1724,29400,70832,17564,15352,1248,744,992,10564,0,1148,-836,0,0,1492,0,10012,144884,8620,-27064,19096,-100,0,16688,124996,5328,48632,28,480,800,15128,17844,12244,144,9368,1840,-1428,500,0,6052,0,0,0,0,0,0,2392,400,5244,11268
1976:Q2,159600,5608,70956,13732,34632,34672,159600,128492,1776,24744,71124,30848,24868,3916,656,2108,11456,0,6144,-136,0,0,724,0,6240,159600,58112,47228,4144,36,0,6704,91968,9988,29628,540,320,672,8896,17444,11996,88,14524,-984,-192,300,0,108,0,0,0,0,0,0,392,400,-2152,9520
1976:Q3,129528,-1616,57000,18272,15640,40232,129528,92104,2028,21816,58140,10120,26228,100,424,5260,11872,0,4828,200,0,0,3544,0,11196,129528,19664,11456,-3460,376,0,11292,90888,7296,32208,872,692,528,13184,19560,640,112,9124,308,684,208,0,-776,0,0,0,0,0,0,14308,400,-8460,18976
1976:Q4,133308,23408,39676,14700,12892,42632,133308,78196,2472,30456,38060,7208,45548,10092,1244,1480,14836,0,15016,-464,0,0,3344,0,9564,133308,9304,-20612,13856,652,0,15408,107076,4300,43012,2288,868,552,12620,24636,1148,72,3964,588,2440,-120,0,436,0,0,0,0,0,0,15916,1020,-6664,16928
1977:Q1,121856,8484,39032,21792,22708,29840,121856,83360,3012,27120,38416,14812,34972,752,812,3508,18900,0,8264,-204,0,0,2940,0,3524,121856,3928,-15876,1700,684,0,17420,89796,11636,27952,-656,180,648,17232,21216,3484,40,6000,-108,3352,-500,0,-3428,0,0,0,0,0,0,-29580,980,31348,28132
1977:Q2,151712,19940,27216,20148,45264,39144,151712,87960,3640,24396,26904,33020,56252,5156,456,10212,10248,0,24868,252,0,0,5060,0,7500,151712,17564,18676,-19996,768,0,18116,110008,9988,15432,-1740,296,436,16824,20812,15544,-584,12324,-564,4380,-928,0,-4168,0,0,0,0,0,0,8028,1200,12728,24140
1977:Q3,143864,1808,56592,21140,25816,38508,143864,105412,3712,31532,54600,15568,30348,632,368,5404,17728,0,2116,-240,0,0,4340,0,8104,143864,26496,4320,-1720,980,0,22916,77456,7488,13248,2532,224,380,18344,17728,5852,128,13020,-216,5876,-912,0,-4760,0,0,0,0,0,0,-6972,1600,3896,39912
1977:Q4,184308,29768,49376,26092,25188,53884,184308,109156,3236,41420,49204,15296,71816,10420,892,8700,17564,0,30744,-44,0,0,3540,0,3336,184308,13432,988,-4648,1156,0,15936,111208,5544,6720,644,232,368,17120,22112,16436,68,13520,1104,1932,-464,0,-1920,0,0,0,0,0,0,14212,1396,12184,59668
1978:Q1,143792,3708,38484,27240,43928,30432,143792,97864,2832,22044,37192,35796,40228,-4544,-536,17696,10836,0,11788,4,0,0,4984,0,5700,143792,22680,-2232,-5012,1280,0,28644,63696,-576,2516,1076,472,-60,17340,26408,3916,44,13156,2712,3200,264,0,-920,0,0,0,0,0,0,-8048,-1396,3592,57416
1978:Q2,210704,19872,54160,38640,56340,41692,210704,135484,2492,33916,53772,45304,69496,2448,-120,26632,12396,0,16312,416,0,0,11412,0,5724,210704,77220,50080,-480,1076,0,26544,148568,31772,19524,2332,452,-1412,12804,19808,19012,72,17944,3776,-260,364,0,2176,0,0,0,0,0,0,-224,-1200,21628,-15084
1978:Q3,146008,-1828,39380,34324,48824,25308,146008,108056,2432,30776,37172,37676,34456,-6880,-1584,23956,12576,0,812,72,0,0,5504,0,3496,146008,41420,23468,-5916,568,0,23300,90408,9420,26380,944,396,-780,18312,21748,10348,132,13820,1896,-1728,448,0,-4228,0,0,0,0,0,0,-5416,-1200,-84,14180
1978:Q4,177652,48916,-3028,41148,55932,34684,177652,81884,2644,38528,-4480,45192,90648,10592,1232,23992,18608,0,22768,-224,0,0,13680,0,5120,177652,8372,-16684,7320,164,0,17572,108008,-6808,5960,1396,396,-1072,17572,16388,8060,92,20016,4380,-340,204,0,540,0,0,0,0,0,0,5692,-1340,36872,61272
1979:Q1,149008,27960,9796,41440,42140,27672,149008,69624,2792,29500,7284,30048,74964,1648,944,24352,19600,0,22692,108,0,0,5620,0,4420,149008,51152,18668,-1464,32,0,33916,120092,3536,18740,208,-736,-324,15252,22908,12960,64,7848,19044,2684,348,0,-2264,0,0,0,0,0,0,956,1740,17128,-22236
1979:Q2,202048,46260,51748,38548,37816,27676,202048,116464,2880,37948,49960,25676,82896,9612,1984,20820,19516,0,17364,384,0,0,13216,0,2688,202048,124212,98772,12848,-132,0,12724,124140,-11296,7328,392,-588,-1064,8212,19048,24768,120,17528,18424,4060,-104,0,3848,0,0,0,0,0,0,25812,2000,5652,-46304
1979:Q3,189592,35020,47284,44576,41268,21444,189592,114892,2944,37220,46980,27748,64868,16568,3708,17668,27212,0,-6936,-460,0,0,7108,0,9832,189592,10980,18056,-24320,-540,0,17784,145156,24668,31372,4056,488,-608,15308,14376,26948,160,3888,13100,1564,-136,0,-3384,0,0,0,0,0,0,-4984,2000,16340,33456
1979:Q4,211200,40876,43032,59532,36000,31760,211200,108176,2984,40484,42504,22204,98468,6952,644,34184,25876,0,29692,480,0,0,640,0,4556,211200,125876,105232,2336,-876,0,19184,102252,11624,22548,720,468,-2284,13928,7812,21852,-884,8920,28636,-160,-64,0,3216,0,0,0,0,0,0,-14904,888,-64,-16928
1980:Q1,221732,30396,69020,55540,33576,33200,221732,139200,2956,45336,68764,22144,79456,10692,3632,35092,20704,0,-1744,-440,0,0,11520,0,3076,221732,59568,41372,19312,-680,0,-436,156076,10776,11136,44,344,-2328,10288,14012,28324,88,21768,48356,3203,16,0,2924,0,0,0,0,0,0,-2360,312,9173,6088
1980:Q2,287792,25620,129144,33816,34900,64312,287792,220732,2868,68952,128388,20524,62168,13932,2236,18324,16248,0,5300,-240,0,0,3968,2400,4892,287792,62260,81188,-17028,-504,0,-1396,203400,32356,65388,-776,688,1888,5916,7744,33376,116,29900,46700,352,96,0,3100,0,0,0,0,0,0,17916,0,-41360,22132
1980:Q3,186444,-12380,95804,29724,35544,37752,186444,140796,3056,20772,95356,21612,44120,904,3368,7472,22700,0,2652,-284,0,0,4432,2876,1528,186444,24360,-4804,10444,-64,0,18784,134532,-24212,85516,4176,604,3084,10700,17524,30152,88,15076,-5004,7897,64,0,-816,0,0,0,0,0,0,-3368,400,-7349,27552
1980:Q4,222000,33544,80332,53288,37012,17824,222000,139224,3520,34988,79820,20896,77856,1476,-1640,36728,17072,0,13532,80,0,0,14188,-3580,4920,222000,32248,4500,7592,284,0,19872,145592,-4796,69876,2632,88,1292,11192,15972,28844,104,10572,-22444,1128,-76,0,-2392,0,0,0,0,0,0,5196,16,28388,44160
1981:Q1,250080,37592,119492,26816,42388,23792,250080,186520,3736,36988,119276,26520,56188,13164,3744,13828,13204,0,5008,108,0,0,872,6260,7372,250080,632,1012,-22628,656,0,21592,202176,6672,12132,784,-400,488,10796,24700,23232,136,12772,108744,3738,688,0,-7724,0,0,0,0,0,0,30944,-816,-24710,47272
1981:Q2,268872,62888,73060,53788,34920,44216,268872,152964,3716,61496,72424,15328,106228,3552,3596,40060,14364,0,23740,-32,0,0,19832,1116,9680,268872,128384,79272,16120,688,0,32304,135592,6196,19768,2704,-868,-2072,6220,21496,25720,292,27128,23540,6163,-472,0,7788,0,0,0,0,0,0,-2620,-228,-5163,4896
1981:Q3,283832,68756,69860,67112,50060,28044,283832,159932,4388,52800,69612,33132,117880,6104,1100,53284,14076,0,9820,48,0,0,21840,11608,6020,283832,101104,54640,16812,764,0,28888,187956,11668,25784,556,-996,-1232,9828,18032,23356,-844,14748,83668,7373,-448,0,312,0,0,0,0,0,0,-8696,228,4619,-5228
1981:Q4,299656,35764,121748,33048,49484,59612,299656,218232,5760,60440,121484,30548,67052,8812,4424,14848,18464,0,13656,0,0,0,8672,-1824,14372,299656,38100,-6432,25056,828,0,18648,232168,10764,33436,5428,-800,4192,5864,18068,35296,0,26012,45812,1501,-216,0,2380,0,0,0,0,0,0,38188,640,5603,29388
1982:Q1,292612,17960,125056,39308,63848,46440,292612,231064,7040,59112,122664,42248,56040,4364,6160,7132,34568,0,-6888,-128,0,0,6372,4460,5508,292612,98834,104386,-25988,-872,0,21308,182018,-3708,45666,-812,-320,892,5976,30756,54984,0,23944,23896,313,1156,0,-1568,0,0,0,0,0,0,-13520,-3840,18203,11760
1982:Q2,320324,57132,96856,72388,62988,30960,320324,178204,8216,31740,96772,41476,133816,8864,3388,35180,37292,0,22988,-128,0,0,17712,8520,8304,320324,110515,102559,-19844,-540,0,28340,185389,9032,21981,-232,-92,-904,6180,27880,42820,0,24556,28276,3382,268,0,1972,0,0,0,0,0,0,-3180,-3984,27434,24420
1982:Q3,386088,-40640,226180,77324,64868,58356,386088,311444,9088,37772,226012,38572,62288,4064,-5216,24372,53120,0,-12388,-128,0,0,-10724,9188,12356,386088,117504,96652,9508,276,0,11068,235128,10236,67180,540,16,-2304,7316,27888,35116,0,22836,74700,-1973,312,0,15024,0,0,0,0,0,0,4336,1584,-27679,33456
1982:Q4,399748,-11784,206432,65868,65880,73352,399748,286484,9656,30048,206064,40716,105512,24876,1868,-6916,73152,0,5344,-128,0,0,15964,-8648,7752,399748,-21372,-69176,41216,920,0,5668,386328,15164,174768,3768,-4,7080,9808,52820,38600,0,10544,-6616,2015,152,0,-10768,0,0,0,0,0,0,83104,1600,4293,34792
1983:Q1,400592,-7900,247000,59416,62836,39240,400592,339076,10836,38912,247144,42184,52236,-18348,532,-12720,71992,0,5744,-68,0,184,8500,-3580,9280,400592,189344,144020,21780,2972,0,20572,180384,18420,130652,1628,40,-160,7964,41000,35308,0,12588,-51328,9262,-1152,0,-316,0,0,0,0,0,0,-73436,200,49714,30864
1983:Q2,434020,16284,206132,67908,85772,57924,434020,315244,12616,35044,205960,61624,107488,8528,-1708,1904,66176,880,16696,-64,0,112,10992,3972,11288,434020,162530,124834,25176,2896,0,9624,245214,11260,144374,4960,120,12476,2844,40040,28100,0,17856,-21816,14152,72,0,-1032,0,0,0,0,0,0,5624,92,-13908,26276
1983:Q3,390088,29708,178884,77456,57712,46328,390088,259064,12288,30856,178788,37132,125496,7348,6012,3644,73908,8036,10532,-64,0,192,16648,-760,5528,390088,119413,132225,-17084,2700,0,1572,265755,29236,90235,580,144,4284,7316,35416,58412,0,-6852,2208,5118,168,0,3480,7156,0,0,0,0,0,29500,3308,-3954,4920
1983:Q4,307768,69648,69576,65840,61908,40796,307768,156892,9860,33528,69540,43964,138704,14068,4112,12800,53076,5704,19216,-68,0,1020,15636,13140,12172,307768,17689,-57919,51440,2548,0,21620,260991,-280,88603,2992,96,-4020,10756,44640,37452,0,5412,-488,12632,28,0,-5688,4824,0,0,0,0,0,18752,3568,41712,29088
1984:Q1,442740,56932,227392,66516,64672,27228,442740,342008,9472,58092,227244,47200,91512,-11248,7688,22172,44492,7900,30452,656,0,-996,-10564,960,9220,442740,299620,226812,49016,464,0,23328,121060,18696,-32340,-2640,68,1748,10380,48656,22988,0,26236,9664,14836,-92,0,1644,7020,0,2760,0,0,0,-15752,-1568,8756,22060
1984:Q2,464324,94488,155108,67256,72552,74920,464324,292888,9124,74152,155060,54552,142836,30520,5412,36180,31124,7880,18680,664,0,836,39900,-28360,28600,464324,245504,231208,-8296,64,0,22528,182944,-1384,4204,2640,16,3120,15332,46636,-23580,0,42492,30924,18665,28,0,3388,7000,32,2756,0,0,0,-23136,-904,54715,35876
1984:Q3,523876,18760,219348,98572,88692,98504,523876,395264,10252,96708,219320,68984,142208,-22580,12920,49824,48776,7880,9080,672,0,712,4928,29996,-13596,523876,134009,132677,-20560,-940,0,22832,352139,23308,53711,4264,60,308,16528,42232,71420,0,31268,36888,11017,-1272,0,14552,7000,1588,2748,0,0,0,52512,2904,-18897,37728
1984:Q4,483360,37512,150124,67296,76072,152356,483360,309476,11836,139160,150080,8400,158132,10996,3056,13544,53796,11076,30620,720,0,2224,30044,2056,15752,483360,-41309,-62357,16736,-1756,0,6068,436937,-6984,47737,1772,188,-3512,14016,62244,83628,0,34972,103960,13183,-572,0,-13580,2196,-2268,2024,0,0,0,112272,2980,-17319,87732
1985:Q1,563192,51464,214784,75816,110020,111108,563192,414908,9856,96960,214728,93364,142240,-5884,3668,15688,60184,18356,33544,328,0,-2756,12892,6220,6044,563192,365161,342481,-48140,-52,0,70872,174291,32232,1582,4248,344,6172,17512,59684,-4064,0,-2712,-10140,47683,1084,0,8352,15461,1016,32,0,0,0,-99692,2220,93277,23740
1985:Q2,583024,21224,166856,103408,127908,163628,583024,397408,9512,120680,166820,100396,172532,-8964,-2184,35216,68228,15220,56772,328,0,664,13196,-5944,13084,583024,208355,77699,80580,80,0,49996,301753,20376,-14248,3824,472,3448,23756,60784,27496,0,22240,79308,55224,512,0,8164,6841,4356,44,0,0,0,29128,2512,-32484,72916
1985:Q3,595416,76244,173852,103328,113728,128264,595416,373404,7348,107448,173828,84780,213308,4108,1272,14384,88968,14244,40432,332,0,296,21796,27476,8704,595416,77867,118035,-45052,400,0,4484,453301,13252,68059,8716,536,3064,37916,56224,6616,0,34072,-14684,62213,1944,0,16232,9814,9924,48,0,0,0,30400,6288,102667,64248
1985:Q4,1055400,62368,217204,115188,480968,179672,1055400,813360,93936,159180,217212,343032,229888,3620,3224,17052,98128,15520,46488,288,0,2880,27592,15096,12152,1055400,315958,64774,41244,664,0,209276,660082,7792,151966,7008,532,2068,37500,68440,45160,56776,22968,1900,125048,2052,0,-17048,3832,-380,640,0,0,0,100348,6440,37040,79360
1986:Q1,506056,8740,155892,101708,-10440,250156,506056,275648,-10544,118412,155676,12104,190448,-7232,6268,-4968,106892,34104,65080,468,0,-1408,-18480,9724,39960,506056,22790,57110,-46092,2684,0,9088,398990,24496,-14882,-1164,608,2156,39100,67164,57092,-100,24168,36760,102676,1888,0,11680,27512,5872,4608,0,0,0,17580,-3640,-4584,84276
1986:Q2,729876,40572,167732,156940,120476,244156,729876,431600,-1220,130296,167740,134784,283848,312,-3060,18992,137940,30192,51328,288,0,2824,32488,12544,14428,729876,178150,83382,39748,2332,0,52688,427466,15044,115492,16000,740,3352,38904,58184,-5304,-56676,29736,40136,130249,3180,0,13168,18566,184,5156,0,0,0,5516,-3052,-1109,124260
1986:Q3,790412,67608,263804,212560,48708,197732,790412,454288,3224,135256,265380,50428,318172,6708,12904,23688,187296,25532,39388,1124,0,-1496,20956,2072,17952,790412,-30806,-38426,-6536,2088,0,12068,743634,14092,167427,15620,684,4488,43732,61648,33112,60000,51152,74680,125467,3180,0,3136,13623,17228,5144,0,0,0,7496,1356,40369,77584
1986:Q4,655188,-11408,143652,246124,80852,195968,655188,296872,-3308,62600,143848,93732,372248,-5972,-4816,23148,222780,60488,35684,3436,0,8300,20248,8952,-13932,655188,128489,59685,-144,964,0,67984,476323,24084,96939,10728,444,6664,45284,76248,-58068,0,72868,-11660,112168,3416,0,10300,113704,-2952,4828,0,0,0,-8488,-1864,-18320,50376
1987:Q1,637872,48136,62940,160784,133584,232428,637872,298040,-132,100020,66884,131268,338804,14612,9812,-18536,175376,73912,37472,1160,0,-1780,33716,13060,1028,637872,108503,71771,-6108,-204,0,43044,460917,24972,-756,11660,216,5580,40680,66736,13988,0,46252,-48225,198400,2404,0,9408,62846,3568,6920,0,0,0,-42476,2856,55888,68452
1987:Q2,629916,54888,160724,186540,69128,158636,629916,311384,-604,78400,158856,74732,326888,-5896,15548,29580,158828,43820,35528,1928,0,1552,11140,34860,-8356,629916,253357,292933,-33716,-1420,0,-4440,309271,35972,111035,5388,-20,5504,40880,62604,3748,0,24336,8676,8589,1384,0,-13388,26972,-1744,7804,0,0,0,-62700,1992,42239,67288
1987:Q3,541416,35240,71976,158680,79200,196320,541416,247220,-960,97320,71072,79788,268380,-4836,500,31816,127768,47680,55032,1808,0,2728,23332,-17448,25816,541416,211468,173080,12376,-1576,0,27588,306380,14852,86036,2376,-76,-156,39508,84992,27164,0,17164,23543,4422,4092,0,8136,20649,10088,8160,0,0,0,-632,8,-43946,23568
1987:Q4,433664,-8876,116148,172168,84456,69768,433664,270624,500,63572,121120,85432,136652,12260,500,77956,89240,8932,-29180,2244,0,-3096,-12028,-10176,26388,433664,59877,54685,-9132,-688,0,15012,291367,8224,134382,5456,16,920,36572,102996,21884,-620,39848,24948,-80363,8044,0,14868,2517,10900,5220,0,0,0,-23848,892,-21489,82420
1988:Q1,439032,27280,129184,74516,43888,164164,439032,254508,640,82476,128692,42700,164160,-17480,5084,41220,33788,48288,-3156,508,0,1000,8408,46500,20364,439032,49879,44235,-5524,-12,0,11180,245329,21816,-29049,3040,-220,-1812,33536,85976,-25460,4,16220,13708,-4013,12668,0,16080,39498,5484,1848,0,0,0,29644,-4008,30369,143824
1988:Q2,562100,96188,120440,95072,52824,197576,562100,314476,96,134364,128164,51852,240652,5588,-2404,17452,69896,34356,57896,420,0,7316,528,49604,6972,562100,129420,153432,-16364,404,0,-8052,367568,-1824,80099,1260,-452,2020,30416,81828,4636,624,32452,-5632,29389,22296,0,-17764,25197,11212,3376,0,0,0,-13876,-472,82783,65112
1988:Q3,525616,47920,124120,166604,52180,134792,525616,314448,2756,117052,145016,49624,195220,3016,-3204,42420,103288,27216,-4752,-64,0,736,3660,22904,15948,525616,146282,122614,-500,728,0,23440,342582,13664,58352,-1648,-360,2888,29228,80968,62260,8,21000,2556,2324,19896,0,4132,14562,-2388,2872,0,0,0,4588,876,26804,36752
1988:Q4,628448,130360,77460,216648,72656,131324,628448,324812,2472,132604,119068,70668,284616,2236,2644,78440,96600,34432,46660,176,0,8024,-14452,29856,19020,628448,145766,91162,4904,956,0,48744,382526,25368,52096,-1828,240,4912,29972,98568,11080,-608,16324,35492,11500,16608,0,22840,22182,4984,3332,0,0,0,-33800,4184,59080,100156
1989:Q1,528227,100158,126228,164387,30099,107355,528227,231451,1719,74661,125052,30019,273520,-8348,-8006,64876,100687,46973,29081,588,0,8528,31556,7585,23256,528227,113987,30839,76460,1348,0,5340,309224,-1081,-11318,-3100,668,-4998,28896,63473,10900,20,42276,6329,21524,10520,0,3236,10904,4296,1864,0,0,0,80920,-220,44115,105016
1989:Q2,444342,60447,94812,119905,30905,138273,444342,259529,82,125132,99944,34371,182821,-1016,5651,18680,96093,12772,56372,-216,0,4864,-1768,-8611,1992,444342,220919,152556,20743,1896,0,45724,234947,-12999,-57897,1940,700,-2710,28936,86809,46868,640,42748,99476,-19064,724,0,-77632,-8785,8484,-2452,0,0,0,89656,-400,9905,-11524
1989:Q3,464404,41151,124184,142990,52932,103147,464404,271252,3821,85854,131284,50293,167172,-5644,5443,5772,130118,10805,45853,28,0,-2948,14492,-36747,25980,464404,141508,82587,24125,1904,0,32892,205316,-32452,-110687,6996,772,-4160,28628,57119,52932,20,20964,103069,29724,11468,0,35732,7972,4556,1512,0,0,0,9292,-1548,-16593,117580
1989:Q4,584171,61695,127108,177159,85408,132801,584171,300068,6982,94825,122528,75733,263587,-8504,1015,11592,170147,37222,15370,-272,0,14620,-640,23037,20516,584171,181296,104264,50060,1364,0,25608,378031,14872,-20987,9252,692,64,28524,100151,65356,28,18944,69050,6512,3512,0,20604,-42215,6916,180,0,0,0,131316,7056,-41796,24844
1990:Q1,422709,31578,46896,178136,73091,93008,422709,218191,1274,67846,76468,72603,184274,-10980,-5058,6100,142464,47723,71207,-1376,0,-5976,-8428,-51402,20244,422709,-28298,-42256,-74614,948,0,87624,475011,-6418,57494,18484,3668,6142,28120,81531,16136,56,65900,116003,65586,10032,0,29092,23313,-652,784,0,0,0,-66323,3356,22707,-24004
1990:Q2,547042,-15693,192820,173121,41945,154849,547042,303493,1209,63301,198192,40791,198501,-18224,-2813,11616,156133,72946,28251,192,0,-5856,-42908,-836,45048,547042,220768,208045,-3729,656,0,15796,280758,26222,-17927,10472,-2900,5351,27356,100312,70596,60,28940,-307,18121,-5340,0,26072,2590,8640,-1840,0,0,0,-44118,-8376,36834,45516
1990:Q3,544022,91526,237992,149763,24285,40456,544022,314441,2994,52725,236672,22050,201785,-4828,-1338,13744,137339,49598,-33325,-616,0,13948,-51504,78767,27796,544022,130115,141169,-36370,420,0,24896,366871,17565,-24063,10136,256,3677,27720,108664,42300,76,9688,146123,19543,-660,0,69028,5397,6224,-456,0,0,0,-36970,-2152,-35225,47036
1990:Q4,686374,15217,221012,201437,55961,192747,686374,317985,6438,42276,220000,49271,326737,10968,5669,37136,165313,67306,19962,1040,0,3908,-41976,57411,41652,686374,249181,227776,3501,240,0,17664,356625,-4841,13100,22380,336,7946,29176,73565,32844,224,-25484,58097,23490,1176,0,-11180,-14964,7572,-3228,0,0,0,181155,-2128,-32611,80568
1991:Q1,483507,-21428,180826,110894,48822,164393,483507,258620,-1319,53725,156826,49388,161503,-11616,-22986,13112,121782,54136,37609,240,0,4528,-16460,-18842,63384,483507,-61380,-97423,-4061,-60,0,40164,503967,43302,-7605,12468,412,5785,32164,111070,53148,200,18348,111890,150330,8296,0,47016,-8352,8380,24,0,0,0,-39625,-1000,-42284,40920
1991:Q2,511472,-84434,237698,107025,67694,183489,511472,384540,3325,87066,231498,62651,165404,-10188,-2112,-29484,142709,62228,9904,-112,0,6932,-12912,-1561,-38472,511472,203882,182178,13380,-496,0,8820,241450,9436,16716,-9724,484,10816,32632,133707,4508,152,15736,-48414,108471,15164,0,5624,-29741,9160,560,0,0,0,28796,-308,-62325,66140
1991:Q3,749992,-40908,400801,141085,107880,141134,749992,525733,9231,45024,372009,99469,194863,-7308,-6353,20560,149317,60714,-36455,-376,0,232,-8276,22808,29396,749992,195242,43125,65425,-476,0,87168,505794,59123,63737,13812,444,9800,30588,83505,55828,224,-11684,36143,95407,14124,0,66804,-28479,21184,-2144,0,0,0,67861,2088,-72571,48956
1991:Q4,728864,-29073,274612,169171,149444,164710,728864,484860,4031,50661,278428,151740,211224,-2212,-6929,32648,132707,37979,44886,60,0,3152,1064,-32131,32780,728864,121088,38368,39696,-20,0,43044,512232,12531,104291,47912,296,17543,25976,33097,16980,276,-15192,27754,207399,13576,0,23352,-25512,20632,-1456,0,0,0,-8917,708,10986,95544
1992:Q1,618350,39689,318500,93123,5188,161850,618350,408560,3697,98916,307336,-1389,198806,-7388,-5639,11332,92955,57343,21517,792,0,2744,11580,13570,10984,618350,131628,112250,-35518,428,0,54468,398854,17847,55593,-8408,2044,15736,26156,93497,28704,388,38752,66341,-22239,23296,0,62972,-27658,-2516,2640,0,0,0,-7919,7732,25896,87868
1992:Q2,728129,22298,307494,207640,27096,163601,728129,404026,2692,71605,307882,21847,277891,5492,-5391,50212,157040,55515,-18006,-956,0,13672,-16912,37225,46212,728129,14626,-44616,90802,816,0,-32376,574831,25666,87964,28028,3348,19592,21072,100002,8108,304,20872,-13402,139748,18804,0,14350,-19268,-10808,-1000,0,0,0,100675,-116,30892,138672
1992:Q3,735800,20028,330030,175366,61945,148431,735800,460191,1248,63545,339058,56340,256009,11504,-7305,67700,98638,53481,28074,4,0,-1592,7180,-1675,19600,735800,106346,99402,-17684,1920,0,22708,579710,28222,114012,7172,3080,16686,5536,106380,56440,456,65600,15389,87099,18484,0,27088,-31215,12628,-1912,0,0,0,56811,11556,-19802,49744
1992:Q4,513183,-29496,213292,149846,-940,180481,513183,296436,1883,88827,215960,-10234,204131,10720,3330,33580,113598,58812,-29134,340,0,-4048,-4344,21277,12616,513183,-20403,-66060,58893,-256,0,-12980,440766,39840,106658,15788,2636,9138,15560,99425,26072,388,25064,-51837,157980,20152,0,29748,-13699,8316,1520,0,0,0,-66271,2020,12268,92820
1993:Q1,747131,-83469,177138,148505,73410,431547,747131,476110,2091,228203,180298,65518,206409,-4648,-6642,32272,113073,81938,-48599,-744,0,-9484,20704,28539,64612,747131,29219,44822,-42443,1248,0,25592,634108,30824,78490,20156,2228,13888,29168,145672,56508,380,-4944,-15460,212799,19984,0,-28946,20657,15180,-1756,0,0,0,118331,-2720,-76331,83804
1993:Q2,817509,33403,284530,83570,87500,328506,817509,586332,2968,214773,288610,79981,164113,4788,-5560,68656,10834,65177,-28893,-1528,0,13724,7104,29811,67064,817509,-7808,-83704,22300,392,0,53204,710985,41909,58215,628,1676,6068,36312,134223,4952,568,46928,37201,207417,19984,0,29076,12244,9508,-756,0,0,0,32679,6060,26093,114332
1993:Q3,1044852,2962,217186,297392,91455,435857,1044852,511247,2077,194497,233418,81255,418237,-840,-6938,167692,113468,72442,25334,-304,0,14660,5672,27051,115368,1044852,102059,28691,75192,268,0,-2092,785341,41442,83068,8100,1528,6588,37688,132105,90696,712,68292,39755,65285,19984,0,71936,31396,16424,-4556,0,0,0,24520,2856,47522,157452
1993:Q4,802805,26643,236750,162850,12824,363738,802805,407408,-2892,157951,244474,7875,349353,-1076,-1373,53628,101498,110426,2514,104,0,29260,16728,37644,46044,802805,64927,93928,-15037,724,0,-14688,513222,30741,51727,31784,1328,11712,33288,92504,-3696,536,4848,17191,204175,19984,0,11072,30071,13352,4756,0,0,0,-54371,2244,9976,224656
1994:Q1,685409,-37241,70435,350095,-7685,309805,685409,218950,2122,167990,69131,-20293,556219,864,-7321,159976,191423,118944,55995,-780,0,-9904,2004,45018,-89760,685409,261000,237352,42316,-9776,0,-8892,309485,34143,65236,20680,-532,13326,19476,84602,-1152,644,21336,-26157,-37841,-3700,0,70130,41826,3260,-2488,0,0,0,20575,3988,-17867,114924
1994:Q2,665860,33343,241460,279641,-62135,173551,665860,277365,2491,102278,246176,-73580,395011,-1480,-1374,146512,128413,48620,48620,-1172,0,264,12924,13684,-6516,665860,427018,406463,-9721,17664,0,12612,176174,22838,-20703,7440,400,2822,20492,34884,81680,176,-1976,48958,-43994,-3700,0,64994,23643,8004,-3612,0,0,0,-46193,-2540,-17439,62668
1994:Q3,648523,59210,172308,240052,-267,177220,648523,258033,4427,86526,175204,-8124,378574,5240,1784,151992,85164,54148,58901,-432,0,-7620,14468,14929,11916,648523,117127,98992,-11573,2604,0,27104,396124,40563,-40679,-5932,-800,1691,23484,91568,70888,216,2616,81754,20126,-3700,0,88690,14788,6720,-4920,0,0,0,5924,3264,-137,135272
1994:Q4,724237,87601,164465,299461,-73625,246335,724237,194272,3704,113538,158789,-81759,490529,4652,-3440,249012,56125,59195,51888,-1124,0,19344,34964,19913,39436,724237,434854,502168,-3558,8948,0,-72704,79267,28468,-82589,-19044,1364,-2024,28408,80926,25632,-28,15712,30447,-97298,-3700,0,138242,12435,12372,-4760,0,0,0,-76794,-1500,-7002,210116
1995:Q1,507777,85936,136533,117967,-60743,228084,507777,125975,750,52335,135305,-62415,321742,6276,-1774,62956,56239,81130,67993,4,0,-29540,20540,57918,60060,507777,-202975,-208515,-55876,8628,0,52788,472440,6894,-88811,115648,736,-11141,27868,123002,30628,176,81648,49841,35734,8512,0,47404,-2265,19852,-2616,0,0,0,32096,-4084,1318,238312
1995:Q2,889957,79026,374811,197634,-55571,294057,889957,453753,-107,136212,376419,-58771,385100,6416,-1301,127124,68902,101522,31634,12,0,-104,18148,32747,51104,889957,-18263,14937,104824,4224,0,-142248,617968,15470,-24102,51544,1936,2333,27928,135428,15184,292,5508,193188,-31440,8512,0,91298,14853,8032,-2820,0,0,0,122485,6028,-23689,290252
1995:Q3,665705,102393,108531,205366,-54937,304352,665705,111515,254,59475,108939,-57153,464190,9496,-4694,102116,102842,144743,41319,24,0,2096,22232,44016,90000,665705,-74786,125401,-124559,6424,0,-82052,412295,-1281,67907,524,-228,280,29028,57658,-1732,360,8900,35945,122222,8512,0,27966,46089,2832,-888,0,0,0,769,-8380,15812,328196
1995:Q4,731645,29825,75121,302110,-59199,383788,731645,111535,-12,96567,80253,-65273,539770,-2272,-4564,131656,165322,183645,57822,120,0,7728,-2376,2689,80340,731645,-7298,34731,40771,4300,0,-87100,608351,29617,-74760,16124,3484,6680,29316,71075,19376,508,25380,68150,135408,8512,0,144788,24602,21160,4112,0,0,0,118654,3260,-47095,130592
1996:Q1,670551,17280,185933,175839,-17015,308514,670551,282399,4311,116425,183613,-21950,338448,9024,-2107,31604,146555,134328,33704,124,0,-31760,23664,-6688,49704,670551,-158272,-154956,-34576,6136,0,25124,525303,-1434,-24029,23992,-1428,4110,23644,41165,27480,580,60704,157404,123639,2940,0,59594,8706,6180,6824,0,0,0,-79104,-3572,87908,303520
1996:Q2,948271,172311,206592,286136,-3364,286596,948271,320137,4503,122904,208840,-16110,596654,12992,-4442,126640,157248,128190,41757,168,0,13156,16048,104897,31480,948271,284191,174575,62160,8556,0,38900,447772,9638,-15516,21128,-624,4995,15576,-3531,17840,40,56780,139220,74041,2940,0,74622,-4486,5604,5428,0,0,0,48824,5080,-9827,216308
1996:Q3,697649,127846,167546,206766,-30017,225508,697649,185046,8262,48889,164474,-36579,389947,5388,-124,80148,129690,66181,62903,204,0,5676,-3612,43493,122656,697649,-2361,103486,-15255,3148,0,-93740,306210,16149,-37026,16896,-1164,2144,22056,116524,-47644,320,-46312,76460,72062,2940,0,59796,-17215,16464,5156,0,0,0,-16739,4460,60883,393800
1996:Q4,775318,92955,-2912,250471,24293,410511,775318,91414,7249,78535,-6208,11838,576044,8628,3821,123352,130415,129890,46183,608,0,4852,-2120,130415,107860,775318,-134464,-21483,-8745,3516,0,-107752,320762,24851,-91702,70932,-1920,3911,24776,108422,-36968,92,39856,-9612,42449,2940,0,105578,-5341,33576,900,0,0,0,88522,8812,-89312,589020
1997:Q1,544743,226209,55999,122403,7246,132886,544743,183486,4639,124631,54579,-363,324497,6548,229,-6520,130343,52011,24175,1232,0,-2856,372,118963,36760,544743,-412032,-339486,-13450,6804,0,-65900,663467,14083,26254,72716,5688,3331,10624,87604,44692,72,78124,58970,75166,-1132,0,83388,-29658,532,3580,0,0,0,-3497,3840,129090,293308
1997:Q2,931881,204389,61558,281174,44377,340383,931881,274852,8786,173087,61802,31177,595593,9348,1900,198876,82054,45930,117117,1620,0,34936,32376,71436,61436,931881,-96396,-70966,-65122,2984,0,36708,782925,46348,45505,-24548,288,7057,24352,153359,34136,100,66068,185025,53213,-1132,0,78342,-9629,27328,7456,0,0,0,79697,5448,4512,245352
1997:Q3,873566,221354,22988,142330,84409,402485,873566,343610,7040,243330,22068,71172,411896,3000,-4087,46268,96982,157592,-73650,5080,0,-6872,25196,162387,118060,873566,11781,118812,-32871,3956,0,-78116,533121,19065,15802,31956,3740,-2428,34880,72309,43468,176,61548,87936,147557,-1132,0,32628,-43170,-25584,8348,0,0,0,-78384,-3924,128330,328664
1997:Q4,742437,84453,-136944,308361,91565,395002,742437,45638,8059,92292,-135196,80483,659895,23224,-7754,157648,148965,294182,49618,4636,0,7028,18924,-36576,36904,742437,-54098,-14726,-46608,3192,0,4044,694491,73660,152998,31084,-692,-6320,30900,16192,49796,420,30444,19625,87160,-1132,0,126682,-4514,36604,21988,0,0,0,51384,16772,-38560,102044
1998:Q1,1245813,398532,-89216,244882,90275,601340,1245813,366219,19325,375995,-91648,62547,774114,6268,-6858,142980,104334,214646,114950,7004,0,-1032,50168,141654,105480,1245813,-95668,-25258,-16806,7388,0,-60992,1173613,-5709,55475,43288,4216,-1862,26000,95786,-6808,436,61132,170602,184993,4932,0,203762,-16107,27448,14012,0,0,0,184842,14648,112527,167868
1998:Q2,1481348,220142,12551,405026,90033,753596,1481348,462796,12854,367802,11111,71029,924984,176,-5959,166792,239674,279886,105076,6440,0,20008,48076,64815,93568,1481348,458797,370298,-37789,6388,0,119900,794835,14573,-34745,17868,1192,11098,1108,47314,-30788,264,70352,414408,115184,4932,0,100848,780,13140,-7856,0,0,0,7525,-16852,64490,227716
1998:Q3,924642,276966,-200033,533053,75000,239656,924642,68599,7674,199218,-200445,62152,875995,7172,-1337,294464,239001,257103,-14279,2796,0,-2596,33488,60183,-19952,924642,335935,249777,11362,4388,0,70408,599287,38405,93697,-82952,300,10301,6380,44823,-8064,724,56772,188924,2611,4932,0,242012,45422,-38012,-15876,0,0,0,-68932,6212,71608,-10580
1998:Q4,978983,-123093,-107174,711295,81483,416472,978983,93741,7179,110565,-94990,70987,917798,9232,-5082,511420,187691,284001,13814,2716,0,12392,8384,-106770,-32556,978983,-108444,-329017,47201,3388,0,169984,794423,36963,256104,17596,9092,13639,10344,52485,3412,800,45332,245854,115495,4932,0,323040,70769,25760,-24808,0,0,0,-180683,-14864,-216839,293004
1999:Q1,1378677,213133,-102981,586448,80149,601928,1378677,249677,11239,280723,-104513,62228,1110924,372,-1128,193332,394648,229128,110933,5280,0,-31108,41720,167747,18076,1378677,162320,54811,15029,-2924,0,95404,1106261,38133,87283,-7912,-1772,7406,-17536,103606,69340,280,72236,225429,99840,7820,0,155940,60602,41492,7528,0,0,0,66027,-3860,94379,110096
1999:Q2,1153674,137679,-52554,581859,33325,453365,1153674,223768,8476,246580,-51954,20666,930386,272,-10,306796,274463,206991,99873,-1308,0,-18296,27944,33661,-480,1153674,-15443,-106688,4241,-1920,0,88924,1103861,66808,137750,-35440,3764,16785,1148,54100,113740,92,15064,110837,195028,15000,0,167588,60104,15948,1792,0,0,0,33108,-2148,132793,65256
1999:Q3,1256588,215608,-118292,638288,75761,445223,1256588,277946,14425,326417,-118260,55364,918022,2236,-671,407508,230748,192094,-27345,568,0,17764,18736,76384,60620,1256588,224894,101156,33126,80,0,90532,685334,32922,70009,49044,4156,-4462,-8512,22451,84076,-148,39260,167462,23010,13256,0,230294,31487,-6124,-1328,0,0,0,-95306,-1620,35407,346360
1999:Q4,918275,353116,-9989,565926,28210,-18988,918275,159474,7512,144636,-9957,17283,730237,2224,197,367504,198390,399,63562,180,0,-37256,46452,88585,28564,918275,-313587,-414079,-31248,1076,0,130664,1101218,-35203,94908,32408,2496,-25393,-24348,19683,130180,-412,42396,266967,17574,2376,0,161018,13319,56556,2908,0,0,0,89205,38268,216312,130644
2000:Q1,707612,314342,-205502,236055,28572,334145,707612,27942,5006,211665,-207566,18837,580374,11628,-82,105092,133027,135169,115979,128,0,44428,32632,2373,99296,707612,-248670,-399217,49955,1732,0,98860,663316,77509,43722,-18716,-296,6839,6108,94606,-31720,-552,54788,227896,-30712,5468,0,120836,16561,11024,-120,0,0,0,107271,-39364,12168,292966
2000:Q2,529232,330071,-420965,403987,-15882,232021,529232,-193883,11503,240416,-419129,-26673,784371,14040,467,249040,153111,105374,106440,796,0,-680,37340,118443,-61256,529232,10601,-118616,46297,732,0,82188,364719,23108,-26205,-29088,1112,12129,-11220,25107,-125712,-128,14692,-21832,-10496,-4268,0,94712,23545,8384,-2400,0,0,0,74505,-5128,323902,153912
2000:Q3,710832,127578,-295525,506860,51927,319992,710832,-28802,7092,219829,-297949,42226,645550,9928,-180,279440,229844,160231,59052,-2492,0,25368,-112628,-3013,94084,710832,72063,-32082,137,3732,0,100276,430526,49213,44368,31040,8052,-17584,10996,69079,-132128,192,23496,93698,36558,-6700,0,230966,-7719,31056,-44,0,0,0,75629,2388,-112030,208243
2000:Q4,881535,74209,-183259,588777,29878,371930,881535,-56077,-566,97302,-184439,31626,857744,18336,-369,307080,282877,305366,48961,-3656,0,-6576,29880,-124155,79868,881535,243645,177034,-19669,4728,0,81552,315035,-15075,36991,46452,6052,-4989,-2168,34544,-195920,932,66288,279331,-78974,-16748,0,283388,3354,24672,2228,0,0,0,-36638,-2852,-115833,322855
2001:Q1,949463,-80500,-4839,424845,136378,473579,949463,338859,5510,214086,-7075,126338,549436,13336,-454,265932,161149,101816,-57438,-2452,0,-23748,93828,-2533,61168,949463,-710054,-788750,-18180,5728,0,91148,1282895,51978,-90999,13244,-6608,18683,-29337,122548,77224,4252,-92912,510368,91787,-6944,0,250068,22169,15604,-1044,0,0,0,263559,3000,66255,376622
2001:Q2,827778,-138051,-424352,720374,90915,578892,827778,14475,11964,350715,-423228,75024,853435,-4772,-1686,286836,432414,205151,32244,-3540,0,35624,-50296,-78540,-40132,827778,-303567,-430767,-7268,4728,0,129740,899485,46178,81295,20028,-1384,15631,89,126049,-77440,1324,43496,193179,180805,-116,0,260658,26968,-28840,8924,0,0,0,171337,-2604,-166092,231860
2001:Q3,1408498,-159518,269578,821956,108896,367586,1408498,477490,15817,102092,269226,90355,1026332,4868,-1281,326676,495632,311398,-2304,336,0,12604,7676,-129273,-95324,1408498,726738,653596,7078,1720,0,64344,452992,15844,180328,33668,3616,42685,25898,144992,-69308,5612,-118508,345172,-78388,-496,0,268512,3084,25652,6720,0,0,0,-131265,-1336,-249490,228768
2001:Q4,1589455,92733,143654,601378,154551,597139,1589455,514213,22017,219559,142922,129715,1009750,20,-71,337148,264962,383711,-11142,3740,0,-18884,-26900,77166,65492,1589455,-192176,-344458,18998,2728,0,130556,1323661,45408,271965,13240,13264,39513,32512,82671,-78156,4132,-42908,54636,167448,20416,0,183772,81703,63624,20492,0,0,0,52309,16372,281248,457970
2002:Q1,1081245,-244540,13174,700982,112094,499535,1081245,214726,9419,91014,11378,102915,793271,-10736,-198,180232,522546,219334,-17581,-2084,0,-15672,-25916,-56654,73248,1081245,-77959,-188810,29027,-128,0,81952,862155,106957,189007,-58132,6836,33719,30312,247926,43212,-304,29488,-72756,230831,29036,0,257540,12944,-16768,28968,0,0,0,-90813,11364,-157212,297049
2002:Q2,1468015,-183174,367110,495470,147829,640780,1468015,592497,9659,73854,368898,140086,792174,2904,-204,139108,354574,237327,90047,11864,0,17520,-4520,-56446,83344,1468015,360850,266249,13657,-128,0,81072,584501,64526,150382,61820,2948,8689,35044,155428,62048,1508,-92156,-191670,33842,592,0,88204,38434,18100,20852,0,0,0,332968,2124,-209182,522664
2002:Q3,1209367,-24702,342362,459535,164459,267713,1209367,415431,13256,-89209,343942,147442,775808,-4860,370,289556,168399,223151,76830,7772,0,15236,17300,-17946,18128,1209367,116167,18284,32503,-128,0,65508,603180,59775,127213,73592,-8,20583,27308,243896,-36964,5096,-215852,-46059,100045,-2316,14988,111756,95317,37084,8472,0,0,0,-189367,-1748,170369,490020
2002:Q4,1587500,56033,241049,532615,213310,544493,1587500,444405,17941,-239,241469,185234,1067503,10760,-1704,270436,261759,344137,48328,10044,0,-23960,59468,88235,75592,1587500,294718,161333,8825,-128,0,124688,871447,79666,182101,13772,6184,36906,65872,257354,-103160,3476,-120864,199387,100739,16168,-68,174136,152465,33984,-17100,0,0,0,-23687,-3072,-182812,421335
2003:Q1,1283580,-81060,179299,512108,133088,540145,1283580,316088,17698,12856,177719,107815,1047132,9048,-148,225752,287936,356142,40918,6308,0,38432,59664,23080,-79640,1283580,-606296,-639876,33796,1376,132,-1724,1545980,61422,214302,34228,-4052,64343,42876,214167,78184,4480,-17644,13329,179864,25032,-1148,151834,115842,34236,2204,0,0,0,120044,21852,190585,343896
2003:Q2,1850648,-85515,632748,471777,179039,652599,1850648,933057,11446,112048,633264,176299,828683,7328,-413,192436,278825,225235,194844,16124,0,-16228,75488,-144956,88908,1850648,-387290,-390208,9966,1376,104,-8528,1536725,46617,236493,27268,11364,29108,42908,222967,55616,40,33204,119663,251756,57164,416,-38842,141711,64456,1696,0,0,0,130198,23456,79466,701213
2003:Q3,1503410,-96302,331469,770411,120072,377760,1503410,556763,18612,111846,331525,94780,1059219,1920,-100,459872,310483,192654,47904,25792,0,9860,18836,-8002,-112572,1503410,270538,106766,35786,1376,82,126528,775523,19313,-164293,-74348,14776,-4429,67752,121251,58352,22876,50032,-102237,38467,42260,1572,381398,80516,74516,2492,0,0,0,40602,-27564,132219,457349
2003:Q4,1847204,-64959,344948,581048,118019,868148,1847204,444417,7467,-2304,336320,102934,1219911,6876,410,125432,464244,283236,137433,26188,0,-6596,65412,117276,182876,1847204,265253,51321,-35072,1376,64,247564,1006152,22025,355474,-41132,2484,7810,92604,96747,97160,1216,203244,-353485,131785,15708,2044,3440,-3350,39928,17724,0,0,0,223988,-3024,93762,575799
2004:Q1,1323878,154662,267139,-3311,224452,680936,1323878,547225,8132,104874,268203,166016,649605,356,144,5600,-9975,378418,88010,32592,0,51948,109436,-6924,127048,1323878,125414,-79971,44869,6960,144,153412,386774,47865,359564,44084,6088,3306,89752,160132,3012,-1300,159928,-220443,-156235,8740,5128,11922,4515,-19484,55316,0,0,0,-192885,88,17681,811690
2004:Q2,1475715,-158141,599026,301285,253044,480501,1475715,795492,22156,-50094,595382,228048,708979,15508,4,214812,90117,473241,51810,36676,0,2472,-41396,-134265,-28756,1475715,-385416,-359623,-13617,6960,108,-19244,921544,57503,26370,-34928,9144,-4498,64368,132808,7336,-172,170692,-105138,327201,22148,3544,45494,453,-39888,19652,0,0,0,211071,728,7656,939587
2004:Q3,1620865,105049,327262,169190,216904,802460,1620865,533496,5136,5534,327110,195716,900621,4132,144,118280,51062,517293,71994,1088,0,33204,87608,15816,186748,1620865,600662,298492,5722,6960,148,289340,336250,51537,-171886,11544,2980,-20337,64636,138773,-9276,664,-165400,-137865,52153,-700,2248,83196,-98691,16696,31756,0,0,0,304078,1328,178816,683953
2004:Q4,1563522,323190,270949,-6520,158300,817603,1563522,480743,16892,51774,271261,140816,959647,29800,288,-38696,31864,536024,205414,120384,0,-26640,-12384,113593,123132,1563522,406885,620701,29222,6960,198,-250196,376031,48309,-63630,47604,4340,21317,62528,106767,-8380,116,271796,-126872,101201,12356,4196,-187010,48415,11820,27140,0,0,0,-286609,7756,272871,780606
2005:Q1,1520215,149924,262670,-59006,247628,918999,1520215,519233,12476,40843,261930,203984,936026,18152,-76,-141516,83250,719949,101892,45588,0,11156,35112,62519,64956,1520215,-258066,-395785,100967,6080,128,30544,1243329,30136,542700,155036,2364,4639,96012,175930,27456,220,40696,-138097,48730,10736,11704,-127380,23977,-31236,13392,0,0,0,286796,-4760,74278,534952
2005:Q2,1590543,96203,254455,98598,216516,924771,1590543,376574,9064,-61961,253071,176400,1078661,2252,348,-63668,163650,741247,19986,45316,0,-5224,48228,126526,135308,1590543,674351,454104,-17067,6080,118,231116,94653,32572,-13601,71948,5020,-20122,53808,75453,32244,1128,-203216,38388,125161,3408,3460,-103460,-46421,17356,17204,0,0,0,152787,34512,-182976,821539
2005:Q3,1059472,459454,92030,-124175,252940,379223,1059472,318185,23896,34199,91654,168436,656963,8588,-88,-269252,145453,716869,-161868,27816,0,28000,40116,121329,84324,1059472,-201469,-721444,30237,6084,174,483480,534725,37836,29191,91524,-792,-39163,97452,113826,47076,856,40356,9641,189630,-1204,7064,-68564,1401,-193372,20640,0,0,0,-22261,-46776,220364,726216
2005:Q4,2058556,274719,283374,404575,176688,919200,2058556,422173,13412,16759,284170,107832,1545963,24932,-44,138272,265507,865872,153194,-18404,0,-33436,41464,108606,90420,2058556,852719,698691,52092,6076,200,95660,339840,5660,-39374,-4472,-3036,15334,32692,47071,68776,2080,148480,93047,104175,-9952,4804,-25760,-56945,-2704,4356,0,0,0,-59494,-10896,25998,865997
2006:Q1,1958914,149065,361010,316522,61680,1070637,1958914,447261,8372,74631,359998,4260,1352546,17796,232,-10056,327590,861675,2505,46124,0,35100,65988,5592,159107,1958914,34434,158139,5199,1472,132,-130508,1291395,113039,315140,-5748,-372,18569,54856,114743,45216,1656,19024,143263,217271,15332,3008,21728,-1822,-12188,15468,0,0,0,144586,8436,60190,633085
2006:Q2,2208224,94856,215605,462551,218876,1216336,2208224,570156,33960,172055,215833,148308,1374634,26024,-316,195156,267167,690060,88437,500,0,6532,167372,-66298,263434,2208224,130224,-69505,-21787,1472,124,219920,904130,17709,246317,84216,-7428,-37715,43516,71288,45216,-284,111552,342118,110201,16240,9132,27404,-18042,-42608,50996,0,0,0,167405,8164,-341267,1173870
2006:Q3,1709754,733061,-34493,183862,200104,627220,1709754,204706,564,88023,-35509,151628,1155459,19144,-228,-83496,268374,738421,17343,4024,0,4968,45748,141161,349589,1709754,-305458,-531678,2062,1472,202,222484,999571,-9835,-142394,14212,-5540,-6567,23052,48169,45216,280,-1920,363886,130030,-8324,2832,-79772,76979,-25364,22188,0,0,0,225097,6068,321278,1015641
2006:Q4,2416863,291899,75890,348635,266648,1433791,2416863,542985,22216,282571,76386,161812,1535804,55592,-804,40724,307415,927275,82487,1160,0,-20892,121616,21231,338074,2416863,165932,-147528,9914,1472,158,301916,1198686,18503,93205,32768,-8900,24846,64872,-50941,45216,6416,100464,59880,391471,6404,7948,11076,127917,5300,70360,0,0,0,44019,4584,143278,1052245
2007:Q1,2546417,227580,309502,557370,313016,1138949,2546417,776568,10352,228326,308186,229704,1557879,24732,-380,65400,493286,679896,-62238,25488,0,59456,74896,197343,211970,2546417,-250658,-498065,-60739,2516,182,305448,1540773,8126,82258,106556,-2120,24234,38292,73458,36812,1492,-94788,522812,226039,-1872,6824,-86876,21027,17200,38692,0,0,0,506431,-10064,26240,1256302
2007:Q2,2423509,295716,-18595,643967,347692,1154729,2423509,573435,30892,334806,-18691,226428,1445781,28424,148,160028,484035,643182,-36864,-18032,0,39852,165436,-20428,404293,2423509,-447387,-292093,-37150,2516,120,-120780,1518595,38604,126141,111648,-1004,3427,46336,59842,36812,2232,324132,479539,319137,9516,15612,49156,60036,11336,15956,0,0,0,-104823,-6024,-79016,1352301
2007:Q3,2461363,-694405,168889,1203745,202612,1580522,2461363,429467,6772,122598,168077,132020,1855259,13492,-636,552588,651969,265566,78396,-20136,0,-29368,128452,214936,176637,2461363,1524453,1382961,-88636,2520,128,227480,847934,-43432,-15733,49456,-7216,1843,13612,75671,36808,48,-73660,457516,147193,5456,11044,-126760,8744,15928,-105092,0,0,0,374996,19940,1572,88976
2007:Q4,2005328,-506899,324716,1216159,214516,756836,2005328,670418,44336,190238,325460,110384,1187566,32236,948,340640,874775,-66636,-50926,-34848,0,-85880,111232,66025,147344,2005328,1239261,1327538,-59047,2512,146,-31888,37397,-155938,21171,64348,-4612,4352,7668,-17811,36808,2100,64272,125092,188879,1948,19964,26000,92769,-26396,16232,0,0,0,40414,86112,-555975,728670
2008:Q1,1470723,21580,609329,749720,153424,-63330,1470723,884558,11840,168861,610605,93252,698021,-124,-568,163407,585037,-177064,86624,-90284,0,62264,108148,-39419,-111856,1470723,-436257,-147469,-149144,-7884,296,-132056,1274238,-597212,-72321,79868,-3364,-1888,16792,68167,-32752,5396,-38140,1350013,101,-2320,19592,136056,-35553,36008,-33912,0,0,0,428473,5748,-54514,632742
2008:Q2,1687185,-197784,281469,1210000,215460,178040,1687185,723738,41892,324361,281721,75764,964773,-2100,-148,588220,621528,-316898,-59515,-15172,0,16448,197164,-64754,-1326,1687185,813666,867372,11114,-7884,140,-57076,-82078,-449432,212946,-108268,8084,13077,-1012,71449,-32756,-924,69052,191329,288105,-23364,22548,426168,-20668,-2336,30356,0,0,0,-772121,92752,-97063,955597
2008:Q3,1486211,-677117,1944449,690950,82544,-554615,1486211,2142210,-10332,186533,1942757,23252,-149621,-29556,0,196873,495769,-355242,-57310,-39448,0,-30220,-144740,-185747,-506378,1486211,1275587,1455458,1139,-7884,13574,-186700,329916,49474,322205,-70072,-2188,-8927,-1072,-19603,-32752,2380,-117576,76805,-32293,-15308,27620,-213228,-9557,-10844,-27412,0,0,0,588034,-33544,-142226,-119292
2008:Q4,2008532,98268,2218218,425122,7284,-740360,2008532,2290895,-4836,108385,2219210,-31864,-56171,32828,0,96768,327362,-469000,-258935,-90624,0,80564,-139528,364394,-226192,2008532,1905385,2070708,36071,-7884,204582,-398092,-46526,18126,-154974,221680,-10784,-10834,-22380,3318,-32752,-12232,-250924,1372402,-772025,-13808,22136,221048,-80981,-10772,-70268,0,0,0,-1014737,-17816,570051,149673
2009:Q1,1224595,-751727,1641388,64654,175940,94340,1224595,2062475,2564,280483,1638196,141232,-952556,-57548,0,-289361,357207,-667159,-179106,-99444,0,-60112,202632,-159665,114676,1224595,705654,752590,-380,-5492,209420,-250484,122194,1135176,218138,-197948,-7140,-64384,20156,-83370,55524,-2436,-117692,-357321,342365,-1580,48120,119264,-254986,29324,17072,0,0,0,-354364,-82564,-339160,396747
2009:Q2,1229094,-594573,1769931,-169636,213532,9840,1229094,2110382,14168,159075,1768835,168304,-1121655,-10072,0,-688299,519759,-625793,-213186,-5956,0,60392,4564,-163064,240367,1229094,-880278,-1522334,32116,-5500,176292,439148,1791524,1744828,484296,-252524,5180,42964,11780,96553,55528,-6288,-18736,-479943,512106,-2136,45904,57256,-167022,20176,38556,0,0,0,23191,18752,-438897,317848
2009:Q3,1010217,-319174,1546804,-89551,137896,-265758,1010217,1781211,7140,137679,1550516,85876,-966948,-28260,0,-625275,532012,-673595,-33563,-15356,0,27552,27536,-177999,195954,1010217,197155,-59597,-15096,-5496,92852,184492,1019784,1509064,48918,13940,884,42266,35428,100761,55528,5944,-21588,-927813,631823,-1640,44012,-119040,-260353,-19396,20828,0,0,0,-111872,2884,-30794,-206722
2009:Q4,776076,-181718,944413,-45082,204792,-146329,776076,1247764,6064,138987,945585,157128,-868930,-17500,0,-470592,424338,-567242,-77261,-4648,0,-44696,-111808,479,397242,776076,378058,174198,54120,-5496,92556,62680,264102,1008728,222540,-183996,-7524,36902,39368,167528,55528,7256,37304,-782410,570906,2400,45816,-274796,-277884,-5100,4480,0,0,0,-167031,5976,-241889,133916
2010:Q1,2171422,-304041,1651388,319370,133476,371229,2171422,2029246,3776,283158,1651732,90580,-40850,383640,297120,163135,155891,-532549,-271741,32248,0,-2396,-40040,-226158,183026,2171422,369356,325211,-12575,2460,-39624,93884,1256198,678544,96800,-31040,-10608,31283,19720,154240,91884,2444,51804,-678575,554548,1244,41224,19788,-144572,-51916,23232,0,0,0,211548,3124,191482,545868
2010:Q2,1244322,-140869,1804540,-32538,47016,-433827,1244322,2018702,-8840,194594,1805616,27332,-680474,131948,15600,-280576,246962,-435729,-84859,-25768,0,34620,-192884,-89788,-93906,1244322,453609,741997,34436,2460,-43848,-281436,207141,182084,-56238,53044,-15196,41517,-12288,121470,91884,-7564,-57592,-307248,411451,2160,45492,-127388,-162684,-5276,17336,0,0,0,-13502,-70124,75803,583572
2010:Q3,1582552,143202,1631372,-293014,61592,39400,1582552,2021114,-10516,350406,1631856,49368,-550917,-172116,5556,-479316,185818,-356801,-71316,-748,0,-19168,298340,58834,112355,1582552,-684097,-917559,39880,2460,-43066,234188,1206101,-62030,312142,494508,-10640,-26388,13240,214043,91884,5068,-28680,-422911,454268,6028,35268,-104084,-106268,-6376,53532,0,0,0,73693,180352,39452,1060548
2010:Q4,1345828,-19952,1272596,-149290,236264,6210,1345828,1626878,8800,160082,1273356,184640,-580088,-240680,34412,-338306,188256,-308542,-15788,-5928,0,134428,-95364,67424,299038,1345828,671080,567628,-82796,2460,-60044,243832,307208,467304,174570,-559384,-1408,-27292,-28448,80470,91884,2848,85808,-204035,314177,4076,13112,-86884,-24116,-1156,76548,0,0,0,-34073,-41752,4959,367540
2011:Q1,1050154,118499,775208,261813,-83028,-22338,1050154,848643,-624,166911,776400,-94044,-88640,-6780,31128,55006,205615,-271015,-51669,352,0,-5936,25564,-70905,290151,1050154,-690061,-563048,-27383,3244,-44858,-58016,1277647,994262,63540,-14780,-1140,49326,31492,145480,58552,-176,47200,26913,-184639,1200,28956,-105256,-1252,3608,202836,0,0,0,100131,-1328,-167278,462568
2011:Q2,1319621,-89711,1296920,-258027,-100152,470591,1319621,1476667,-2632,284595,1297076,-102372,-479954,-40352,-39484,-438782,180599,-154493,-31316,-9384,0,-72692,183292,-57342,322908,1319621,-313352,-1071,24573,-2724,-138894,-195236,1161685,940182,-81283,19608,-5560,18420,-15504,45824,58560,-4324,15884,-22026,-18171,4640,42728,-70392,-15465,4396,103432,0,0,0,25337,9080,106319,471288
2011:Q3,581972,-290993,1196404,-3982,-12636,-306821,581972,1385191,-19412,208903,1198340,-2640,-698122,-149436,-99112,-156534,150616,-243759,7034,-5112,0,-43416,-87228,-71175,-105097,581972,824513,1358788,-144277,-10168,-132414,-247416,-478149,-4938,184033,88680,-6592,33182,5420,89061,58556,-172,-305556,-16737,-630923,-724,52472,39324,-32385,7168,74324,0,0,0,-157938,18404,27192,235608
2011:Q4,931664,-90928,1065160,-83893,44188,-2863,931664,1302847,-5856,200619,1066304,41780,-373675,110220,-7212,-208487,123450,-139329,-43052,-8536,0,-29528,-79760,-91441,2492,931664,434790,288663,91367,940,-157904,211724,851990,-154588,229417,-84888,-768,21068,-14856,21987,58552,7776,-46228,127018,1015125,1080,58260,-39632,-4622,-16108,27212,0,0,0,-134138,-30016,-189661,-355116
2012:Q1,1401213,-29687,1306876,-78158,-10960,213142,1401213,1627387,-6880,339635,1303536,-8904,-119874,-32912,27916,-191975,117157,-170136,-18580,1336,0,24756,144884,-22320,-106300,1401213,-1289279,-1041562,-72967,8512,-118366,-64896,1920656,25582,224532,-31596,68,51911,17952,134817,121084,7288,272320,-150519,731357,1144,64496,-57756,-9063,-3472,235104,0,0,0,273959,-7176,18624,769836
2012:Q2,935573,-124663,1268212,28905,95980,-332861,935573,1649519,-19324,315627,1268352,84864,-809102,-231288,-21996,-150050,178815,-171807,-81294,14740,0,16488,-319728,-42982,95156,935573,513929,674155,-11374,-196,-5696,-142960,318272,121416,105061,-7148,-3436,483,5720,-171348,121084,-764,13056,59495,257199,6144,73060,-223824,-5556,4384,61800,0,0,0,13994,-149056,36508,103372
2012:Q3,2130889,13009,947128,-23255,3972,1190035,2130889,1359375,-14484,416959,946832,10068,445518,-12040,20212,-124904,101945,-177795,-16043,-6464,0,-65232,857516,-131677,325996,2130889,497865,262818,3261,4436,-234,227584,892472,-106562,167701,83652,-3376,9156,8652,123972,121084,2456,-66256,208,490036,12868,30032,-138456,-8013,-14540,229796,0,0,0,-33728,24516,-40726,740552
2012:Q4,1400750,73529,965220,-24216,-41672,427889,1400750,1485247,-16892,570247,967160,-35268,-392173,-34416,10636,-151610,125454,-91369,-180399,-14436,0,17328,-59776,-13585,307676,1400750,144139,223800,16425,6528,26,-102640,886699,490794,119998,-25856,-4060,-1010,-5696,89679,121080,4728,50960,-72147,424148,13568,38968,-126668,-2971,-24736,-69640,0,0,0,10439,-1608,-143271,369912
2013:Q1,1819580,63516,1099148,292582,15296,349038,1819580,1318181,-5916,216021,1098136,9940,197891,-59216,22640,171255,122339,-14135,-38346,6516,2044,-4236,-23772,12802,303508,1819580,-712657,-888049,-42874,2600,54,215612,1873785,1158322,131685,-62516,1428,27952,32668,125570,56340,-4848,50276,88856,420330,24048,28780,-37156,-8292,-10232,-18140,0,-11260,3740,-105400,13648,-32014,658452
2013:Q2,468224,-78256,584184,236364,-79036,-195032,468224,745329,-12852,241145,585528,-68492,-352517,-245952,-44896,102050,132970,-726025,-17544,503788,744,55848,-140900,27400,75412,468224,-1259741,-1289543,3860,8080,98,17764,1451113,1146810,55924,-35016,-120,42252,19820,107649,56340,-9964,77812,356825,-87685,19436,15704,-68608,98,-5096,-36616,0,-42412,-3304,-156533,49980,-52183,276852
2013:Q3,1180164,22112,779748,182087,-80532,276749,1180164,1266653,-17252,563765,780292,-60152,-275181,-174284,-17440,36390,145153,-180268,35791,5276,2868,-27784,-34588,-66295,188692,1180164,-180687,-226249,35638,2536,76,7312,847243,1027516,-50315,27832,2200,3549,16684,86459,56344,-4608,30928,-80822,-232356,760,19448,-80304,-3169,452,-81096,0,23932,2876,4780,9876,66277,513608
2013:Q4,1655115,-10236,761892,240686,-87828,750601,1655115,886433,-16832,212625,759448,-68808,605050,115944,32516,120452,122678,-145348,-4377,44352,2400,65108,161228,90097,163632,1655115,-401652,-542770,-10564,4228,-534,147988,1291407,1121690,206222,-27280,2896,-12541,-6508,189750,56344,40316,108580,-236216,21635,-600,-9912,-170752,5773,-7276,-157216,0,357488,-2828,-281966,13640,80168,765360
2014:Q1,910307,38306,814732,-101650,-58332,217251,910307,1118844,-4524,361244,812796,-50672,-278717,-52784,-2948,-188440,88726,-168211,-81773,88660,1600,41308,4904,-9759,70180,910307,-393822,-464852,30762,-936,-456,41660,778633,841308,182300,-27800,1148,-14136,16380,72415,95484,-9032,18884,-334760,-83143,1500,43580,-21768,328,11048,-53064,0,29656,-17632,924,-21072,46085,525496
2014:Q2,1262860,70458,442348,138627,-34412,645839,1262860,831372,-2324,408596,442476,-17376,16920,-38588,5204,81431,57068,-58959,21154,-25188,4396,-37384,4616,3170,414568,1262860,-458175,-285770,-33987,-616,-398,-137404,1232403,545318,190039,-28572,-5904,-15044,1412,119185,95492,-3164,155172,-165385,297669,-220,49228,-38320,800,-1892,29384,0,47532,-11336,-81446,24036,28419,488632
2014:Q3,1438391,-67654,806248,210404,-69284,558677,1438391,967200,-11160,233256,805536,-60432,362647,-6180,-6988,146866,64250,45507,16514,3920,3012,42084,-38832,92494,108544,1438391,-59747,143508,-11959,1884,-384,-192796,873042,318616,258389,-31528,-756,10580,38700,77214,95492,-932,47944,63884,99517,624,25504,-11724,11568,-6456,-15680,0,11076,-4616,-174018,21960,37684,625096
2014:Q4,1370655,-126094,523340,353252,40584,579573,1370655,953044,-7744,402864,525408,32516,362635,8228,-30536,261259,89925,59055,52032,3000,2808,-88,-11512,-71536,54976,1370655,274370,50117,119403,-2020,106,106764,624433,186818,228618,-33580,-1212,-41988,-5268,22411,95484,4928,-47340,8860,256749,584,87876,-11564,8628,15520,40192,0,110404,-12252,-135324,-35556,-118555,471852
2015:Q1,750385,-59041,279608,32394,92408,405016,750385,778802,-1712,431394,278636,70484,-73613,-15848,10980,17510,15856,75977,12282,-26800,3080,-65864,-31812,-68974,45196,750385,57551,-42707,-47736,2408,66,145520,418526,-49086,280079,-29320,-536,-3172,34072,63434,-11952,1184,-69880,-109219,261820,1976,76432,-28056,2424,-23852,-24688,0,37608,260,32805,-26144,2337,274308
2015:Q2,2022678,49771,958288,119382,26076,869161,2022678,1611470,-13292,646106,960364,18292,364428,116804,28472,-10000,127306,-23650,-82484,-44456,-732,113528,22576,117064,46780,2022678,-166884,-181933,-6111,11080,112,9968,892934,-13772,202414,-376,2720,-4639,31428,96153,-11960,-3348,105944,218686,397106,916,7796,-61660,3852,22948,-59596,0,-4908,16268,-31387,11432,-33083,1296628
2015:Q3,876262,67167,498972,329938,37568,-57383,876262,986662,-9872,468922,496752,30860,190572,78892,-42884,154211,177947,-147786,16347,-50700,400,-1628,-113620,119393,-300972,876262,1289267,1352447,18970,1864,106,-84120,53935,21622,19661,27076,-84,-25579,16000,144477,-11960,-1012,-81276,-106237,-138859,656,85372,-27264,-1188,-3296,-36952,0,17072,2448,50587,16352,86319,-466940
2015:Q4,1294352,-13469,1015700,400763,-44580,-64062,1294352,1211582,-5604,235018,1017536,-35368,211166,-3436,35356,212244,186683,-40669,-10285,-31964,-1116,-16360,-62444,-56843,-128396,1294352,152287,-84616,49345,8576,126,178856,620057,-118,224182,26680,2348,35315,7960,109996,-11956,15760,52620,222296,87550,-1172,49948,21684,-536,12864,-37112,0,-496,-3148,-187105,-18732,11229,522008
2016:Q1,1580372,213105,747912,236478,66188,316689,1580372,1402892,3972,605768,747452,45700,376636,17460,34588,98451,138487,-73602,-55201,52524,-3208,-47336,138132,76341,-199156,1580372,298415,300387,36878,-3824,62,-35088,1124977,-7926,118265,53896,-1780,-36601,42788,196938,50004,-40,-14348,417939,33763,1376,125980,-20124,-4024,-2988,-23016,0,-38752,13092,63925,-15924,172534,156980
2016:Q2,1351078,-80607,663088,467946,115596,185055,1351078,1126620,-296,381524,663556,81836,285062,27452,-1792,301904,165574,-146464,-91836,-15228,-856,-33816,91668,-11544,-60604,1351078,68918,145171,-16961,-3528,56,-55820,960608,-68320,234300,71868,2016,-21008,21440,175207,50008,-5816,-32444,109193,344994,344,36640,43348,-9176,44996,-65116,0,1440,-13008,27992,4616,7094,321552
2016:Q3,1549064,-447507,800740,358281,56232,781318,1549064,1044024,-9148,218688,799968,34516,481348,-175888,-30416,223265,135788,-143585,-73183,-12296,1424,58520,545060,-47341,23692,1549064,76813,-147834,64979,4392,8,155268,1088031,-53748,431171,-51768,-1024,212,102968,156179,50004,4956,25972,-422397,504467,3704,89556,-9276,-15128,13424,-3128,0,61884,6300,67220,-3660,130143,384220
2016:Q4,953696,88517,633164,343622,-10868,-100739,953696,710908,-6624,99188,633548,-15204,-21636,-103280,10848,153063,190175,-110554,-48316,-38220,732,14008,-80844,-9248,264424,953696,-429781,-468943,-99932,14312,102,124680,879881,-12978,333425,-53556,6436,51649,14304,68963,50004,-12,45340,341322,124668,-2336,52088,-23504,-5288,-15644,-16220,0,-27956,21408,-162467,26120,64115,503596
2017:Q1,962631,33905,-70928,384085,-59644,675213,962631,390900,-708,528272,-71852,-64812,233083,-3844,-16980,183883,201126,-131602,-100409,-31848,976,2308,122464,7009,338648,962631,-202825,-334462,6623,6740,18,118256,836988,88830,266424,-42604,3356,6615,-15888,130133,145716,940,40636,-345022,349654,2492,134528,-23940,-18236,-12952,31604,0,-68732,-4544,209131,8152,-49305,328468
2017:Q2,1997198,-52823,964168,264099,25932,795822,1997198,1345636,12468,381920,964820,-13572,445166,-948,2340,76092,187355,-29869,-49952,-25188,948,144404,194912,-54928,206396,1997198,355762,284680,60386,5032,108,5556,622104,-26260,-52182,6248,228,-13400,26712,50139,145716,-5148,21940,-47664,425341,1468,132184,-40624,-15352,-12268,12720,0,22184,-16412,60268,67132,-120866,1019332
2017:Q3,1786470,312665,576408,379388,-34508,552517,1786470,930292,-14196,379744,576316,-11572,633522,149732,35408,189522,189958,-26466,29802,-13136,3148,38812,56736,-19994,222656,1786470,-362354,-368170,-82254,7340,22,80708,1226708,-25386,143727,-30364,-2940,-13785,33492,110224,145712,2264,38248,142285,577344,-180,127888,-66012,-2364,-14972,106852,0,-26364,-2300,-63480,-52964,99783,922116
2017:Q4,1754624,30509,747820,358571,158132,459592,1754624,1078132,7404,223384,747928,99416,21772,-279924,-47316,162899,195564,-27579,-84241,-540,876,40584,-30396,91845,654720,1754624,424060,73600,138502,8320,-58,203696,990584,-80646,28014,175960,5708,-714,87788,59780,145716,2656,64788,88693,351845,1120,77688,-25592,3264,-2308,61904,0,54436,14044,-127687,33892,-29765,339980
2018:Q1,2320234,160960,1553596,183309,-84068,506437,2320234,1830878,6664,352246,1554664,-82696,120880,73084,18816,18378,163863,-70213,-466,14524,2132,-40296,-54236,-4706,368476,2320234,-37336,-43494,13574,6312,68,-13796,1850134,-176032,20575,-11320,5956,-2982,2788,136925,82344,-1172,165344,627295,602809,-152,68696,28484,5364,3896,-4488,0,119008,5212,49166,50124,72294,507436
2018:Q2,1405285,27492,1005728,235334,9324,127407,1405285,1059134,-1220,51650,1001124,7580,149563,-94712,-27984,80584,159354,33685,79133,-19708,620,-32968,-51112,22671,196588,1405285,656061,455948,3875,1976,-202,194464,628468,-346066,82762,43904,2756,1066,22788,88758,82344,-4000,-75848,-10815,387204,9168,142368,26256,4152,-5804,-6124,0,75312,-916,124941,20792,-36530,120756
2018:Q3,1762620,67384,928288,270952,-8752,504748,1762620,1192398,-10748,266458,925532,11156,389058,-516,-30356,113721,159987,11262,103085,11792,628,34184,-3540,-11189,181164,1762620,1233298,1107218,-11040,4508,136,132476,80798,-436472,23276,-14120,10928,-10212,72156,101250,82348,600,-6116,-106038,207067,-1112,83404,-7312,15876,5592,83264,0,-166112,-7172,24346,45160,80197,448524
2018:Q4,1282034,-135684,1038896,292177,-78860,165505,1282034,958946,-668,3882,1039368,-83636,301636,-117928,-11096,111649,180056,25191,-5531,48080,-1720,32420,9916,30599,21452,1282034,1550974,1594621,82719,-5060,18,-121324,240036,-559210,287815,86948,660,-2804,76960,47519,82344,-2088,100868,281206,-575860,1212,111796,-31424,7140,-21724,37652,0,10140,-21568,384811,8508,-70865,-508976
2019:Q1,1550240,123356,936548,291414,-54408,253330,1550240,1350215,-4836,486851,933592,-65392,426781,-21472,-5764,180561,113809,59603,-73281,30128,-1992,-8464,144856,8797,-226756,1550240,223355,76336,77723,-4936,76,74156,644513,-382216,188530,-55732,3968,-3592,48052,154969,47472,3912,-35600,639782,2064,5108,133424,30268,15512,-13864,101672,0,-105260,-2740,17942,5736,-154894,682372
2019:Q2,1949726,5244,907480,353318,-43688,727372,1949726,1154019,2376,298707,906664,-53728,595191,25172,16252,248468,105666,9085,-64116,32168,4960,95856,121520,160,200516,1949726,1042970,1013902,5694,-7276,102,30548,537668,-518798,219198,15864,30144,-7797,11856,161976,47476,-2200,18944,-857,330970,1544,148484,49080,8916,-11036,61492,0,120040,14100,27773,28620,-218121,369088
2019:Q3,2405084,59944,1382008,348720,45300,569112,2405084,1854175,-1180,448619,1379840,26896,604433,104164,58456,252057,98831,146293,29341,23312,2112,-90076,10196,-30253,-53524,2405084,-165810,-94060,109428,-5216,130,-176092,1776298,-264406,426152,12880,7464,5464,28196,179258,47476,3988,-221592,814126,508870,6440,138072,83932,10256,10440,10116,0,131452,-4516,-5739,64740,-216771,794596
2019:Q4,1412590,8564,1024728,274172,123704,-18578,1412590,1175659,-2248,52551,1023752,101604,250419,51172,15024,138378,136770,45771,-67096,61056,2300,-37392,-93888,-1676,-13488,1412590,-356144,-396657,84563,4704,18,-48772,1434810,615806,72976,-93500,11144,28061,30664,11745,47472,5328,-123148,179380,590840,-96,150448,48064,15760,12504,14172,0,-56140,1968,-192280,17472,46170,333924
2020:Q1,4375762,-132464,1708828,1505534,42024,1251840,4375762,2504724,-10724,772380,1708720,34348,2611970,91988,67736,1388303,117339,310396,100775,-66128,9480,331692,331644,-71255,-740932,4375762,-139593,5856,150989,-21788,98,-274748,5557375,4281634,563963,104456,-3484,12030,58784,235232,77672,-11796,25884,1822833,-1151543,3552,44232,-8124,-4036,7428,-597236,0,148,-1144,249140,-39900,-112350,-1042020
2020:Q2,13384316,-367080,11666976,-222479,105516,2201383,13384316,13434688,-8988,1663128,11666316,114232,-387276,72196,-51624,-177401,-44418,-82205,-46914,34948,-444,-308724,248644,-31334,336904,13384316,-1063035,-1553161,51194,4000,112,434820,13266963,6046444,1163769,-74584,16092,132181,78272,102344,77672,3524,-16224,4538482,596314,-684,312056,251224,-5828,16364,-21232,0,13872,16628,25592,8912,-14227,1180388
2020:Q3,2549263,-13580,1744108,532828,193932,91975,2549263,2161680,-5212,244968,1740636,181288,338515,151752,-32920,505599,30701,-16133,-119274,23240,8268,-57152,-135276,-20290,49068,2549263,-1019150,-1132888,-50814,4276,104,160172,3388177,1304380,1190377,-55052,2996,114599,118864,284112,77672,7584,142064,-1271960,1172614,-216,216896,57908,-4148,5884,-16296,0,35172,5116,-225568,-32204,257383,180236
2020:Q4,3986348,279724,2149088,812933,36352,708251,3986348,2394968,-11768,197952,2149312,59472,1080524,119912,-6468,827199,-14490,-8333,-15275,3192,13784,73792,74524,12687,510856,3986348,558174,297597,-2881,7064,-10,256404,2767702,1235726,1081243,-25372,8960,92922,-62008,143648,77676,9644,194256,-717597,703259,1000,207104,-114292,3136,9204,11828,0,-260760,380,-55364,28464,194645,660472
2021:Q1,3427509,104138,1376888,698124,123268,1125091,3427509,1846313,3640,358473,1375368,108832,669184,-72524,3052,665939,33705,35784,-77523,-1876,16144,49828,-150840,167495,912012,3427509,-2927524,-3240778,-65738,6936,108,371948,5200861,1610480,1841505,-12312,16932,168081,90152,171964,189716,-168,181480,278990,1162617,10424,180108,-113048,-6976,1336,-36112,0,-94044,9488,-404616,115096,-160232,1154172
2021:Q2,3599883,18050,2064436,600926,122648,793823,3599883,2519237,964,348989,2064432,104852,815082,-199336,-29392,483472,117458,96224,11947,51588,15312,32676,330368,-95235,265564,3599883,765272,-431701,124713,-3216,80,1075396,2364787,1486664,966402,-42360,-7928,103975,121136,-68928,189716,-6016,237116,-1212221,293924,8040,248436,-102596,-4576,24708,-46244,0,36584,-12996,49160,-13672,116463,469824
2021:Q3,2469238,183030,423864,564990,116844,1180510,2469238,960633,-3624,443577,422564,98116,738557,-130580,-25004,514793,51497,224055,-15216,12452,20544,40504,-28428,73940,770048,2469238,914939,553844,43619,-964,-392,318832,1263587,1706696,1021124,10112,20516,54480,41756,302764,189716,-6940,-23684,-2811664,622152,10372,176756,-33788,5236,1232,-85468,0,-32844,-240,-15404,-16244,126951,290712
2021:Q4,3252299,-196122,2580328,585921,-25976,308148,3252299,2537545,-2060,-18611,2581472,-23256,732598,-97984,5328,493493,91284,304533,-164111,31040,20428,12300,108980,-72693,-17844,3252299,-1327308,-1614148,48710,6560,26,231544,3805311,1344318,1171861,-5472,2016,81069,35232,280900,189720,5000,189232,-80778,266567,7984,205412,-35348,12480,45440,16232,0,-51020,4744,226964,32424,-139666,774296
2022:Q1,4691028,46787,2540848,1039324,-42756,1106825,4691028,2688225,8340,214573,2539288,-73976,1626523,146312,94264,888305,152579,162091,-67121,23852,16112,172492,-55440,93077,376280,4691028,653489,350134,-86053,28380,32,360996,2669935,782288,818485,59052,13124,118750,32580,292372,-50120,-1228,130204,-264805,290160,-100,109952,93540,10508,-14284,-8696,30612,93688,30576,72324,46592,-15639,1367604
2022:Q2,2012328,180359,681388,949763,58596,142222,2012328,723981,-9876,-7139,682684,58312,1076443,169764,75448,747471,200996,101708,-40891,14680,-2768,-46368,-57784,-85813,211904,2012328,2190793,1340253,126818,23124,138,700460,-464865,-149898,-249428,122200,22100,50406,82596,160116,-50116,-12680,20448,-678194,-655700,580,214740,-59468,4848,-14396,-23476,9204,99072,62000,118188,97588,364405,286400
2022:Q3,2577093,233159,1274420,1049364,-27680,47830,2577093,1439733,-2948,183093,1272944,-13356,823264,23840,5916,841566,209274,104120,-72157,-15124,4076,-102596,-176092,441,314096,2577093,1948483,1725522,-132283,26308,-56,328992,-451294,-523096,-587340,97872,22916,-4388,105692,283764,-50120,-2356,17660,-655171,-27160,-2096,212288,37024,2468,244,58604,5488,32380,54872,320240,73620,75301,1079904
2022:Q4,1779344,147419,653108,879125,-183204,282896,1779344,479361,1200,-10815,654896,-165920,1515999,199356,36200,695682,181655,-19562,88406,27472,604,50020,276624,-20458,-216016,1779344,3838594,3681091,69903,8328,-16,79288,-2206398,-812756,-459468,-45512,-16316,-47952,100768,-25248,-50116,3936,-60928,-589130,-390892,-1016,287924,-15376,396,11440,-31588,-6096,-78292,15636,28092,16512,-40416,147148
2023:Q1,3693140,-322599,1546932,1571073,48932,848802,3693140,2152181,1156,564005,1546708,40312,1517035,-189076,-6052,1431626,139671,104226,24609,-6940,-5424,-27156,24652,26899,23924,3693140,2132513,1971764,29273,-10140,-44,141660,247615,-1101988,-552280,-100064,-8420,-54741,74892,199168,91636,1468,69120,686274,91504,1232,200036,25124,-216,-50204,77940,2728,210012,-2888,633024,-71528,-174214,1313012
2023:Q2,2777817,63769,2608928,-402632,110336,397416,2777817,2878177,8832,176297,2601920,91128,-289388,114804,41448,-588841,193217,-12052,136649,-18912,2488,-72468,-26904,-58817,189028,2777817,555367,305739,50292,5276,4,194056,601634,-953040,-474488,52912,1084,-19859,45844,81888,91636,6596,-11172,1236161,402432,28,199804,68064,-7620,-8484,10020,5428,-134232,18240,52832,1580,-64020,1620816
2023:Q3,3472005,271669,3236728,-64050,-2036,29694,3472005,3383673,308,141973,3243032,-1640,75196,58136,20380,-292897,222543,35870,54836,-12048,4508,39356,-207664,152176,13136,3472005,859896,604996,163976,12412,24,78488,1589201,-880796,-448076,-18420,83216,-25048,213800,72244,91636,-2308,72368,1743451,249824,-1352,156892,55764,-5040,-6540,47380,6884,25780,14360,200020,55440,-112278,1022908
2023:Q4,3021421,50565,2133780,85285,-59032,810823,3021421,2204705,-976,105049,2136220,-35588,660932,1172,101496,-92696,175541,1595,156682,35900,9284,60856,288252,-77150,155784,3021421,776305,1032072,-192513,-19312,-26,-43916,1198224,-892994,-81948,-81156,1752,-61992,16816,-30740,91636,4108,40300,1905546,-179500,-3640,257360,75136,-7040,-38028,-40340,208,23032,37184,4316,-5028,163236,1046892
2024:Q1,3407678,40611,2140536,100776,141660,984095,3407678,2813417,10448,558933,2139612,104424,354809,-18188,24708,-59533,161233,70705,54734,-3168,24484,59088,7884,32862,239452,3407678,-444439,-810489,213536,8920,-342,143936,2609957,-883982,422772,60200,6264,-11188,226088,336688,18812,1640,174532,1250556,684488,284,201608,-23928,-8976,4408,8776,10300,-146036,-7688,378772,-37592,-56841,1242160
2024:Q2,2214225,-52549,1020548,206700,244032,795494,2214225,1535313,15164,299021,1021640,199488,237344,-20812,23124,22635,182973,13500,112663,-19820,15688,32456,-92336,-32727,441568,2214225,734198,483608,63508,4544,86,182452,831779,-879394,-194212,36760,12364,-1392,408768,239484,18812,-3636,242252,-17281,207112,-812,269752,51944,-9312,33476,21420,7628,191732,16336,93832,13768,72378,648248
2024:Q3,4624390,83095,2523920,401289,167208,1448878,4624390,3011897,7124,341485,2524092,139196,1531565,57704,37504,223762,177355,347636,94867,9320,15692,272372,220456,74897,80928,4624390,1339565,1021089,262436,-11644,32,67652,1765217,-599528,248940,-28280,-11800,-23300,338112,227744,18808,7156,114800,891390,265856,-1112,391868,57588,-3824,-62016,51776,-3192,-132732,-41276,108960,-9552,-41169,1519608
2024:Q4,2230979,-103961,1966600,485642,-66792,-50510,2230979,1864453,2268,-60911,1967372,-44276,257110,-148880,13888,310807,174063,138340,-2724,20860,20500,452,-192760,-77436,109416,2230979,-383116,-519940,45572,18088,16,73148,1874019,-515420,-81968,47348,19132,3208,-172664,108032,18812,2312,51604,1521851,285876,-3660,315828,160360,1320,-6188,-11432,5460,6840,-10076,125460,19084,-17100,740076
2025:Q1,3168420,314181,1056232,188491,186256,1423260,3168420,1846589,8236,636493,1057188,144672,936811,69200,-46128,35624,151911,208952,33840,3804,11960,123700,259544,84404,385020,3168420,282900,227738,53728,-3144,6,4572,1336792,-492206,400368,-35028,816,14204,106392,187132,47644,2508,35884,-359119,309000,-464,408308,25856,-14680,-416,56312,5496,-26844,5672,504560,10276,145121,1548728
2025:Q2,2607973,252533,921844,427952,352404,653240,2607973,1384049,25056,151381,923624,283988,1120560,174620,77576,225091,201081,205296,17988,8716,28188,75604,116972,-10572,103364,2607973,736881,436863,7216,5904,-3454,290352,1150640,-273206,246856,78924,2276,19976,-38836,282696,60296,1692,-166528,-214862,-7428,2196,340216,137832,-8832,-2604,28216,5328,16888,236,410952,-30580,258936,720452
2025:Q3,5080046,-46151,3988703,179547,200413,757535,5080046,4505409,13224,307704,3992415,192067,571421,-76380,63572,-13609,189444,323365,5677,30120,18032,15324,-67516,83392,3216,5080046,3554,-154804,34708,2388,-12498,133760,3967344,-293718,218168,-4200,-16216,4505,354476,266783,117164,6120,320712,2297471,460440,-568,455676,284,-5320,-2656,84832,6900,-66860,-3692,-134128,-16724,-82104,1109148
2025:Q4,2291820,75949,1753904,56823,17559,387585,2291820,1885348,19016,104025,1753212,9095,-9857,-84768,-58304,-61217,118732,149845,-95468,63872,10260,-74536,33752,-12025,416329,2291820,-696022,-732201,85989,7788,21270,-78868,2358351,-65010,-320472,58308,-11452,1019,-16320,174417,55336,9560,87800,1055631,486628,1504,538104,22880,536,9508,99188,1184,-8372,10616,168164,-20804,20398,629491
2026:Q1,4163036,-3552,2126003,387832,257979,1394775,4163036,3012473,13188,646036,2126711,226539,683855,-53852,-77356,283624,103500,145315,-19589,6748,23856,108156,212284,-48831,466708,4163036,-1162253,-1323707,40885,12036,-24,108556,4164419,450836,679249,41176,-1864,57985,232040,325000,90664,-4020,243008,-148939,784240,1712,706264,39524,-536,2160,38468,6884,186008,21824,467376,27760,-82401,1160871
2026:Q2,3981200,2505,1579436,670763,376580,1351916,3981200,2149932,23960,202808,1575956,347208,1209711,47416,-66384,467139,207104,258989,-27985,13144,23480,203404,80240,3164,621558,3981200,966127,531721,119785,6948,268,307404,2350724,193388,131357,55244,-5400,37219,20040,285481,134404,2688,-35172,438321,387080,-36,608920,155132,-1888,-5424,31492,4580,174176,16440,-92828,4088,-188579,664349
