mes,total,efectivo,vista,plazo_ajustados,nota
1947-01,109.5,26.7,82.8,33.3,
1947-02,109.7,26.7,83.0,33.5,
1947-03,110.3,26.7,83.7,33.6,
1947-04,111.1,26.6,84.5,33.7,
1947-05,111.7,26.6,85.1,33.8,
1947-06,112.1,26.6,85.5,33.9,
1947-07,112.2,26.5,85.7,34.0,
1947-08,112.6,26.5,86.1,34.4,
1947-09,113.0,26.7,86.3,34.7,efectivo: impreso 26.7 (confirmado con zoom); se transcribe tal cual
1947-10,112.9,26.5,86.4,35.0,
1947-11,113.3,26.5,86.8,35.2,
1947-12,113.1,26.4,86.7,35.4,
1948-01,113.4,26.4,87.0,35.5,
1948-02,113.2,26.3,86.8,35.7,
1948-03,112.6,26.2,86.4,35.7,
1948-04,112.3,26.1,86.3,35.7,
1948-05,112.1,26.0,86.0,35.7,
1948-06,112.0,26.0,86.0,35.8,
1948-07,112.2,26.0,86.2,35.8,
1948-08,112.3,26.0,86.2,35.9,
1948-09,112.2,26.0,86.2,35.9,
1948-10,112.1,26.0,86.1,35.9,
1948-11,111.8,26.0,85.9,36.0,
1948-12,111.5,25.8,85.8,36.0,
1949-01,111.2,25.7,85.5,36.1,
1949-02,111.2,25.7,85.5,36.1,
1949-03,111.2,27.7,85.6,36.1,efectivo: impreso 27.7 (confirmado con zoom); se transcribe tal cual
1949-04,111.3,25.7,85.6,36.2,
1949-05,111.5,25.7,85.8,36.3,
1949-06,111.3,25.6,85.7,36.4,
1949-07,111.2,25.5,85.7,36.4,
1949-08,111.0,25.5,85.6,36.4,
1949-09,110.9,25.3,85.6,36.4,
1949-10,110.9,25.3,85.6,36.4,
1949-11,111.0,25.2,85.8,36.4,
1949-12,111.2,25.1,86.0,36.4,
1950-01,111.5,25.1,86.4,36.4,
1950-02,112.1,25.1,86.9,36.6,
1950-03,112.5,25.2,87.3,36.6,
1950-04,113.2,25.3,88.0,36.7,
1950-05,113.7,25.2,88.5,36.9,
1950-06,114.1,25.1,89.0,36.9,
1950-07,114.6,25.0,89.6,36.8,
1950-08,115.0,24.9,90.1,36.7,
1950-09,115.2,24.9,90.3,36.6,
1950-10,115.7,24.9,90.8,36.5,
1950-11,115.9,24.9,90.9,36.6,
1950-12,116.2,25.0,91.2,36.7,fila cortada al pie del bloque 2; leida completa en la fila de borde del bloque 3
1951-01,116.7,25.0,91.7,36.7,
1951-02,117.1,25.1,92.0,36.6,
1951-03,117.6,25.2,92.4,36.6,
1951-04,117.8,25.2,92.6,36.7,
1951-05,118.2,25.3,92.8,36.8,
1951-06,118.6,25.4,93.2,36.9,
1951-07,119.1,25.6,93.4,37.2,
1951-08,119.6,25.7,93.8,37.4,
1951-09,120.4,25.8,94.5,37.7,
1951-10,121.0,26.0,95.1,37.8,
1951-11,122.0,26.0,96.0,38.0,
1951-12,122.7,26.1,96.5,38.2,
1952-01,123.1,26.2,96.9,38.4,
1952-02,123.6,26.3,97.3,38.7,
1952-03,123.8,26.4,97.5,38.9,
1952-04,124.1,26.4,97.6,39.1,
1952-05,124.5,26.5,98.0,39.3,
1952-06,125.0,26.7,98.4,39.5,
1952-07,125.3,26.7,98.6,39.7,
1952-08,125.7,26.8,98.9,40.0,
1952-09,126.4,26.9,99.4,40.3,
1952-10,126.7,27.0,99.7,40.5,
1952-11,127.1,27.2,99.9,40.9,
1952-12,127.4,27.3,100.1,41.1,
1953-01,127.3,27.4,99.9,41.4,
1953-02,127.4,27.5,99.9,41.6,
1953-03,128.0,27.6,100.4,41.9,
1953-04,128.3,27.7,100.7,42.1,
1953-05,128.5,27.7,100.7,42.4,
1953-06,128.5,27.7,100.7,42.6,
1953-07,128.6,27.8,100.8,42.9,
1953-08,128.7,27.8,100.9,43.2,
1953-09,128.6,27.8,100.8,43.5,
1953-10,128.7,27.8,100.9,43.9,
1953-11,128.7,27.8,100.9,44.2,
1953-12,128.8,27.7,101.1,44.5,
1954-01,129.0,27.7,101.3,44.8,
1954-02,129.1,27.7,101.5,45.2,
1954-03,129.2,27.6,101.6,45.6,
1954-04,128.6,27.6,101.0,46.1,
1954-05,129.7,27.6,102.1,46.5,
1954-06,129.9,27.5,102.3,46.8,
1954-07,130.3,27.5,102.8,47.3,
1954-08,130.7,27.5,103.2,47.8,
1954-09,130.9,27.4,103.5,47.9,
1954-10,131.5,27.4,104.1,48.1,
1954-11,132.1,27.4,104.7,48.2,
1954-12,132.3,27.4,104.9,48.3,
1955-01,133.0,27.4,105.6,48.5,
1955-02,133.9,27.5,106.4,48.7,
1955-03,133.6,27.5,106.0,48.8,
1955-04,133.9,27.5,106.3,49.0,
1955-05,134.6,27.6,107.0,49.0,
1955-06,134.4,27.6,106.8,49.2,
1955-07,134.8,27.7,107.2,49.3,
1955-08,134.8,27.7,107.0,49.3,
1955-09,135.0,27.7,107.3,49.6,
1955-10,135.2,27.8,107.4,49.7,
1955-11,134.9,27.8,107.1,49.9,
1955-12,135.2,27.8,107.4,50.0,
1956-01,135.5,27.9,107.7,49.9,
1956-02,135.5,27.9,107.7,49.9,
1956-03,135.7,27.9,107.8,50.1,
1956-04,136.0,27.9,108.1,50.3,
1956-05,135.8,27.9,107.9,50.4,
1956-06,136.0,27.9,108.1,50.7,
1956-07,136.0,28.0,108.0,50.9,
1956-08,135.7,28.0,107.8,51.2,
1956-09,136.2,28.0,108.2,51.5,
1956-10,136.3,28.0,108.2,51.6,
1956-11,136.6,28.1,108.4,51.8,
1956-12,136.9,28.2,108.7,51.9,fila cortada al pie del bloque 2; leida completa en la fila de borde del bloque 3
1957-01,136.9,28.2,108.6,52.6,
1957-02,136.8,28.2,108.6,53.1,
1957-03,136.9,28.2,108.7,53.7,
1957-04,136.9,28.2,108.7,54.0,
1957-05,137.0,28.2,108.8,54.5,
1957-06,136.9,28.3,108.6,54.8,
1957-07,137.0,28.3,108.7,55.3,
1957-08,137.1,28.3,108.8,55.7,
1957-09,136.8,28.3,108.4,56.1,
1957-10,136.5,28.3,108.2,56.6,
1957-11,136.3,28.3,108.0,57.0,
1957-12,135.9,28.3,107.6,57.4,
1958-01,135.5,28.3,107.2,57.6,
1958-02,136.2,28.2,107.9,59.2,
1958-03,136.5,28.2,108.3,60.5,
1958-04,137.0,28.2,108.7,61.5,
1958-05,137.5,28.3,109.2,62.3,
1958-06,138.4,28.3,110.1,63.2,
1958-07,138.4,28.4,110.0,64.0,
1958-08,139.1,28.4,110.7,64.6,
1958-09,139.5,28.5,111.1,64.8,
1958-10,140.1,28.5,111.6,64.9,
1958-11,140.9,28.5,112.4,65.2,
1958-12,141.1,28.6,112.6,65.4,
