fecha,total_depositos_y_efectivo,total_vista_y_efectivo,total_depositos,vista_ajustados,gobierno,plazo_total,plazo_comerciales,plazo_cajas,plazo_postal,efectivo,nota
1892-06-30,5838,3895,4823,2880,14,1929,470,1459,,1015,
1893-06-30,5868,3847,4787,2766,14,2007,456,1551,,1081,
1894-06-30,5787,3779,4815,2807,14,1994,456,1538,,972,
1895-06-30,6032,3931,5061,2960,13,2088,491,1597,,971,
1896-06-30,6048,3813,5074,2839,15,2220,532,1688,,974,
1897-06-30,6205,3884,5192,2871,16,2305,568,1737,,1013,
1898-06-30,7032,4582,5882,3432,53,2397,572,1825,,1150,
1899-06-30,8036,5343,6855,4162,76,2617,656,1961,,1181,
1900-06-30,8865,5751,7534,4420,99,3015,881,2134,,1331,
1901-06-30,10013,6599,8618,5204,99,3315,1055,2260,,1395,
1902-06-30,10839,7150,9408,5719,124,3565,1185,2380,,1431,
1903-06-30,11452,7505,9909,5962,147,3800,1288,2512,,1543,
1904-06-30,11973,7818,10411,6256,110,4045,1443,2602,,1562,
1905-06-30,13237,8698,11608,7069,75,4464,1727,2737,,1629,
1906-06-30,14121,9263,12362,7504,89,4769,1860,2909,,1759,
1907-06-30,15102,9572,13402,7872,180,5350,2295,3055,,1700,
1908-06-30,14718,9095,13007,7384,130,5493,2427,3066,,1711,
1909-06-30,15794,9459,14103,7768,70,6265,3170,3095,,1691,
1910-06-30,16977,9979,15252,8254,54,6944,3636,3308,,1725,
1911-06-30,17762,10377,16053,8668,48,7337,3928,3408,1,1709,
1912-06-30,18865,10918,17103,9156,58,7889,4313,3556,20,1762,
1913-06-30,19403,10998,17545,9140,49,8356,4606,3716,34,1858,
1914-06-30,20031,11615,18498,10082,66,8350,4441,3866,43,1533,
1915-06-23,20682,11403,19107,9828,48,9231,5264,3901,66,1575,
1916-06-30,24201,13849,22325,11973,39,10313,6088,4140,85,1876,
1917-06-20,28154,15777,25878,13501,834,11543,7038,4373,132,2276,
1918-06-29,31423,18141,28125,14843,1565,11717,7207,4362,148,3298,
1919-06-30,35605,21217,32012,17624,965,13423,8522,4734,167,3593,
1920-06-30,39859,23721,35754,19616,304,15834,10509,5168,157,4105,
1921-06-30,37791,20790,34114,17113,418,16583,10917,5518,148,3677,
1922-06-30,38998,21391,35652,18045,170,17437,11592,5709,136,3346,
1923-06-30,42746,22697,39007,18958,327,19722,13374,6217,131,3739,
1923-12-31,43503,22870,39777,19144,254,20379,13871,6378,130,3726,
1924-06-30,44510,23062,40860,19412,189,21259,14492,6635,132,3650,
1924-12-31,47082,24594,43386,20898,256,22232,15280,6820,132,3696,
1925-06-30,48323,24949,44750,21376,180,23194,15974,7089,131,3573,
1925-12-31,50299,26059,46528,22288,318,23922,16570,7219,133,3771,
1926-06-30,50570,25601,46969,22000,228,24741,17125,7483,133,3601,
1926-12-31,51123,25548,47296,21721,247,25328,17508,7683,137,3827,
1927-06-30,52229,25539,48673,21983,225,26465,18306,8016,143,3556,
1927-12-31,54082,26430,50382,22730,280,27372,18962,8265,145,3700,
1928-06-30,54678,25881,51056,22259,271,28526,19802,8576,148,3622,
1928-12-31,55638,26674,52045,23081,283,28681,19761,8770,150,3593,
1929-06-29,55171,26179,51532,22540,381,28611,19557,8905,149,3639,
1929-12-31,54713,26366,51156,22809,158,28189,19192,8838,159,3557,
1930-06-30,54389,25075,51020,21706,322,28992,19705,9117,170,3369,
1930-12-31,53553,24572,49948,20967,305,28676,19012,9424,240,3605,
1931-06-30,52883,23483,49232,19832,439,28961,18691,9928,342,3651,
1931-12-31,48325,21882,43855,17412,464,25979,15366,10012,601,4470,
1932-06-30,45415,20241,40799,15625,418,24756,14049,9927,780,4616,
1932-12-31,45362,20397,40693,15728,508,24457,13631,9929,897,4669,
1933-06-30,41680,19172,36919,14411,852,21656,10849,9621,1186,4761,
1933-12-30,42548,19817,37766,15035,1016,21715,11019,9488,1208,4782,
1934-06-30,45961,21353,41302,16694,1733,22875,11988,9691,1196,4659,
1934-12-31,47985,23114,43330,18459,1715,23156,12213,9738,1205,4655,
1935-06-29,49881,25216,45098,20433,811,23854,12820,9830,1204,4783,
1935-12-31,52182,27032,47265,22115,909,24241,13170,9871,1200,4917,
1936-06-30,55052,29002,49830,23780,1142,24908,13706,9971,1231,5222,
1936-12-31,57351,30999,51835,25483,991,25361,14046,10056,1259,5516,
1937-06-30,57258,30687,51769,25198,666,25905,14513,10125,1267,5489,
1937-12-31,56639,29597,51001,23959,824,26218,14779,10170,1269,5638,
1938-06-30,56565,29730,51148,24313,599,26236,14776,10209,1251,5417,
1938-12-31,58955,31761,53180,25986,889,26305,14776,10278,1251,5775,
1939-06-30,60943,33360,54938,27355,792,26791,15097,10433,1261,6005,
1939-12-30,64099,36194,57698,29793,846,27059,15258,10523,1278,6401,
1940-06-29,66952,38661,60253,31962,828,27463,15540,10631,1292,6699,
1940-12-31,70761,42270,63436,34945,753,27738,15777,10658,1303,7325,
1941-06-30,74153,45521,65949,37317,753,27879,15928,10648,1303,8204,plazo_comerciales:5;plazo_cajas:5
1941-12-31,78231,48607,68616,38992,1895,27729,15884,10532,1313,9615,plazo_comerciales:5;plazo_cajas:5
