fecha,money_stock_total,efectivo,vista_ajustados,plazo_total,plazo_comerciales,plazo_cajas,plazo_postal,gobierno,nota
1941-06-30,45521,8204,37317,27879,15928,10648,1303,753,
1941-12-31,48607,9615,38992,27729,15884,10532,1313,1895,
1942-06-30,52806,10936,41870,27320,15610,10395,1315,1837,
1942-12-31,62868,13946,48922,28431,16352,10664,1415,8402,
1943-06-30,71853,15814,56039,30260,17543,11141,1576,8048,
1943-12-31,79640,18837,60803,32748,19224,11738,1786,10424,
1944-06-30,80946,20881,60065,35720,21217,12471,2032,19506,
1944-12-30,90435,23505,66930,39790,24074,13376,2340,20763,
1945-06-30,94150,25097,69053,44253,27170,14426,2657,24381,
1945-12-31,102341,26490,75851,48452,30135,15385,2932,24608,
1946-06-29,105992,26516,79476,51829,32429,16281,3119,13416,
1946-12-31,110044,26730,83314,53960,33808,16869,3283,3103,
