mes,total,efectivo,vista,plazo_ajustados,gobierno_vista,nota
1947-01,111.9,26.7,85.2,33.2,2.6,
1947-02,109.8,26.5,83.3,33.4,3.3,
1947-03,109.4,26.5,82.9,33.7,3.6,
1947-04,109.1,26.4,82.7,33.8,2.9,
1947-05,109.8,26.4,83.4,33.9,2.3,
1947-06,110.9,26.4,84.5,34.0,1.0,
1947-07,111.4,26.4,84.9,34.2,1.0,
1947-08,111.9,26.4,85.5,34.4,1.4,
1947-09,113.3,26.8,86.5,34.7,1.6,
1947-10,113.6,26.7,86.9,35.0,2.2,
1947-11,114.5,26.7,87.8,35.1,1.6,
1947-12,115.9,26.8,89.1,35.1,1.0,
1948-01,115.9,26.4,89.5,35.5,0.9,gobierno_vista impreso como ".9"
1948-02,113.4,26.2,87.2,35.6,1.7,
1948-03,111.8,26.1,85.7,35.8,2.1,
1948-04,110.4,25.9,84.5,35.8,2.3,
1948-05,110.2,25.8,84.4,35.8,2.7,
1948-06,110.8,25.9,85.0,35.9,2.2,
1948-07,111.3,26.0,85.3,36.0,2.0,
1948-08,111.6,26.0,85.6,35.9,2.5,
1948-09,112.4,26.1,86.2,35.9,2.4,
1948-10,112.8,26.2,86.6,36.0,2.3,
1948-11,112.9,26.2,86.8,35.9,2.4,
1948-12,114.3,26.2,88.1,35.7,1.8,
1949-01,113.7,25.7,88.0,36.0,1.6,
1949-02,111.5,25.5,85.9,36.1,2.7,
1949-03,110.5,25.5,84.9,36.2,3.0,
1949-04,109.5,25.5,84.0,36.3,2.6,
1949-05,109.7,25.5,84.2,36.4,1.9,
1949-06,110.2,25.4,84.8,36.5,1.5,
1949-07,110.2,25.5,84.7,36.5,1.4,
1949-08,110.3,25.4,84.9,36.5,2.8,
1949-09,110.9,25.4,85.5,36.4,3.2,
1949-10,111.5,25.5,86.0,36.4,3.4,
1949-11,112.0,25.4,86.6,36.3,3.5,
1949-12,113.9,25.5,88.4,36.1,2.8,fila cortada en el borde inferior de izq_bloque1; leida completa en el borde superior de izq_bloque2
1950-01,114.0,25.1,88.9,36.4,2.8,
1950-02,112.4,25.0,87.4,36.5,3.7,
1950-03,111.8,25.1,86.8,36.7,3.5,
1950-04,111.5,25.1,86.4,36.8,3.3,
1950-05,111.9,25.0,86.9,36.9,3.0,
1950-06,112.9,24.9,88.0,37.0,3.0,
1950-07,113.5,25.0,88.5,36.9,3.4,
1950-08,114.2,24.9,89.3,35.7,3.4,plazo_ajustados impreso 35.7 (zoom lo confirma); se transcribe tal cual aunque rompa la secuencia
1950-09,115.1,25.0,90.1,36.6,3.4,
1950-10,116.3,25.1,91.2,36.6,2.8,
1950-11,117.0,25.2,91.8,36.5,3.0,
1950-12,119.2,25.4,93.4,36.4,2.4,
1951-01,119.5,25.0,94.5,36.7,2.1,
1951-02,117.5,25.0,92.5,36.6,3.3,
1951-03,117.4,25.0,92.3,36.7,4.5,
1951-04,116.0,25.0,91.0,36.7,6.1,
1951-05,116.4,25.1,91.2,36.7,5.1,
1951-06,117.6,25.3,92.4,36.9,4.6,
1951-07,117.5,25.6,91.9,37.3,4.8,
1951-08,118.4,25.7,92.7,37.5,4.2,
1951-09,120.0,25.9,94.1,37.7,3.6,
1951-10,121.4,26.1,95.2,37.9,3.9,
1951-11,123.2,26.3,97.0,38.0,3.1,
1951-12,125.8,26.6,99.2,38.0,2.7,
1952-01,126.2,26.2,100.0,38.4,2.2,
1952-02,124.2,26.1,98.0,38.6,3.3,
1952-03,123.6,26.2,97.4,38.9,3.9,
1952-04,122.3,26.2,96.1,39.1,4.5,
1952-05,122.7,26.3,96.4,38.3,4.3,plazo_ajustados impreso 38.3 (zoom lo confirma); se transcribe tal cual aunque rompa la secuencia
1952-06,124.2,26.5,97.7,39.6,4.3,
1952-07,123.6,26.7,96.9,39.9,7.6,
1952-08,124.2,26.8,97.4,40.1,6.3,
1952-09,125.8,27.0,98.9,40.3,5.2,
1952-10,126.9,27.2,99.7,40.6,5.4,
1952-11,128.3,27.5,100.9,40.8,5.2,
1952-12,130.8,27.8,103.0,40.9,4.9,
1953-01,130.5,27.4,103.1,41.4,3.7,
1953-02,128.1,27.3,100.8,41.6,4.6,
1953-03,127.7,27.4,100.3,41.9,4.4,
1953-04,126.7,27.4,99.3,42.1,3.7,
1953-05,126.7,27.5,99.2,42.3,2.8,
1953-06,127.6,27.6,100.1,42.7,2.6,
1953-07,127.0,27.8,99.2,43.0,5.2,
1953-08,127.0,27.8,99.2,43.2,6.8,
1953-09,127.9,27.9,100.0,43.5,5.6,
1953-10,128.8,27.9,100.9,44.0,4.2,
1953-11,129.9,28.0,101.8,44.1,4.9,
1953-12,132.1,28.2,103.9,44.2,3.8,
1954-01,132.3,27.7,104.6,44.8,3.0,
1954-02,129.8,27.5,102.3,45.2,3.7,
1954-03,128.9,27.4,101.4,45.6,4.0,
1954-04,127.2,27.4,99.8,46.0,4.0,
1954-05,128.1,27.4,100.7,46.4,3.9,
1954-06,129.0,27.4,101.6,46.9,3.9,
1954-07,128.8,27.5,101.3,37.5,4.2,plazo_ajustados impreso 37.5 (zoom lo confirma); se transcribe tal cual aunque rompa la secuencia
1954-08,129.0,27.4,101.5,47.9,4.9,
1954-09,130.1,27.5,102.6,48.0,4.0,
1954-10,131.5,27.6,103.9,48.2,6.1,
1954-11,133.1,27.7,105.4,48.1,6.2,
1954-12,135.6,27.9,107.7,48.0,5.0,
1955-01,136.4,27.4,109.0,48.5,3.0,
1955-02,134.5,27.2,107.3,48.6,3.7,
1955-03,133.1,27.3,105.8,48.8,3.8,
1955-04,132.8,27.3,105.5,48.9,4.9,
1955-05,132.7,27.4,105.4,49.0,4.9,
1955-06,133.5,27.5,106.1,49.2,4.0,
1955-07,133.4,27.7,105.7,49.4,4.6,
1955-08,133.0,27.7,105.3,49.5,4.9,
1955-09,134.2,27.8,106.4,49.7,3.9,
1955-10,135.1,27.9,107.2,49.9,4.5,
1955-11,135.9,28.1,107.7,49.8,4.3,
1955-12,138.6,28.4,110.2,49.6,3.4,fila cortada en el borde inferior de der_bloque1; leida completa en el borde superior de der_bloque2
1956-01,139.1,27.9,111.2,49.8,2.2,
1956-02,136.0,27.6,108.4,49.8,2.7,
1956-03,135.2,27.7,107.5,50.1,4.1,
1956-04,135.1,27.7,107.5,50.3,4.1,
1956-05,134.0,27.7,106.3,50.4,5.1,
1956-06,135.1,27.8,107.3,50.8,4.2,
1956-07,134.5,28.1,106.5,51.2,3.9,
1956-08,134.0,28.0,106.0,51.4,4.4,
1956-09,135.4,28.1,107.3,51.6,4.4,
1956-10,136.2,28.2,108.0,51.8,3.9,
1956-11,137.5,28.4,109.1,51.5,4.2,
1956-12,140.3,28.8,111.5,51.4,3.4,
1957-01,140.3,28.2,112.1,52.3,2.0,
1957-02,137.3,27.9,109.3,52.9,1.9,
1957-03,136.1,27.9,108.2,53.7,3.0,
1957-04,136.1,28.0,108.1,54.2,4.4,
1957-05,135.2,28.0,107.2,54.6,4.1,
1957-06,135.9,28.2,107.7,55.2,4.0,
1957-07,135.6,28.4,107.2,55.6,4.9,
1957-08,135.6,28.3,107.2,55.9,3.1,
1957-09,136.1,28.4,107.7,56.3,3.5,
1957-10,136.4,28.4,107.9,56.7,4.2,
1957-11,137.2,28.6,108.6,56.5,3.0,
1957-12,139.3,28.9,110.4,56.7,3.5,
1958-01,138.8,28.2,110.6,57.2,2.3,
1958-02,136.4,27.9,108.5,59.1,2.5,
1958-03,135.4,27.9,107.4,60.5,4.3,
1958-04,136.4,28.0,108.4,61.7,4.2,
1958-05,135.7,28.1,107.6,62.6,5.5,
1958-06,137.4,28.3,109.1,63.5,6.0,
1958-07,137.0,28.5,108.5,64.4,6.0,
1958-08,137.8,28.5,109.2,64.8,5.3,
1958-09,138.9,28.5,110.4,65.0,4.0,
1958-10,140.0,28.6,111.5,65.0,4.2,
1958-11,142.0,28.8,113.2,64.6,3.9,
1958-12,144.7,29.2,115.5,64.6,3.9,
